{
  "type": "FeatureCollection",
  "features": [
    {
      "type": "Feature",
      "id": "PathAnnotationObject",
      "geometry": {
        "type": "Polygon",
        "coordinates": [
          [
            [
              88,
              2
            ],
            [
              88,
              3
            ],
            [
              91,
              5
            ],
            [
              92,
              5
            ],
            [
              93,
              4
            ],
            [
              94,
              5
            ],
            [
              99,
              5
            ],
            [
              102,
              3
            ],
            [
              103,
              3
            ],
            [
              104,
              4
            ],
            [
              105,
              4
            ],
            [
              106,
              3
            ],
            [
              108,
              3
            ],
            [
              108,
              0
            ],
            [
              99,
              0
            ],
            [
              99,
              1
            ],
            [
              96,
              3
            ],
            [
              93,
              3
            ],
            [
              91,
              1
            ],
            [
              91,
              0
            ],
            [
              89,
              0
            ],
            [
              89,
              1
            ],
            [
              88,
              2
            ]
          ]
        ]
      },
      "properties": {
        "objectType": "annotation",
        "classification": {
          "name": "Neoplastic",
          "color": [
            255,
            0,
            0
          ]
        },
        "isLocked": false,
        "measurements": []
      }
    },
    {
      "type": "Feature",
      "id": "PathAnnotationObject",
      "geometry": {
        "type": "Polygon",
        "coordinates": [
          [
            [
              173,
              0
            ],
            [
              173,
              7
            ],
            [
              175,
              9
            ],
            [
              175,
              10
            ],
            [
              178,
              10
            ],
            [
              179,
              9
            ],
            [
              180,
              9
            ],
            [
              183,
              7
            ],
            [
              183,
              0
            ],
            [
              173,
              0
            ]
          ]
        ]
      },
      "properties": {
        "objectType": "annotation",
        "classification": {
          "name": "Neoplastic",
          "color": [
            255,
            0,
            0
          ]
        },
        "isLocked": false,
        "measurements": []
      }
    },
    {
      "type": "Feature",
      "id": "PathAnnotationObject",
      "geometry": {
        "type": "Polygon",
        "coordinates": [
          [
            [
              184,
              0
            ],
            [
              184,
              1
            ],
            [
              185,
              2
            ],
            [
              185,
              7
            ],
            [
              188,
              9
            ],
            [
              190,
              9
            ],
            [
              191,
              10
            ],
            [
              194,
              10
            ],
            [
              194,
              8
            ],
            [
              195,
              7
            ],
            [
              195,
              3
            ],
            [
              194,
              2
            ],
            [
              194,
              1
            ],
            [
              193,
              0
            ],
            [
              184,
              0
            ]
          ]
        ]
      },
      "properties": {
        "objectType": "annotation",
        "classification": {
          "name": "Neoplastic",
          "color": [
            255,
            0,
            0
          ]
        },
        "isLocked": false,
        "measurements": []
      }
    },
    {
      "type": "Feature",
      "id": "PathAnnotationObject",
      "geometry": {
        "type": "Polygon",
        "coordinates": [
          [
            [
              34,
              0
            ],
            [
              30,
              0
            ],
            [
              25,
              5
            ],
            [
              25,
              7
            ],
            [
              26,
              8
            ],
            [
              26,
              10
            ],
            [
              28,
              10
            ],
            [
              29,
              11
            ],
            [
              30,
              11
            ],
            [
              32,
              9
            ],
            [
              32,
              8
            ],
            [
              34,
              6
            ],
            [
              34,
              0
            ]
          ]
        ]
      },
      "properties": {
        "objectType": "annotation",
        "classification": {
          "name": "Inflammatory",
          "color": [
            0,
            0,
            255
          ]
        },
        "isLocked": false,
        "measurements": []
      }
    },
    {
      "type": "Feature",
      "id": "PathAnnotationObject",
      "geometry": {
        "type": "Polygon",
        "coordinates": [
          [
            [
              155,
              0
            ],
            [
              155,
              8
            ],
            [
              156,
              8
            ],
            [
              157,
              9
            ],
            [
              157,
              10
            ],
            [
              159,
              12
            ],
            [
              160,
              11
            ],
            [
              163,
              10
            ],
            [
              166,
              7
            ],
            [
              166,
              4
            ],
            [
              164,
              2
            ],
            [
              164,
              1
            ],
            [
              163,
              1
            ],
            [
              162,
              0
            ],
            [
              155,
              0
            ]
          ]
        ]
      },
      "properties": {
        "objectType": "annotation",
        "classification": {
          "name": "Neoplastic",
          "color": [
            255,
            0,
            0
          ]
        },
        "isLocked": false,
        "measurements": []
      }
    },
    {
      "type": "Feature",
      "id": "PathAnnotationObject",
      "geometry": {
        "type": "Polygon",
        "coordinates": [
          [
            [
              253,
              0
            ],
            [
              245,
              0
            ],
            [
              245,
              2
            ],
            [
              244,
              3
            ],
            [
              242,
              3
            ],
            [
              241,
              4
            ],
            [
              240,
              4
            ],
            [
              240,
              5
            ],
            [
              239,
              6
            ],
            [
              238,
              6
            ],
            [
              237,
              11
            ],
            [
              238,
              12
            ],
            [
              239,
              15
            ],
            [
              242,
              15
            ],
            [
              243,
              14
            ],
            [
              245,
              14
            ],
            [
              249,
              10
            ],
            [
              249,
              8
            ],
            [
              248,
              7
            ],
            [
              248,
              4
            ],
            [
              249,
              3
            ],
            [
              252,
              3
            ],
            [
              253,
              0
            ]
          ]
        ]
      },
      "properties": {
        "objectType": "annotation",
        "classification": {
          "name": "Inflammatory",
          "color": [
            0,
            0,
            255
          ]
        },
        "isLocked": false,
        "measurements": []
      }
    },
    {
      "type": "Feature",
      "id": "PathAnnotationObject",
      "geometry": {
        "type": "Polygon",
        "coordinates": [
          [
            [
              145,
              3
            ],
            [
              145,
              7
            ],
            [
              147,
              9
            ],
            [
              147,
              10
            ],
            [
              148,
              11
            ],
            [
              148,
              12
            ],
            [
              147,
              13
            ],
            [
              155,
              13
            ],
            [
              156,
              12
            ],
            [
              158,
              12
            ],
            [
              156,
              10
            ],
            [
              156,
              9
            ],
            [
              155,
              9
            ],
            [
              154,
              8
            ],
            [
              154,
              4
            ],
            [
              151,
              4
            ],
            [
              150,
              3
            ],
            [
              148,
              3
            ],
            [
              147,
              2
            ],
            [
              146,
              3
            ],
            [
              145,
              3
            ]
          ]
        ]
      },
      "properties": {
        "objectType": "annotation",
        "classification": {
          "name": "Neoplastic",
          "color": [
            255,
            0,
            0
          ]
        },
        "isLocked": false,
        "measurements": []
      }
    },
    {
      "type": "Feature",
      "id": "PathAnnotationObject",
      "geometry": {
        "type": "Polygon",
        "coordinates": [
          [
            [
              16,
              4
            ],
            [
              10,
              4
            ],
            [
              8,
              6
            ],
            [
              8,
              7
            ],
            [
              6,
              9
            ],
            [
              6,
              16
            ],
            [
              7,
              17
            ],
            [
              13,
              17
            ],
            [
              13,
              16
            ],
            [
              17,
              12
            ],
            [
              17,
              5
            ],
            [
              16,
              4
            ]
          ]
        ]
      },
      "properties": {
        "objectType": "annotation",
        "classification": {
          "name": "Inflammatory",
          "color": [
            0,
            0,
            255
          ]
        },
        "isLocked": false,
        "measurements": []
      }
    },
    {
      "type": "Feature",
      "id": "PathAnnotationObject",
      "geometry": {
        "type": "Polygon",
        "coordinates": [
          [
            [
              86,
              5
            ],
            [
              85,
              6
            ],
            [
              83,
              6
            ],
            [
              81,
              8
            ],
            [
              81,
              18
            ],
            [
              82,
              19
            ],
            [
              82,
              20
            ],
            [
              85,
              20
            ],
            [
              85,
              19
            ],
            [
              88,
              16
            ],
            [
              88,
              15
            ],
            [
              89,
              14
            ],
            [
              90,
              14
            ],
            [
              90,
              13
            ],
            [
              91,
              12
            ],
            [
              91,
              9
            ],
            [
              90,
              8
            ],
            [
              89,
              8
            ],
            [
              86,
              5
            ]
          ]
        ]
      },
      "properties": {
        "objectType": "annotation",
        "classification": {
          "name": "Neoplastic",
          "color": [
            255,
            0,
            0
          ]
        },
        "isLocked": false,
        "measurements": []
      }
    },
    {
      "type": "Feature",
      "id": "PathAnnotationObject",
      "geometry": {
        "type": "Polygon",
        "coordinates": [
          [
            [
              129,
              11
            ],
            [
              133,
              15
            ],
            [
              134,
              15
            ],
            [
              135,
              16
            ],
            [
              135,
              17
            ],
            [
              136,
              17
            ],
            [
              137,
              18
            ],
            [
              141,
              18
            ],
            [
              142,
              17
            ],
            [
              143,
              17
            ],
            [
              143,
              16
            ],
            [
              145,
              13
            ],
            [
              145,
              11
            ],
            [
              144,
              11
            ],
            [
              142,
              8
            ],
            [
              138,
              8
            ],
            [
              137,
              9
            ],
            [
              131,
              9
            ],
            [
              129,
              11
            ]
          ]
        ]
      },
      "properties": {
        "objectType": "annotation",
        "classification": {
          "name": "Neoplastic",
          "color": [
            255,
            0,
            0
          ]
        },
        "isLocked": false,
        "measurements": []
      }
    },
    {
      "type": "Feature",
      "id": "PathAnnotationObject",
      "geometry": {
        "type": "Polygon",
        "coordinates": [
          [
            [
              104,
              14
            ],
            [
              102,
              14
            ],
            [
              100,
              12
            ],
            [
              97,
              12
            ],
            [
              94,
              14
            ],
            [
              92,
              14
            ],
            [
              92,
              15
            ],
            [
              91,
              16
            ],
            [
              91,
              17
            ],
            [
              92,
              18
            ],
            [
              92,
              20
            ],
            [
              93,
              20
            ],
            [
              94,
              21
            ],
            [
              94,
              22
            ],
            [
              95,
              21
            ],
            [
              102,
              21
            ],
            [
              104,
              18
            ],
            [
              104,
              14
            ]
          ]
        ]
      },
      "properties": {
        "objectType": "annotation",
        "classification": {
          "name": "Inflammatory",
          "color": [
            0,
            0,
            255
          ]
        },
        "isLocked": false,
        "measurements": []
      }
    },
    {
      "type": "Feature",
      "id": "PathAnnotationObject",
      "geometry": {
        "type": "Polygon",
        "coordinates": [
          [
            [
              188,
              11
            ],
            [
              185,
              11
            ],
            [
              184,
              12
            ],
            [
              184,
              15
            ],
            [
              181,
              20
            ],
            [
              181,
              25
            ],
            [
              184,
              25
            ],
            [
              185,
              26
            ],
            [
              186,
              25
            ],
            [
              188,
              25
            ],
            [
              188,
              21
            ],
            [
              189,
              20
            ],
            [
              190,
              20
            ],
            [
              193,
              17
            ],
            [
              193,
              16
            ],
            [
              191,
              14
            ],
            [
              190,
              14
            ],
            [
              188,
              12
            ],
            [
              188,
              11
            ]
          ]
        ]
      },
      "properties": {
        "objectType": "annotation",
        "classification": {
          "name": "Neoplastic",
          "color": [
            255,
            0,
            0
          ]
        },
        "isLocked": false,
        "measurements": []
      }
    },
    {
      "type": "Feature",
      "id": "PathAnnotationObject",
      "geometry": {
        "type": "Polygon",
        "coordinates": [
          [
            [
              221,
              12
            ],
            [
              219,
              14
            ],
            [
              219,
              15
            ],
            [
              218,
              16
            ],
            [
              218,
              17
            ],
            [
              220,
              19
            ],
            [
              220,
              20
            ],
            [
              221,
              21
            ],
            [
              225,
              21
            ],
            [
              226,
              20
            ],
            [
              227,
              20
            ],
            [
              229,
              18
            ],
            [
              227,
              16
            ],
            [
              227,
              15
            ],
            [
              226,
              14
            ],
            [
              225,
              14
            ],
            [
              224,
              13
            ],
            [
              223,
              13
            ],
            [
              222,
              12
            ],
            [
              221,
              12
            ]
          ]
        ]
      },
      "properties": {
        "objectType": "annotation",
        "classification": {
          "name": "Inflammatory",
          "color": [
            0,
            0,
            255
          ]
        },
        "isLocked": false,
        "measurements": []
      }
    },
    {
      "type": "Feature",
      "id": "PathAnnotationObject",
      "geometry": {
        "type": "Polygon",
        "coordinates": [
          [
            [
              30,
              15
            ],
            [
              29,
              14
            ],
            [
              28,
              14
            ],
            [
              25,
              12
            ],
            [
              23,
              12
            ],
            [
              22,
              13
            ],
            [
              21,
              13
            ],
            [
              18,
              16
            ],
            [
              18,
              19
            ],
            [
              17,
              20
            ],
            [
              17,
              21
            ],
            [
              19,
              23
            ],
            [
              19,
              24
            ],
            [
              25,
              24
            ],
            [
              30,
              20
            ],
            [
              30,
              15
            ]
          ]
        ]
      },
      "properties": {
        "objectType": "annotation",
        "classification": {
          "name": "Inflammatory",
          "color": [
            0,
            0,
            255
          ]
        },
        "isLocked": false,
        "measurements": []
      }
    },
    {
      "type": "Feature",
      "id": "PathAnnotationObject",
      "geometry": {
        "type": "Polygon",
        "coordinates": [
          [
            [
              147,
              14
            ],
            [
              147,
              17
            ],
            [
              146,
              18
            ],
            [
              145,
              18
            ],
            [
              145,
              20
            ],
            [
              148,
              23
            ],
            [
              148,
              24
            ],
            [
              154,
              24
            ],
            [
              155,
              23
            ],
            [
              158,
              22
            ],
            [
              158,
              16
            ],
            [
              156,
              14
            ],
            [
              147,
              14
            ]
          ]
        ]
      },
      "properties": {
        "objectType": "annotation",
        "classification": {
          "name": "Inflammatory",
          "color": [
            0,
            0,
            255
          ]
        },
        "isLocked": false,
        "measurements": []
      }
    },
    {
      "type": "Feature",
      "id": "PathAnnotationObject",
      "geometry": {
        "type": "Polygon",
        "coordinates": [
          [
            [
              103,
              8
            ],
            [
              103,
              11
            ],
            [
              105,
              14
            ],
            [
              106,
              25
            ],
            [
              108,
              27
            ],
            [
              112,
              27
            ],
            [
              114,
              25
            ],
            [
              114,
              24
            ],
            [
              118,
              21
            ],
            [
              118,
              18
            ],
            [
              117,
              16
            ],
            [
              116,
              16
            ],
            [
              113,
              13
            ],
            [
              113,
              10
            ],
            [
              111,
              8
            ],
            [
              108,
              8
            ],
            [
              107,
              7
            ],
            [
              106,
              8
            ],
            [
              103,
              8
            ]
          ]
        ]
      },
      "properties": {
        "objectType": "annotation",
        "classification": {
          "name": "Inflammatory",
          "color": [
            0,
            0,
            255
          ]
        },
        "isLocked": false,
        "measurements": []
      }
    },
    {
      "type": "Feature",
      "id": "PathAnnotationObject",
      "geometry": {
        "type": "Polygon",
        "coordinates": [
          [
            [
              53,
              15
            ],
            [
              51,
              15
            ],
            [
              50,
              16
            ],
            [
              50,
              19
            ],
            [
              49,
              20
            ],
            [
              49,
              21
            ],
            [
              48,
              22
            ],
            [
              48,
              24
            ],
            [
              52,
              24
            ],
            [
              54,
              22
            ],
            [
              54,
              16
            ],
            [
              53,
              15
            ]
          ]
        ]
      },
      "properties": {
        "objectType": "annotation",
        "classification": {
          "name": "Neoplastic",
          "color": [
            255,
            0,
            0
          ]
        },
        "isLocked": false,
        "measurements": []
      }
    },
    {
      "type": "Feature",
      "id": "PathAnnotationObject",
      "geometry": {
        "type": "Polygon",
        "coordinates": [
          [
            [
              173,
              12
            ],
            [
              169,
              12
            ],
            [
              168,
              13
            ],
            [
              167,
              13
            ],
            [
              167,
              18
            ],
            [
              164,
              21
            ],
            [
              164,
              22
            ],
            [
              163,
              23
            ],
            [
              163,
              25
            ],
            [
              164,
              26
            ],
            [
              165,
              29
            ],
            [
              166,
              29
            ],
            [
              167,
              30
            ],
            [
              170,
              30
            ],
            [
              171,
              29
            ],
            [
              174,
              29
            ],
            [
              175,
              28
            ],
            [
              175,
              24
            ],
            [
              176,
              23
            ],
            [
              176,
              14
            ],
            [
              173,
              12
            ]
          ]
        ]
      },
      "properties": {
        "objectType": "annotation",
        "classification": {
          "name": "Neoplastic",
          "color": [
            255,
            0,
            0
          ]
        },
        "isLocked": false,
        "measurements": []
      }
    },
    {
      "type": "Feature",
      "id": "PathAnnotationObject",
      "geometry": {
        "type": "Polygon",
        "coordinates": [
          [
            [
              240,
              16
            ],
            [
              235,
              16
            ],
            [
              235,
              17
            ],
            [
              234,
              18
            ],
            [
              231,
              19
            ],
            [
              231,
              20
            ],
            [
              230,
              21
            ],
            [
              230,
              23
            ],
            [
              229,
              24
            ],
            [
              229,
              27
            ],
            [
              230,
              28
            ],
            [
              230,
              29
            ],
            [
              236,
              29
            ],
            [
              236,
              25
            ],
            [
              237,
              24
            ],
            [
              237,
              23
            ],
            [
              240,
              20
            ],
            [
              241,
              20
            ],
            [
              241,
              17
            ],
            [
              240,
              16
            ]
          ]
        ]
      },
      "properties": {
        "objectType": "annotation",
        "classification": {
          "name": "Inflammatory",
          "color": [
            0,
            0,
            255
          ]
        },
        "isLocked": false,
        "measurements": []
      }
    },
    {
      "type": "Feature",
      "id": "PathAnnotationObject",
      "geometry": {
        "type": "Polygon",
        "coordinates": [
          [
            [
              247,
              21
            ],
            [
              246,
              22
            ],
            [
              245,
              22
            ],
            [
              243,
              24
            ],
            [
              243,
              29
            ],
            [
              245,
              31
            ],
            [
              246,
              30
            ],
            [
              246,
              26
            ],
            [
              247,
              25
            ],
            [
              249,
              25
            ],
            [
              250,
              24
            ],
            [
              251,
              24
            ],
            [
              251,
              23
            ],
            [
              249,
              23
            ],
            [
              247,
              21
            ]
          ]
        ]
      },
      "properties": {
        "objectType": "annotation",
        "classification": {
          "name": "Neoplastic",
          "color": [
            255,
            0,
            0
          ]
        },
        "isLocked": false,
        "measurements": []
      }
    },
    {
      "type": "Feature",
      "id": "PathAnnotationObject",
      "geometry": {
        "type": "Polygon",
        "coordinates": [
          [
            [
              89,
              25
            ],
            [
              89,
              26
            ],
            [
              88,
              27
            ],
            [
              88,
              31
            ],
            [
              90,
              31
            ],
            [
              91,
              32
            ],
            [
              94,
              32
            ],
            [
              95,
              31
            ],
            [
              95,
              30
            ],
            [
              96,
              29
            ],
            [
              96,
              28
            ],
            [
              98,
              26
            ],
            [
              96,
              24
            ],
            [
              91,
              24
            ],
            [
              90,
              25
            ],
            [
              89,
              25
            ]
          ]
        ]
      },
      "properties": {
        "objectType": "annotation",
        "classification": {
          "name": "Inflammatory",
          "color": [
            0,
            0,
            255
          ]
        },
        "isLocked": false,
        "measurements": []
      }
    },
    {
      "type": "Feature",
      "id": "PathAnnotationObject",
      "geometry": {
        "type": "Polygon",
        "coordinates": [
          [
            [
              6,
              25
            ],
            [
              3,
              28
            ],
            [
              3,
              32
            ],
            [
              5,
              32
            ],
            [
              7,
              34
            ],
            [
              9,
              34
            ],
            [
              10,
              35
            ],
            [
              11,
              34
            ],
            [
              12,
              34
            ],
            [
              14,
              32
            ],
            [
              14,
              27
            ],
            [
              12,
              25
            ],
            [
              6,
              25
            ]
          ]
        ]
      },
      "properties": {
        "objectType": "annotation",
        "classification": {
          "name": "Inflammatory",
          "color": [
            0,
            0,
            255
          ]
        },
        "isLocked": false,
        "measurements": []
      }
    },
    {
      "type": "Feature",
      "id": "PathAnnotationObject",
      "geometry": {
        "type": "Polygon",
        "coordinates": [
          [
            [
              253,
              23
            ],
            [
              252,
              23
            ],
            [
              252,
              24
            ],
            [
              251,
              25
            ],
            [
              250,
              25
            ],
            [
              250,
              28
            ],
            [
              249,
              29
            ],
            [
              248,
              29
            ],
            [
              246,
              31
            ],
            [
              247,
              32
            ],
            [
              250,
              32
            ],
            [
              251,
              31
            ],
            [
              252,
              31
            ],
            [
              254,
              29
            ],
            [
              254,
              24
            ],
            [
              253,
              23
            ]
          ]
        ]
      },
      "properties": {
        "objectType": "annotation",
        "classification": {
          "name": "Connective",
          "color": [
            0,
            255,
            0
          ]
        },
        "isLocked": false,
        "measurements": []
      }
    },
    {
      "type": "Feature",
      "id": "PathAnnotationObject",
      "geometry": {
        "type": "Polygon",
        "coordinates": [
          [
            [
              40,
              25
            ],
            [
              38,
              27
            ],
            [
              38,
              34
            ],
            [
              39,
              35
            ],
            [
              41,
              35
            ],
            [
              42,
              36
            ],
            [
              42,
              37
            ],
            [
              44,
              37
            ],
            [
              46,
              35
            ],
            [
              46,
              29
            ],
            [
              44,
              27
            ],
            [
              44,
              26
            ],
            [
              43,
              25
            ],
            [
              40,
              25
            ]
          ]
        ]
      },
      "properties": {
        "objectType": "annotation",
        "classification": {
          "name": "Inflammatory",
          "color": [
            0,
            0,
            255
          ]
        },
        "isLocked": false,
        "measurements": []
      }
    },
    {
      "type": "Feature",
      "id": "PathAnnotationObject",
      "geometry": {
        "type": "Polygon",
        "coordinates": [
          [
            [
              32,
              31
            ],
            [
              29,
              28
            ],
            [
              28,
              28
            ],
            [
              27,
              27
            ],
            [
              25,
              27
            ],
            [
              24,
              28
            ],
            [
              23,
              28
            ],
            [
              21,
              30
            ],
            [
              19,
              30
            ],
            [
              18,
              31
            ],
            [
              18,
              35
            ],
            [
              19,
              35
            ],
            [
              21,
              37
            ],
            [
              24,
              37
            ],
            [
              24,
              36
            ],
            [
              25,
              35
            ],
            [
              28,
              35
            ],
            [
              29,
              34
            ],
            [
              31,
              34
            ],
            [
              32,
              33
            ],
            [
              32,
              31
            ]
          ]
        ]
      },
      "properties": {
        "objectType": "annotation",
        "classification": {
          "name": "Inflammatory",
          "color": [
            0,
            0,
            255
          ]
        },
        "isLocked": false,
        "measurements": []
      }
    },
    {
      "type": "Feature",
      "id": "PathAnnotationObject",
      "geometry": {
        "type": "Polygon",
        "coordinates": [
          [
            [
              61,
              26
            ],
            [
              58,
              26
            ],
            [
              57,
              25
            ],
            [
              55,
              27
            ],
            [
              52,
              28
            ],
            [
              52,
              29
            ],
            [
              50,
              31
            ],
            [
              50,
              35
            ],
            [
              51,
              36
            ],
            [
              51,
              39
            ],
            [
              52,
              40
            ],
            [
              52,
              42
            ],
            [
              53,
              42
            ],
            [
              54,
              43
            ],
            [
              55,
              42
            ],
            [
              57,
              42
            ],
            [
              58,
              41
            ],
            [
              59,
              41
            ],
            [
              61,
              39
            ],
            [
              61,
              38
            ],
            [
              63,
              35
            ],
            [
              63,
              28
            ],
            [
              62,
              28
            ],
            [
              61,
              27
            ],
            [
              61,
              26
            ]
          ]
        ]
      },
      "properties": {
        "objectType": "annotation",
        "classification": {
          "name": "Neoplastic",
          "color": [
            255,
            0,
            0
          ]
        },
        "isLocked": false,
        "measurements": []
      }
    },
    {
      "type": "Feature",
      "id": "PathAnnotationObject",
      "geometry": {
        "type": "Polygon",
        "coordinates": [
          [
            [
              161,
              30
            ],
            [
              160,
              30
            ],
            [
              158,
              27
            ],
            [
              153,
              27
            ],
            [
              149,
              32
            ],
            [
              148,
              31
            ],
            [
              143,
              31
            ],
            [
              142,
              32
            ],
            [
              142,
              45
            ],
            [
              145,
              41
            ],
            [
              152,
              41
            ],
            [
              153,
              40
            ],
            [
              157,
              40
            ],
            [
              160,
              37
            ],
            [
              161,
              37
            ],
            [
              161,
              30
            ]
          ]
        ]
      },
      "properties": {
        "objectType": "annotation",
        "classification": {
          "name": "Neoplastic",
          "color": [
            255,
            0,
            0
          ]
        },
        "isLocked": false,
        "measurements": []
      }
    },
    {
      "type": "Feature",
      "id": "PathAnnotationObject",
      "geometry": {
        "type": "Polygon",
        "coordinates": [
          [
            [
              182,
              26
            ],
            [
              182,
              30
            ],
            [
              181,
              31
            ],
            [
              181,
              37
            ],
            [
              182,
              38
            ],
            [
              182,
              39
            ],
            [
              183,
              39
            ],
            [
              184,
              40
            ],
            [
              186,
              40
            ],
            [
              187,
              41
            ],
            [
              190,
              41
            ],
            [
              194,
              37
            ],
            [
              195,
              34
            ],
            [
              191,
              30
            ],
            [
              191,
              29
            ],
            [
              188,
              27
            ],
            [
              188,
              26
            ],
            [
              186,
              26
            ],
            [
              185,
              27
            ],
            [
              184,
              26
            ],
            [
              182,
              26
            ]
          ]
        ]
      },
      "properties": {
        "objectType": "annotation",
        "classification": {
          "name": "Neoplastic",
          "color": [
            255,
            0,
            0
          ]
        },
        "isLocked": false,
        "measurements": []
      }
    },
    {
      "type": "Feature",
      "id": "PathAnnotationObject",
      "geometry": {
        "type": "Polygon",
        "coordinates": [
          [
            [
              87,
              32
            ],
            [
              87,
              33
            ],
            [
              86,
              34
            ],
            [
              86,
              41
            ],
            [
              87,
              42
            ],
            [
              90,
              42
            ],
            [
              91,
              41
            ],
            [
              91,
              40
            ],
            [
              92,
              39
            ],
            [
              93,
              39
            ],
            [
              93,
              34
            ],
            [
              92,
              33
            ],
            [
              91,
              33
            ],
            [
              90,
              32
            ],
            [
              87,
              32
            ]
          ]
        ]
      },
      "properties": {
        "objectType": "annotation",
        "classification": {
          "name": "Inflammatory",
          "color": [
            0,
            0,
            255
          ]
        },
        "isLocked": false,
        "measurements": []
      }
    },
    {
      "type": "Feature",
      "id": "PathAnnotationObject",
      "geometry": {
        "type": "Polygon",
        "coordinates": [
          [
            [
              167,
              33
            ],
            [
              167,
              39
            ],
            [
              169,
              41
            ],
            [
              170,
              41
            ],
            [
              171,
              42
            ],
            [
              174,
              42
            ],
            [
              175,
              41
            ],
            [
              176,
              41
            ],
            [
              178,
              39
            ],
            [
              178,
              36
            ],
            [
              176,
              34
            ],
            [
              176,
              33
            ],
            [
              175,
              32
            ],
            [
              173,
              32
            ],
            [
              172,
              31
            ],
            [
              171,
              32
            ],
            [
              169,
              32
            ],
            [
              168,
              33
            ],
            [
              167,
              33
            ]
          ]
        ]
      },
      "properties": {
        "objectType": "annotation",
        "classification": {
          "name": "Inflammatory",
          "color": [
            0,
            0,
            255
          ]
        },
        "isLocked": false,
        "measurements": []
      }
    },
    {
      "type": "Feature",
      "id": "PathAnnotationObject",
      "geometry": {
        "type": "Polygon",
        "coordinates": [
          [
            [
              106,
              33
            ],
            [
              102,
              33
            ],
            [
              100,
              35
            ],
            [
              99,
              35
            ],
            [
              99,
              37
            ],
            [
              98,
              38
            ],
            [
              98,
              39
            ],
            [
              99,
              40
            ],
            [
              99,
              41
            ],
            [
              100,
              41
            ],
            [
              101,
              42
            ],
            [
              102,
              42
            ],
            [
              103,
              41
            ],
            [
              104,
              41
            ],
            [
              105,
              40
            ],
            [
              106,
              40
            ],
            [
              107,
              39
            ],
            [
              108,
              39
            ],
            [
              108,
              36
            ],
            [
              106,
              34
            ],
            [
              106,
              33
            ]
          ]
        ]
      },
      "properties": {
        "objectType": "annotation",
        "classification": {
          "name": "Inflammatory",
          "color": [
            0,
            0,
            255
          ]
        },
        "isLocked": false,
        "measurements": []
      }
    },
    {
      "type": "Feature",
      "id": "PathAnnotationObject",
      "geometry": {
        "type": "Polygon",
        "coordinates": [
          [
            [
              139,
              32
            ],
            [
              138,
              33
            ],
            [
              137,
              33
            ],
            [
              135,
              35
            ],
            [
              135,
              37
            ],
            [
              134,
              38
            ],
            [
              134,
              39
            ],
            [
              135,
              40
            ],
            [
              134,
              41
            ],
            [
              136,
              43
            ],
            [
              137,
              43
            ],
            [
              138,
              44
            ],
            [
              138,
              45
            ],
            [
              141,
              45
            ],
            [
              141,
              32
            ],
            [
              139,
              32
            ]
          ]
        ]
      },
      "properties": {
        "objectType": "annotation",
        "classification": {
          "name": "Neoplastic",
          "color": [
            255,
            0,
            0
          ]
        },
        "isLocked": false,
        "measurements": []
      }
    },
    {
      "type": "Feature",
      "id": "PathAnnotationObject",
      "geometry": {
        "type": "Polygon",
        "coordinates": [
          [
            [
              219,
              39
            ],
            [
              221,
              42
            ],
            [
              223,
              42
            ],
            [
              225,
              44
            ],
            [
              228,
              44
            ],
            [
              234,
              40
            ],
            [
              234,
              39
            ],
            [
              236,
              37
            ],
            [
              236,
              35
            ],
            [
              235,
              35
            ],
            [
              233,
              33
            ],
            [
              230,
              33
            ],
            [
              229,
              32
            ],
            [
              224,
              32
            ],
            [
              223,
              33
            ],
            [
              221,
              33
            ],
            [
              220,
              34
            ],
            [
              220,
              35
            ],
            [
              219,
              36
            ],
            [
              219,
              39
            ]
          ]
        ]
      },
      "properties": {
        "objectType": "annotation",
        "classification": {
          "name": "Connective",
          "color": [
            0,
            255,
            0
          ]
        },
        "isLocked": false,
        "measurements": []
      }
    },
    {
      "type": "Feature",
      "id": "PathAnnotationObject",
      "geometry": {
        "type": "Polygon",
        "coordinates": [
          [
            [
              4,
              33
            ],
            [
              2,
              35
            ],
            [
              0,
              35
            ],
            [
              0,
              43
            ],
            [
              1,
              44
            ],
            [
              5,
              44
            ],
            [
              8,
              46
            ],
            [
              9,
              45
            ],
            [
              12,
              44
            ],
            [
              12,
              38
            ],
            [
              9,
              35
            ],
            [
              7,
              35
            ],
            [
              5,
              33
            ],
            [
              4,
              33
            ]
          ]
        ]
      },
      "properties": {
        "objectType": "annotation",
        "classification": {
          "name": "Inflammatory",
          "color": [
            0,
            0,
            255
          ]
        },
        "isLocked": false,
        "measurements": []
      }
    },
    {
      "type": "Feature",
      "id": "PathAnnotationObject",
      "geometry": {
        "type": "Polygon",
        "coordinates": [
          [
            [
              81,
              28
            ],
            [
              77,
              28
            ],
            [
              70,
              35
            ],
            [
              69,
              35
            ],
            [
              69,
              39
            ],
            [
              67,
              42
            ],
            [
              67,
              45
            ],
            [
              70,
              50
            ],
            [
              72,
              49
            ],
            [
              74,
              51
            ],
            [
              76,
              49
            ],
            [
              80,
              47
            ],
            [
              80,
              44
            ],
            [
              83,
              38
            ],
            [
              83,
              31
            ],
            [
              81,
              28
            ]
          ]
        ]
      },
      "properties": {
        "objectType": "annotation",
        "classification": {
          "name": "Neoplastic",
          "color": [
            255,
            0,
            0
          ]
        },
        "isLocked": false,
        "measurements": []
      }
    },
    {
      "type": "Feature",
      "id": "PathAnnotationObject",
      "geometry": {
        "type": "Polygon",
        "coordinates": [
          [
            [
              130,
              38
            ],
            [
              129,
              37
            ],
            [
              126,
              37
            ],
            [
              124,
              39
            ],
            [
              121,
              40
            ],
            [
              121,
              41
            ],
            [
              120,
              42
            ],
            [
              116,
              42
            ],
            [
              114,
              44
            ],
            [
              114,
              47
            ],
            [
              115,
              47
            ],
            [
              117,
              49
            ],
            [
              119,
              49
            ],
            [
              121,
              51
            ],
            [
              124,
              51
            ],
            [
              126,
              49
            ],
            [
              126,
              48
            ],
            [
              127,
              47
            ],
            [
              127,
              45
            ],
            [
              128,
              44
            ],
            [
              129,
              44
            ],
            [
              129,
              43
            ],
            [
              130,
              42
            ],
            [
              130,
              38
            ]
          ]
        ]
      },
      "properties": {
        "objectType": "annotation",
        "classification": {
          "name": "Neoplastic",
          "color": [
            255,
            0,
            0
          ]
        },
        "isLocked": false,
        "measurements": []
      }
    },
    {
      "type": "Feature",
      "id": "PathAnnotationObject",
      "geometry": {
        "type": "Polygon",
        "coordinates": [
          [
            [
              158,
              42
            ],
            [
              152,
              42
            ],
            [
              149,
              45
            ],
            [
              149,
              46
            ],
            [
              147,
              48
            ],
            [
              147,
              50
            ],
            [
              146,
              51
            ],
            [
              147,
              52
            ],
            [
              147,
              54
            ],
            [
              148,
              55
            ],
            [
              148,
              56
            ],
            [
              151,
              56
            ],
            [
              152,
              57
            ],
            [
              153,
              56
            ],
            [
              154,
              56
            ],
            [
              154,
              55
            ],
            [
              155,
              54
            ],
            [
              156,
              54
            ],
            [
              156,
              53
            ],
            [
              159,
              51
            ],
            [
              159,
              49
            ],
            [
              161,
              47
            ],
            [
              161,
              45
            ],
            [
              158,
              42
            ]
          ]
        ]
      },
      "properties": {
        "objectType": "annotation",
        "classification": {
          "name": "Neoplastic",
          "color": [
            255,
            0,
            0
          ]
        },
        "isLocked": false,
        "measurements": []
      }
    },
    {
      "type": "Feature",
      "id": "PathAnnotationObject",
      "geometry": {
        "type": "Polygon",
        "coordinates": [
          [
            [
              197,
              48
            ],
            [
              197,
              52
            ],
            [
              199,
              54
            ],
            [
              207,
              54
            ],
            [
              208,
              53
            ],
            [
              210,
              53
            ],
            [
              210,
              46
            ],
            [
              208,
              46
            ],
            [
              207,
              45
            ],
            [
              199,
              45
            ],
            [
              199,
              46
            ],
            [
              197,
              48
            ]
          ]
        ]
      },
      "properties": {
        "objectType": "annotation",
        "classification": {
          "name": "Neoplastic",
          "color": [
            255,
            0,
            0
          ]
        },
        "isLocked": false,
        "measurements": []
      }
    },
    {
      "type": "Feature",
      "id": "PathAnnotationObject",
      "geometry": {
        "type": "Polygon",
        "coordinates": [
          [
            [
              211,
              53
            ],
            [
              212,
              53
            ],
            [
              213,
              52
            ],
            [
              219,
              52
            ],
            [
              220,
              51
            ],
            [
              221,
              51
            ],
            [
              223,
              49
            ],
            [
              223,
              48
            ],
            [
              222,
              47
            ],
            [
              222,
              46
            ],
            [
              221,
              45
            ],
            [
              213,
              45
            ],
            [
              212,
              46
            ],
            [
              211,
              46
            ],
            [
              211,
              53
            ]
          ]
        ]
      },
      "properties": {
        "objectType": "annotation",
        "classification": {
          "name": "Inflammatory",
          "color": [
            0,
            0,
            255
          ]
        },
        "isLocked": false,
        "measurements": []
      }
    },
    {
      "type": "Feature",
      "id": "PathAnnotationObject",
      "geometry": {
        "type": "Polygon",
        "coordinates": [
          [
            [
              131,
              42
            ],
            [
              130,
              43
            ],
            [
              130,
              44
            ],
            [
              131,
              45
            ],
            [
              131,
              47
            ],
            [
              130,
              48
            ],
            [
              130,
              51
            ],
            [
              131,
              52
            ],
            [
              132,
              52
            ],
            [
              133,
              53
            ],
            [
              133,
              54
            ],
            [
              137,
              54
            ],
            [
              139,
              51
            ],
            [
              138,
              48
            ],
            [
              140,
              46
            ],
            [
              141,
              46
            ],
            [
              138,
              46
            ],
            [
              138,
              47
            ],
            [
              137,
              48
            ],
            [
              136,
              47
            ],
            [
              136,
              45
            ],
            [
              137,
              44
            ],
            [
              136,
              44
            ],
            [
              134,
              42
            ],
            [
              131,
              42
            ]
          ]
        ]
      },
      "properties": {
        "objectType": "annotation",
        "classification": {
          "name": "Neoplastic",
          "color": [
            255,
            0,
            0
          ]
        },
        "isLocked": false,
        "measurements": []
      }
    },
    {
      "type": "Feature",
      "id": "PathAnnotationObject",
      "geometry": {
        "type": "Polygon",
        "coordinates": [
          [
            [
              187,
              46
            ],
            [
              186,
              47
            ],
            [
              184,
              47
            ],
            [
              183,
              48
            ],
            [
              183,
              52
            ],
            [
              184,
              53
            ],
            [
              184,
              54
            ],
            [
              186,
              54
            ],
            [
              187,
              55
            ],
            [
              188,
              55
            ],
            [
              189,
              54
            ],
            [
              190,
              54
            ],
            [
              190,
              53
            ],
            [
              191,
              52
            ],
            [
              191,
              48
            ],
            [
              190,
              47
            ],
            [
              188,
              47
            ],
            [
              187,
              46
            ]
          ]
        ]
      },
      "properties": {
        "objectType": "annotation",
        "classification": {
          "name": "Neoplastic",
          "color": [
            255,
            0,
            0
          ]
        },
        "isLocked": false,
        "measurements": []
      }
    },
    {
      "type": "Feature",
      "id": "PathAnnotationObject",
      "geometry": {
        "type": "Polygon",
        "coordinates": [
          [
            [
              21,
              48
            ],
            [
              18,
              51
            ],
            [
              18,
              54
            ],
            [
              19,
              55
            ],
            [
              20,
              55
            ],
            [
              21,
              56
            ],
            [
              22,
              56
            ],
            [
              23,
              57
            ],
            [
              27,
              57
            ],
            [
              27,
              53
            ],
            [
              29,
              51
            ],
            [
              29,
              50
            ],
            [
              27,
              48
            ],
            [
              21,
              48
            ]
          ]
        ]
      },
      "properties": {
        "objectType": "annotation",
        "classification": {
          "name": "Neoplastic",
          "color": [
            255,
            0,
            0
          ]
        },
        "isLocked": false,
        "measurements": []
      }
    },
    {
      "type": "Feature",
      "id": "PathAnnotationObject",
      "geometry": {
        "type": "Polygon",
        "coordinates": [
          [
            [
              100,
              48
            ],
            [
              98,
              48
            ],
            [
              97,
              49
            ],
            [
              97,
              50
            ],
            [
              96,
              51
            ],
            [
              96,
              54
            ],
            [
              95,
              55
            ],
            [
              95,
              57
            ],
            [
              96,
              58
            ],
            [
              98,
              58
            ],
            [
              99,
              57
            ],
            [
              101,
              57
            ],
            [
              102,
              56
            ],
            [
              102,
              53
            ],
            [
              103,
              52
            ],
            [
              103,
              51
            ],
            [
              100,
              48
            ]
          ]
        ]
      },
      "properties": {
        "objectType": "annotation",
        "classification": {
          "name": "Inflammatory",
          "color": [
            0,
            0,
            255
          ]
        },
        "isLocked": false,
        "measurements": []
      }
    },
    {
      "type": "Feature",
      "id": "PathAnnotationObject",
      "geometry": {
        "type": "Polygon",
        "coordinates": [
          [
            [
              38,
              47
            ],
            [
              38,
              48
            ],
            [
              37,
              49
            ],
            [
              37,
              51
            ],
            [
              38,
              52
            ],
            [
              38,
              56
            ],
            [
              39,
              57
            ],
            [
              39,
              59
            ],
            [
              40,
              58
            ],
            [
              44,
              58
            ],
            [
              45,
              57
            ],
            [
              51,
              57
            ],
            [
              52,
              56
            ],
            [
              50,
              54
            ],
            [
              50,
              53
            ],
            [
              49,
              52
            ],
            [
              49,
              50
            ],
            [
              47,
              48
            ],
            [
              46,
              48
            ],
            [
              45,
              47
            ],
            [
              43,
              47
            ],
            [
              42,
              46
            ],
            [
              40,
              46
            ],
            [
              39,
              47
            ],
            [
              38,
              47
            ]
          ]
        ]
      },
      "properties": {
        "objectType": "annotation",
        "classification": {
          "name": "Neoplastic",
          "color": [
            255,
            0,
            0
          ]
        },
        "isLocked": false,
        "measurements": []
      }
    },
    {
      "type": "Feature",
      "id": "PathAnnotationObject",
      "geometry": {
        "type": "Polygon",
        "coordinates": [
          [
            [
              226,
              49
            ],
            [
              222,
              53
            ],
            [
              222,
              54
            ],
            [
              221,
              55
            ],
            [
              221,
              57
            ],
            [
              222,
              57
            ],
            [
              223,
              58
            ],
            [
              224,
              61
            ],
            [
              230,
              61
            ],
            [
              236,
              55
            ],
            [
              236,
              53
            ],
            [
              235,
              52
            ],
            [
              234,
              52
            ],
            [
              232,
              50
            ],
            [
              230,
              50
            ],
            [
              229,
              49
            ],
            [
              226,
              49
            ]
          ]
        ]
      },
      "properties": {
        "objectType": "annotation",
        "classification": {
          "name": "Inflammatory",
          "color": [
            0,
            0,
            255
          ]
        },
        "isLocked": false,
        "measurements": []
      }
    },
    {
      "type": "Feature",
      "id": "PathAnnotationObject",
      "geometry": {
        "type": "Polygon",
        "coordinates": [
          [
            [
              163,
              48
            ],
            [
              163,
              50
            ],
            [
              162,
              51
            ],
            [
              162,
              55
            ],
            [
              166,
              57
            ],
            [
              173,
              65
            ],
            [
              174,
              64
            ],
            [
              180,
              64
            ],
            [
              182,
              62
            ],
            [
              182,
              58
            ],
            [
              181,
              58
            ],
            [
              179,
              56
            ],
            [
              179,
              55
            ],
            [
              171,
              48
            ],
            [
              171,
              47
            ],
            [
              165,
              47
            ],
            [
              163,
              48
            ]
          ]
        ]
      },
      "properties": {
        "objectType": "annotation",
        "classification": {
          "name": "Neoplastic",
          "color": [
            255,
            0,
            0
          ]
        },
        "isLocked": false,
        "measurements": []
      }
    },
    {
      "type": "Feature",
      "id": "PathAnnotationObject",
      "geometry": {
        "type": "Polygon",
        "coordinates": [
          [
            [
              116,
              52
            ],
            [
              114,
              52
            ],
            [
              113,
              51
            ],
            [
              112,
              52
            ],
            [
              108,
              52
            ],
            [
              107,
              53
            ],
            [
              106,
              53
            ],
            [
              106,
              59
            ],
            [
              108,
              61
            ],
            [
              109,
              61
            ],
            [
              110,
              62
            ],
            [
              112,
              62
            ],
            [
              113,
              61
            ],
            [
              116,
              61
            ],
            [
              118,
              58
            ],
            [
              118,
              55
            ],
            [
              116,
              52
            ]
          ]
        ]
      },
      "properties": {
        "objectType": "annotation",
        "classification": {
          "name": "Inflammatory",
          "color": [
            0,
            0,
            255
          ]
        },
        "isLocked": false,
        "measurements": []
      }
    },
    {
      "type": "Feature",
      "id": "PathAnnotationObject",
      "geometry": {
        "type": "Polygon",
        "coordinates": [
          [
            [
              25,
              58
            ],
            [
              23,
              58
            ],
            [
              22,
              57
            ],
            [
              21,
              57
            ],
            [
              18,
              55
            ],
            [
              17,
              56
            ],
            [
              16,
              56
            ],
            [
              16,
              57
            ],
            [
              14,
              59
            ],
            [
              14,
              61
            ],
            [
              13,
              62
            ],
            [
              13,
              64
            ],
            [
              14,
              65
            ],
            [
              14,
              66
            ],
            [
              15,
              66
            ],
            [
              16,
              67
            ],
            [
              20,
              67
            ],
            [
              23,
              64
            ],
            [
              24,
              64
            ],
            [
              25,
              63
            ],
            [
              25,
              58
            ]
          ]
        ]
      },
      "properties": {
        "objectType": "annotation",
        "classification": {
          "name": "Inflammatory",
          "color": [
            0,
            0,
            255
          ]
        },
        "isLocked": false,
        "measurements": []
      }
    },
    {
      "type": "Feature",
      "id": "PathAnnotationObject",
      "geometry": {
        "type": "Polygon",
        "coordinates": [
          [
            [
              49,
              58
            ],
            [
              45,
              58
            ],
            [
              44,
              59
            ],
            [
              40,
              59
            ],
            [
              39,
              60
            ],
            [
              39,
              64
            ],
            [
              40,
              65
            ],
            [
              40,
              66
            ],
            [
              43,
              69
            ],
            [
              46,
              69
            ],
            [
              47,
              68
            ],
            [
              49,
              68
            ],
            [
              49,
              67
            ],
            [
              51,
              64
            ],
            [
              51,
              60
            ],
            [
              50,
              60
            ],
            [
              49,
              59
            ],
            [
              49,
              58
            ]
          ]
        ]
      },
      "properties": {
        "objectType": "annotation",
        "classification": {
          "name": "Neoplastic",
          "color": [
            255,
            0,
            0
          ]
        },
        "isLocked": false,
        "measurements": []
      }
    },
    {
      "type": "Feature",
      "id": "PathAnnotationObject",
      "geometry": {
        "type": "Polygon",
        "coordinates": [
          [
            [
              76,
              56
            ],
            [
              74,
              56
            ],
            [
              73,
              57
            ],
            [
              72,
              57
            ],
            [
              70,
              60
            ],
            [
              70,
              66
            ],
            [
              71,
              67
            ],
            [
              71,
              69
            ],
            [
              74,
              69
            ],
            [
              75,
              68
            ],
            [
              76,
              68
            ],
            [
              76,
              67
            ],
            [
              78,
              65
            ],
            [
              78,
              63
            ],
            [
              80,
              61
            ],
            [
              79,
              61
            ],
            [
              78,
              60
            ],
            [
              78,
              59
            ],
            [
              76,
              56
            ]
          ]
        ]
      },
      "properties": {
        "objectType": "annotation",
        "classification": {
          "name": "Neoplastic",
          "color": [
            255,
            0,
            0
          ]
        },
        "isLocked": false,
        "measurements": []
      }
    },
    {
      "type": "Feature",
      "id": "PathAnnotationObject",
      "geometry": {
        "type": "Polygon",
        "coordinates": [
          [
            [
              249,
              62
            ],
            [
              248,
              62
            ],
            [
              246,
              60
            ],
            [
              246,
              58
            ],
            [
              240,
              57
            ],
            [
              237,
              59
            ],
            [
              237,
              63
            ],
            [
              234,
              65
            ],
            [
              233,
              64
            ],
            [
              232,
              65
            ],
            [
              228,
              65
            ],
            [
              227,
              66
            ],
            [
              227,
              69
            ],
            [
              238,
              69
            ],
            [
              239,
              70
            ],
            [
              243,
              70
            ],
            [
              246,
              68
            ],
            [
              246,
              67
            ],
            [
              249,
              64
            ],
            [
              249,
              62
            ]
          ]
        ]
      },
      "properties": {
        "objectType": "annotation",
        "classification": {
          "name": "Inflammatory",
          "color": [
            0,
            0,
            255
          ]
        },
        "isLocked": false,
        "measurements": []
      }
    },
    {
      "type": "Feature",
      "id": "PathAnnotationObject",
      "geometry": {
        "type": "Polygon",
        "coordinates": [
          [
            [
              92,
              58
            ],
            [
              89,
              58
            ],
            [
              83,
              64
            ],
            [
              83,
              66
            ],
            [
              84,
              67
            ],
            [
              84,
              68
            ],
            [
              87,
              71
            ],
            [
              88,
              71
            ],
            [
              89,
              70
            ],
            [
              90,
              70
            ],
            [
              92,
              68
            ],
            [
              94,
              68
            ],
            [
              95,
              67
            ],
            [
              95,
              62
            ],
            [
              94,
              61
            ],
            [
              94,
              60
            ],
            [
              92,
              58
            ]
          ]
        ]
      },
      "properties": {
        "objectType": "annotation",
        "classification": {
          "name": "Inflammatory",
          "color": [
            0,
            0,
            255
          ]
        },
        "isLocked": false,
        "measurements": []
      }
    },
    {
      "type": "Feature",
      "id": "PathAnnotationObject",
      "geometry": {
        "type": "Polygon",
        "coordinates": [
          [
            [
              145,
              67
            ],
            [
              145,
              69
            ],
            [
              146,
              70
            ],
            [
              146,
              72
            ],
            [
              148,
              74
            ],
            [
              148,
              75
            ],
            [
              149,
              76
            ],
            [
              152,
              76
            ],
            [
              153,
              75
            ],
            [
              154,
              75
            ],
            [
              155,
              74
            ],
            [
              158,
              73
            ],
            [
              158,
              72
            ],
            [
              157,
              73
            ],
            [
              156,
              72
            ],
            [
              156,
              70
            ],
            [
              155,
              69
            ],
            [
              155,
              68
            ],
            [
              154,
              67
            ],
            [
              153,
              67
            ],
            [
              152,
              66
            ],
            [
              152,
              65
            ],
            [
              147,
              65
            ],
            [
              145,
              67
            ]
          ]
        ]
      },
      "properties": {
        "objectType": "annotation",
        "classification": {
          "name": "Neoplastic",
          "color": [
            255,
            0,
            0
          ]
        },
        "isLocked": false,
        "measurements": []
      }
    },
    {
      "type": "Feature",
      "id": "PathAnnotationObject",
      "geometry": {
        "type": "Polygon",
        "coordinates": [
          [
            [
              69,
              62
            ],
            [
              69,
              63
            ],
            [
              67,
              65
            ],
            [
              66,
              65
            ],
            [
              64,
              67
            ],
            [
              64,
              68
            ],
            [
              60,
              71
            ],
            [
              59,
              73
            ],
            [
              58,
              73
            ],
            [
              58,
              79
            ],
            [
              59,
              80
            ],
            [
              64,
              80
            ],
            [
              66,
              78
            ],
            [
              68,
              78
            ],
            [
              68,
              77
            ],
            [
              70,
              75
            ],
            [
              71,
              75
            ],
            [
              72,
              73
            ],
            [
              73,
              73
            ],
            [
              73,
              71
            ],
            [
              74,
              70
            ],
            [
              71,
              70
            ],
            [
              70,
              69
            ],
            [
              70,
              67
            ],
            [
              69,
              66
            ],
            [
              69,
              62
            ]
          ]
        ]
      },
      "properties": {
        "objectType": "annotation",
        "classification": {
          "name": "Neoplastic",
          "color": [
            255,
            0,
            0
          ]
        },
        "isLocked": false,
        "measurements": []
      }
    },
    {
      "type": "Feature",
      "id": "PathAnnotationObject",
      "geometry": {
        "type": "Polygon",
        "coordinates": [
          [
            [
              224,
              78
            ],
            [
              225,
              79
            ],
            [
              232,
              78
            ],
            [
              232,
              77
            ],
            [
              233,
              76
            ],
            [
              234,
              76
            ],
            [
              238,
              73
            ],
            [
              239,
              73
            ],
            [
              239,
              72
            ],
            [
              240,
              71
            ],
            [
              242,
              71
            ],
            [
              239,
              71
            ],
            [
              238,
              70
            ],
            [
              227,
              70
            ],
            [
              226,
              69
            ],
            [
              226,
              67
            ],
            [
              226,
              68
            ],
            [
              225,
              69
            ],
            [
              225,
              74
            ],
            [
              224,
              75
            ],
            [
              224,
              78
            ]
          ]
        ]
      },
      "properties": {
        "objectType": "annotation",
        "classification": {
          "name": "Connective",
          "color": [
            0,
            255,
            0
          ]
        },
        "isLocked": false,
        "measurements": []
      }
    },
    {
      "type": "Feature",
      "id": "PathAnnotationObject",
      "geometry": {
        "type": "Polygon",
        "coordinates": [
          [
            [
              2,
              69
            ],
            [
              1,
              70
            ],
            [
              0,
              70
            ],
            [
              0,
              80
            ],
            [
              5,
              80
            ],
            [
              3,
              80
            ],
            [
              2,
              79
            ],
            [
              3,
              78
            ],
            [
              7,
              78
            ],
            [
              7,
              77
            ],
            [
              9,
              74
            ],
            [
              8,
              73
            ],
            [
              7,
              70
            ],
            [
              4,
              70
            ],
            [
              3,
              69
            ],
            [
              2,
              69
            ]
          ]
        ]
      },
      "properties": {
        "objectType": "annotation",
        "classification": {
          "name": "Inflammatory",
          "color": [
            0,
            0,
            255
          ]
        },
        "isLocked": false,
        "measurements": []
      }
    },
    {
      "type": "Feature",
      "id": "PathAnnotationObject",
      "geometry": {
        "type": "Polygon",
        "coordinates": [
          [
            [
              113,
              69
            ],
            [
              113,
              74
            ],
            [
              114,
              75
            ],
            [
              114,
              76
            ],
            [
              118,
              80
            ],
            [
              120,
              80
            ],
            [
              121,
              81
            ],
            [
              127,
              81
            ],
            [
              128,
              80
            ],
            [
              128,
              77
            ],
            [
              127,
              76
            ],
            [
              127,
              74
            ],
            [
              124,
              71
            ],
            [
              124,
              70
            ],
            [
              119,
              70
            ],
            [
              117,
              68
            ],
            [
              116,
              68
            ],
            [
              115,
              69
            ],
            [
              113,
              69
            ]
          ]
        ]
      },
      "properties": {
        "objectType": "annotation",
        "classification": {
          "name": "Neoplastic",
          "color": [
            255,
            0,
            0
          ]
        },
        "isLocked": false,
        "measurements": []
      }
    },
    {
      "type": "Feature",
      "id": "PathAnnotationObject",
      "geometry": {
        "type": "Polygon",
        "coordinates": [
          [
            [
              79,
              69
            ],
            [
              78,
              70
            ],
            [
              77,
              70
            ],
            [
              77,
              71
            ],
            [
              76,
              72
            ],
            [
              75,
              72
            ],
            [
              75,
              85
            ],
            [
              81,
              85
            ],
            [
              82,
              86
            ],
            [
              83,
              86
            ],
            [
              83,
              85
            ],
            [
              85,
              82
            ],
            [
              85,
              80
            ],
            [
              86,
              79
            ],
            [
              86,
              74
            ],
            [
              83,
              70
            ],
            [
              82,
              70
            ],
            [
              81,
              69
            ],
            [
              79,
              69
            ]
          ]
        ]
      },
      "properties": {
        "objectType": "annotation",
        "classification": {
          "name": "Neoplastic",
          "color": [
            255,
            0,
            0
          ]
        },
        "isLocked": false,
        "measurements": []
      }
    },
    {
      "type": "Feature",
      "id": "PathAnnotationObject",
      "geometry": {
        "type": "Polygon",
        "coordinates": [
          [
            [
              135,
              77
            ],
            [
              135,
              79
            ],
            [
              137,
              81
            ],
            [
              138,
              81
            ],
            [
              141,
              84
            ],
            [
              141,
              85
            ],
            [
              147,
              85
            ],
            [
              149,
              83
            ],
            [
              149,
              82
            ],
            [
              150,
              81
            ],
            [
              150,
              78
            ],
            [
              146,
              74
            ],
            [
              144,
              74
            ],
            [
              143,
              73
            ],
            [
              141,
              73
            ],
            [
              140,
              74
            ],
            [
              138,
              74
            ],
            [
              135,
              77
            ]
          ]
        ]
      },
      "properties": {
        "objectType": "annotation",
        "classification": {
          "name": "Neoplastic",
          "color": [
            255,
            0,
            0
          ]
        },
        "isLocked": false,
        "measurements": []
      }
    },
    {
      "type": "Feature",
      "id": "PathAnnotationObject",
      "geometry": {
        "type": "Polygon",
        "coordinates": [
          [
            [
              175,
              77
            ],
            [
              175,
              80
            ],
            [
              176,
              80
            ],
            [
              177,
              81
            ],
            [
              179,
              81
            ],
            [
              182,
              84
            ],
            [
              183,
              84
            ],
            [
              184,
              85
            ],
            [
              190,
              85
            ],
            [
              191,
              86
            ],
            [
              191,
              82
            ],
            [
              191,
              83
            ],
            [
              190,
              84
            ],
            [
              188,
              81
            ],
            [
              188,
              79
            ],
            [
              187,
              79
            ],
            [
              185,
              77
            ],
            [
              184,
              77
            ],
            [
              183,
              76
            ],
            [
              181,
              76
            ],
            [
              180,
              75
            ],
            [
              179,
              75
            ],
            [
              177,
              77
            ],
            [
              175,
              77
            ]
          ]
        ]
      },
      "properties": {
        "objectType": "annotation",
        "classification": {
          "name": "Connective",
          "color": [
            0,
            255,
            0
          ]
        },
        "isLocked": false,
        "measurements": []
      }
    },
    {
      "type": "Feature",
      "id": "PathAnnotationObject",
      "geometry": {
        "type": "Polygon",
        "coordinates": [
          [
            [
              192,
              86
            ],
            [
              194,
              88
            ],
            [
              206,
              88
            ],
            [
              214,
              81
            ],
            [
              214,
              79
            ],
            [
              211,
              75
            ],
            [
              198,
              75
            ],
            [
              193,
              80
            ],
            [
              192,
              80
            ],
            [
              192,
              86
            ]
          ]
        ]
      },
      "properties": {
        "objectType": "annotation",
        "classification": {
          "name": "Connective",
          "color": [
            0,
            255,
            0
          ]
        },
        "isLocked": false,
        "measurements": []
      }
    },
    {
      "type": "Feature",
      "id": "PathAnnotationObject",
      "geometry": {
        "type": "Polygon",
        "coordinates": [
          [
            [
              7,
              81
            ],
            [
              0,
              81
            ],
            [
              0,
              98
            ],
            [
              3,
              98
            ],
            [
              3,
              97
            ],
            [
              2,
              96
            ],
            [
              2,
              92
            ],
            [
              3,
              91
            ],
            [
              7,
              91
            ],
            [
              8,
              90
            ],
            [
              8,
              89
            ],
            [
              9,
              88
            ],
            [
              10,
              88
            ],
            [
              10,
              87
            ],
            [
              11,
              86
            ],
            [
              10,
              83
            ],
            [
              7,
              81
            ]
          ]
        ]
      },
      "properties": {
        "objectType": "annotation",
        "classification": {
          "name": "Neoplastic",
          "color": [
            255,
            0,
            0
          ]
        },
        "isLocked": false,
        "measurements": []
      }
    },
    {
      "type": "Feature",
      "id": "PathAnnotationObject",
      "geometry": {
        "type": "Polygon",
        "coordinates": [
          [
            [
              155,
              81
            ],
            [
              154,
              82
            ],
            [
              153,
              82
            ],
            [
              153,
              84
            ],
            [
              152,
              85
            ],
            [
              152,
              86
            ],
            [
              150,
              89
            ],
            [
              154,
              93
            ],
            [
              157,
              93
            ],
            [
              159,
              91
            ],
            [
              161,
              91
            ],
            [
              163,
              89
            ],
            [
              163,
              84
            ],
            [
              161,
              82
            ],
            [
              159,
              82
            ],
            [
              158,
              81
            ],
            [
              155,
              81
            ]
          ]
        ]
      },
      "properties": {
        "objectType": "annotation",
        "classification": {
          "name": "Inflammatory",
          "color": [
            0,
            0,
            255
          ]
        },
        "isLocked": false,
        "measurements": []
      }
    },
    {
      "type": "Feature",
      "id": "PathAnnotationObject",
      "geometry": {
        "type": "Polygon",
        "coordinates": [
          [
            [
              103,
              91
            ],
            [
              104,
              91
            ],
            [
              105,
              92
            ],
            [
              108,
              92
            ],
            [
              109,
              93
            ],
            [
              110,
              92
            ],
            [
              111,
              92
            ],
            [
              112,
              91
            ],
            [
              115,
              90
            ],
            [
              115,
              89
            ],
            [
              117,
              87
            ],
            [
              117,
              86
            ],
            [
              116,
              86
            ],
            [
              114,
              84
            ],
            [
              105,
              84
            ],
            [
              103,
              86
            ],
            [
              103,
              91
            ]
          ]
        ]
      },
      "properties": {
        "objectType": "annotation",
        "classification": {
          "name": "Inflammatory",
          "color": [
            0,
            0,
            255
          ]
        },
        "isLocked": false,
        "measurements": []
      }
    },
    {
      "type": "Feature",
      "id": "PathAnnotationObject",
      "geometry": {
        "type": "Polygon",
        "coordinates": [
          [
            [
              25,
              78
            ],
            [
              23,
              78
            ],
            [
              22,
              79
            ],
            [
              19,
              79
            ],
            [
              16,
              83
            ],
            [
              16,
              93
            ],
            [
              19,
              98
            ],
            [
              26,
              98
            ],
            [
              29,
              95
            ],
            [
              31,
              91
            ],
            [
              30,
              86
            ],
            [
              27,
              80
            ],
            [
              25,
              78
            ]
          ]
        ]
      },
      "properties": {
        "objectType": "annotation",
        "classification": {
          "name": "Neoplastic",
          "color": [
            255,
            0,
            0
          ]
        },
        "isLocked": false,
        "measurements": []
      }
    },
    {
      "type": "Feature",
      "id": "PathAnnotationObject",
      "geometry": {
        "type": "Polygon",
        "coordinates": [
          [
            [
              74,
              79
            ],
            [
              73,
              79
            ],
            [
              69,
              82
            ],
            [
              69,
              85
            ],
            [
              68,
              86
            ],
            [
              63,
              87
            ],
            [
              61,
              89
            ],
            [
              60,
              89
            ],
            [
              58,
              91
            ],
            [
              58,
              94
            ],
            [
              64,
              97
            ],
            [
              66,
              97
            ],
            [
              70,
              95
            ],
            [
              72,
              92
            ],
            [
              71,
              85
            ],
            [
              72,
              84
            ],
            [
              74,
              84
            ],
            [
              74,
              79
            ]
          ]
        ]
      },
      "properties": {
        "objectType": "annotation",
        "classification": {
          "name": "Inflammatory",
          "color": [
            0,
            0,
            255
          ]
        },
        "isLocked": false,
        "measurements": []
      }
    },
    {
      "type": "Feature",
      "id": "PathAnnotationObject",
      "geometry": {
        "type": "Polygon",
        "coordinates": [
          [
            [
              172,
              87
            ],
            [
              168,
              87
            ],
            [
              165,
              90
            ],
            [
              165,
              91
            ],
            [
              164,
              92
            ],
            [
              164,
              94
            ],
            [
              163,
              95
            ],
            [
              163,
              96
            ],
            [
              164,
              97
            ],
            [
              164,
              98
            ],
            [
              167,
              100
            ],
            [
              169,
              98
            ],
            [
              170,
              98
            ],
            [
              172,
              96
            ],
            [
              172,
              95
            ],
            [
              173,
              94
            ],
            [
              173,
              92
            ],
            [
              174,
              91
            ],
            [
              173,
              90
            ],
            [
              173,
              88
            ],
            [
              172,
              87
            ]
          ]
        ]
      },
      "properties": {
        "objectType": "annotation",
        "classification": {
          "name": "Neoplastic",
          "color": [
            255,
            0,
            0
          ]
        },
        "isLocked": false,
        "measurements": []
      }
    },
    {
      "type": "Feature",
      "id": "PathAnnotationObject",
      "geometry": {
        "type": "Polygon",
        "coordinates": [
          [
            [
              202,
              90
            ],
            [
              198,
              90
            ],
            [
              197,
              91
            ],
            [
              193,
              91
            ],
            [
              191,
              93
            ],
            [
              191,
              96
            ],
            [
              192,
              97
            ],
            [
              192,
              98
            ],
            [
              193,
              98
            ],
            [
              194,
              99
            ],
            [
              200,
              99
            ],
            [
              200,
              95
            ],
            [
              201,
              94
            ],
            [
              201,
              91
            ],
            [
              202,
              90
            ]
          ]
        ]
      },
      "properties": {
        "objectType": "annotation",
        "classification": {
          "name": "Connective",
          "color": [
            0,
            255,
            0
          ]
        },
        "isLocked": false,
        "measurements": []
      }
    },
    {
      "type": "Feature",
      "id": "PathAnnotationObject",
      "geometry": {
        "type": "Polygon",
        "coordinates": [
          [
            [
              7,
              92
            ],
            [
              3,
              92
            ],
            [
              3,
              96
            ],
            [
              4,
              97
            ],
            [
              4,
              98
            ],
            [
              3,
              99
            ],
            [
              0,
              99
            ],
            [
              0,
              103
            ],
            [
              1,
              104
            ],
            [
              0,
              105
            ],
            [
              0,
              108
            ],
            [
              3,
              108
            ],
            [
              4,
              107
            ],
            [
              5,
              107
            ],
            [
              5,
              105
            ],
            [
              8,
              102
            ],
            [
              8,
              97
            ],
            [
              9,
              96
            ],
            [
              8,
              95
            ],
            [
              8,
              93
            ],
            [
              7,
              92
            ]
          ]
        ]
      },
      "properties": {
        "objectType": "annotation",
        "classification": {
          "name": "Neoplastic",
          "color": [
            255,
            0,
            0
          ]
        },
        "isLocked": false,
        "measurements": []
      }
    },
    {
      "type": "Feature",
      "id": "PathAnnotationObject",
      "geometry": {
        "type": "Polygon",
        "coordinates": [
          [
            [
              136,
              89
            ],
            [
              135,
              90
            ],
            [
              135,
              96
            ],
            [
              139,
              102
            ],
            [
              140,
              102
            ],
            [
              143,
              105
            ],
            [
              146,
              105
            ],
            [
              151,
              101
            ],
            [
              151,
              99
            ],
            [
              149,
              96
            ],
            [
              149,
              94
            ],
            [
              144,
              89
            ],
            [
              143,
              89
            ],
            [
              141,
              87
            ],
            [
              140,
              88
            ],
            [
              138,
              88
            ],
            [
              137,
              89
            ],
            [
              136,
              89
            ]
          ]
        ]
      },
      "properties": {
        "objectType": "annotation",
        "classification": {
          "name": "Neoplastic",
          "color": [
            255,
            0,
            0
          ]
        },
        "isLocked": false,
        "measurements": []
      }
    },
    {
      "type": "Feature",
      "id": "PathAnnotationObject",
      "geometry": {
        "type": "Polygon",
        "coordinates": [
          [
            [
              86,
              94
            ],
            [
              86,
              95
            ],
            [
              84,
              97
            ],
            [
              84,
              98
            ],
            [
              81,
              101
            ],
            [
              82,
              104
            ],
            [
              85,
              105
            ],
            [
              86,
              106
            ],
            [
              86,
              107
            ],
            [
              88,
              107
            ],
            [
              89,
              108
            ],
            [
              93,
              108
            ],
            [
              94,
              107
            ],
            [
              95,
              107
            ],
            [
              97,
              105
            ],
            [
              97,
              102
            ],
            [
              98,
              101
            ],
            [
              98,
              98
            ],
            [
              96,
              96
            ],
            [
              96,
              95
            ],
            [
              92,
              95
            ],
            [
              91,
              94
            ],
            [
              86,
              94
            ]
          ]
        ]
      },
      "properties": {
        "objectType": "annotation",
        "classification": {
          "name": "Neoplastic",
          "color": [
            255,
            0,
            0
          ]
        },
        "isLocked": false,
        "measurements": []
      }
    },
    {
      "type": "Feature",
      "id": "PathAnnotationObject",
      "geometry": {
        "type": "Polygon",
        "coordinates": [
          [
            [
              48,
              101
            ],
            [
              48,
              105
            ],
            [
              49,
              106
            ],
            [
              54,
              106
            ],
            [
              55,
              105
            ],
            [
              56,
              105
            ],
            [
              56,
              104
            ],
            [
              57,
              103
            ],
            [
              57,
              101
            ],
            [
              55,
              99
            ],
            [
              50,
              99
            ],
            [
              48,
              101
            ]
          ]
        ]
      },
      "properties": {
        "objectType": "annotation",
        "classification": {
          "name": "Inflammatory",
          "color": [
            0,
            0,
            255
          ]
        },
        "isLocked": false,
        "measurements": []
      }
    },
    {
      "type": "Feature",
      "id": "PathAnnotationObject",
      "geometry": {
        "type": "Polygon",
        "coordinates": [
          [
            [
              60,
              101
            ],
            [
              60,
              106
            ],
            [
              61,
              106
            ],
            [
              62,
              107
            ],
            [
              62,
              108
            ],
            [
              73,
              108
            ],
            [
              74,
              107
            ],
            [
              74,
              106
            ],
            [
              75,
              105
            ],
            [
              76,
              105
            ],
            [
              76,
              101
            ],
            [
              75,
              101
            ],
            [
              74,
              100
            ],
            [
              74,
              99
            ],
            [
              72,
              99
            ],
            [
              69,
              97
            ],
            [
              67,
              97
            ],
            [
              66,
              98
            ],
            [
              64,
              98
            ],
            [
              63,
              99
            ],
            [
              62,
              99
            ],
            [
              60,
              101
            ]
          ]
        ]
      },
      "properties": {
        "objectType": "annotation",
        "classification": {
          "name": "Neoplastic",
          "color": [
            255,
            0,
            0
          ]
        },
        "isLocked": false,
        "measurements": []
      }
    },
    {
      "type": "Feature",
      "id": "PathAnnotationObject",
      "geometry": {
        "type": "Polygon",
        "coordinates": [
          [
            [
              99,
              99
            ],
            [
              99,
              101
            ],
            [
              98,
              102
            ],
            [
              98,
              105
            ],
            [
              99,
              104
            ],
            [
              103,
              108
            ],
            [
              112,
              108
            ],
            [
              113,
              107
            ],
            [
              113,
              105
            ],
            [
              114,
              104
            ],
            [
              112,
              102
            ],
            [
              112,
              101
            ],
            [
              109,
              101
            ],
            [
              106,
              99
            ],
            [
              99,
              99
            ]
          ]
        ]
      },
      "properties": {
        "objectType": "annotation",
        "classification": {
          "name": "Neoplastic",
          "color": [
            255,
            0,
            0
          ]
        },
        "isLocked": false,
        "measurements": []
      }
    },
    {
      "type": "Feature",
      "id": "PathAnnotationObject",
      "geometry": {
        "type": "Polygon",
        "coordinates": [
          [
            [
              132,
              101
            ],
            [
              130,
              103
            ],
            [
              130,
              106
            ],
            [
              131,
              107
            ],
            [
              131,
              108
            ],
            [
              132,
              108
            ],
            [
              133,
              109
            ],
            [
              133,
              110
            ],
            [
              135,
              110
            ],
            [
              137,
              108
            ],
            [
              137,
              106
            ],
            [
              136,
              105
            ],
            [
              136,
              103
            ],
            [
              134,
              101
            ],
            [
              132,
              101
            ]
          ]
        ]
      },
      "properties": {
        "objectType": "annotation",
        "classification": {
          "name": "Neoplastic",
          "color": [
            255,
            0,
            0
          ]
        },
        "isLocked": false,
        "measurements": []
      }
    },
    {
      "type": "Feature",
      "id": "PathAnnotationObject",
      "geometry": {
        "type": "Polygon",
        "coordinates": [
          [
            [
              16,
              101
            ],
            [
              15,
              102
            ],
            [
              14,
              102
            ],
            [
              11,
              105
            ],
            [
              11,
              106
            ],
            [
              9,
              108
            ],
            [
              9,
              111
            ],
            [
              11,
              113
            ],
            [
              16,
              113
            ],
            [
              18,
              110
            ],
            [
              18,
              104
            ],
            [
              16,
              101
            ]
          ]
        ]
      },
      "properties": {
        "objectType": "annotation",
        "classification": {
          "name": "Inflammatory",
          "color": [
            0,
            0,
            255
          ]
        },
        "isLocked": false,
        "measurements": []
      }
    },
    {
      "type": "Feature",
      "id": "PathAnnotationObject",
      "geometry": {
        "type": "Polygon",
        "coordinates": [
          [
            [
              167,
              107
            ],
            [
              167,
              110
            ],
            [
              170,
              113
            ],
            [
              173,
              113
            ],
            [
              174,
              114
            ],
            [
              175,
              113
            ],
            [
              178,
              113
            ],
            [
              179,
              112
            ],
            [
              181,
              112
            ],
            [
              183,
              110
            ],
            [
              183,
              109
            ],
            [
              184,
              108
            ],
            [
              184,
              103
            ],
            [
              183,
              104
            ],
            [
              180,
              104
            ],
            [
              179,
              103
            ],
            [
              172,
              103
            ],
            [
              171,
              104
            ],
            [
              170,
              104
            ],
            [
              167,
              107
            ]
          ]
        ]
      },
      "properties": {
        "objectType": "annotation",
        "classification": {
          "name": "Neoplastic",
          "color": [
            255,
            0,
            0
          ]
        },
        "isLocked": false,
        "measurements": []
      }
    },
    {
      "type": "Feature",
      "id": "PathAnnotationObject",
      "geometry": {
        "type": "Polygon",
        "coordinates": [
          [
            [
              189,
              104
            ],
            [
              187,
              106
            ],
            [
              187,
              107
            ],
            [
              186,
              108
            ],
            [
              186,
              109
            ],
            [
              189,
              112
            ],
            [
              195,
              112
            ],
            [
              197,
              110
            ],
            [
              197,
              106
            ],
            [
              196,
              106
            ],
            [
              195,
              105
            ],
            [
              195,
              104
            ],
            [
              189,
              104
            ]
          ]
        ]
      },
      "properties": {
        "objectType": "annotation",
        "classification": {
          "name": "Connective",
          "color": [
            0,
            255,
            0
          ]
        },
        "isLocked": false,
        "measurements": []
      }
    },
    {
      "type": "Feature",
      "id": "PathAnnotationObject",
      "geometry": {
        "type": "Polygon",
        "coordinates": [
          [
            [
              90,
              111
            ],
            [
              85,
              111
            ],
            [
              82,
              114
            ],
            [
              82,
              115
            ],
            [
              83,
              116
            ],
            [
              83,
              117
            ],
            [
              84,
              118
            ],
            [
              85,
              118
            ],
            [
              86,
              119
            ],
            [
              88,
              117
            ],
            [
              88,
              116
            ],
            [
              89,
              115
            ],
            [
              90,
              115
            ],
            [
              90,
              113
            ],
            [
              91,
              112
            ],
            [
              90,
              111
            ]
          ]
        ]
      },
      "properties": {
        "objectType": "annotation",
        "classification": {
          "name": "Neoplastic",
          "color": [
            255,
            0,
            0
          ]
        },
        "isLocked": false,
        "measurements": []
      }
    },
    {
      "type": "Feature",
      "id": "PathAnnotationObject",
      "geometry": {
        "type": "Polygon",
        "coordinates": [
          [
            [
              121,
              109
            ],
            [
              121,
              110
            ],
            [
              119,
              113
            ],
            [
              119,
              117
            ],
            [
              121,
              119
            ],
            [
              122,
              119
            ],
            [
              123,
              120
            ],
            [
              129,
              120
            ],
            [
              132,
              117
            ],
            [
              132,
              116
            ],
            [
              133,
              115
            ],
            [
              133,
              113
            ],
            [
              132,
              112
            ],
            [
              132,
              111
            ],
            [
              130,
              109
            ],
            [
              129,
              109
            ],
            [
              128,
              108
            ],
            [
              123,
              108
            ],
            [
              122,
              109
            ],
            [
              121,
              109
            ]
          ]
        ]
      },
      "properties": {
        "objectType": "annotation",
        "classification": {
          "name": "Inflammatory",
          "color": [
            0,
            0,
            255
          ]
        },
        "isLocked": false,
        "measurements": []
      }
    },
    {
      "type": "Feature",
      "id": "PathAnnotationObject",
      "geometry": {
        "type": "Polygon",
        "coordinates": [
          [
            [
              37,
              107
            ],
            [
              34,
              107
            ],
            [
              31,
              110
            ],
            [
              31,
              112
            ],
            [
              32,
              113
            ],
            [
              32,
              116
            ],
            [
              34,
              119
            ],
            [
              34,
              122
            ],
            [
              37,
              120
            ],
            [
              41,
              120
            ],
            [
              41,
              117
            ],
            [
              42,
              116
            ],
            [
              42,
              111
            ],
            [
              41,
              110
            ],
            [
              41,
              109
            ],
            [
              40,
              108
            ],
            [
              38,
              108
            ],
            [
              37,
              107
            ]
          ]
        ]
      },
      "properties": {
        "objectType": "annotation",
        "classification": {
          "name": "Inflammatory",
          "color": [
            0,
            0,
            255
          ]
        },
        "isLocked": false,
        "measurements": []
      }
    },
    {
      "type": "Feature",
      "id": "PathAnnotationObject",
      "geometry": {
        "type": "Polygon",
        "coordinates": [
          [
            [
              55,
              111
            ],
            [
              45,
              111
            ],
            [
              45,
              112
            ],
            [
              43,
              114
            ],
            [
              43,
              116
            ],
            [
              42,
              117
            ],
            [
              42,
              120
            ],
            [
              43,
              121
            ],
            [
              43,
              122
            ],
            [
              45,
              122
            ],
            [
              46,
              123
            ],
            [
              47,
              122
            ],
            [
              50,
              121
            ],
            [
              52,
              119
            ],
            [
              52,
              118
            ],
            [
              51,
              117
            ],
            [
              53,
              115
            ],
            [
              55,
              115
            ],
            [
              56,
              114
            ],
            [
              56,
              112
            ],
            [
              55,
              111
            ]
          ]
        ]
      },
      "properties": {
        "objectType": "annotation",
        "classification": {
          "name": "Neoplastic",
          "color": [
            255,
            0,
            0
          ]
        },
        "isLocked": false,
        "measurements": []
      }
    },
    {
      "type": "Feature",
      "id": "PathAnnotationObject",
      "geometry": {
        "type": "Polygon",
        "coordinates": [
          [
            [
              13,
              114
            ],
            [
              10,
              114
            ],
            [
              9,
              113
            ],
            [
              8,
              113
            ],
            [
              7,
              114
            ],
            [
              4,
              114
            ],
            [
              4,
              116
            ],
            [
              3,
              117
            ],
            [
              4,
              118
            ],
            [
              4,
              120
            ],
            [
              5,
              120
            ],
            [
              6,
              121
            ],
            [
              6,
              122
            ],
            [
              7,
              122
            ],
            [
              8,
              123
            ],
            [
              9,
              122
            ],
            [
              12,
              122
            ],
            [
              12,
              121
            ],
            [
              14,
              119
            ],
            [
              14,
              116
            ],
            [
              13,
              115
            ],
            [
              13,
              114
            ]
          ]
        ]
      },
      "properties": {
        "objectType": "annotation",
        "classification": {
          "name": "Inflammatory",
          "color": [
            0,
            0,
            255
          ]
        },
        "isLocked": false,
        "measurements": []
      }
    },
    {
      "type": "Feature",
      "id": "PathAnnotationObject",
      "geometry": {
        "type": "Polygon",
        "coordinates": [
          [
            [
              170,
              116
            ],
            [
              165,
              120
            ],
            [
              165,
              127
            ],
            [
              166,
              127
            ],
            [
              167,
              128
            ],
            [
              167,
              129
            ],
            [
              171,
              129
            ],
            [
              172,
              130
            ],
            [
              174,
              130
            ],
            [
              175,
              129
            ],
            [
              176,
              129
            ],
            [
              177,
              126
            ],
            [
              179,
              124
            ],
            [
              179,
              121
            ],
            [
              180,
              120
            ],
            [
              180,
              119
            ],
            [
              179,
              119
            ],
            [
              178,
              118
            ],
            [
              175,
              118
            ],
            [
              174,
              117
            ],
            [
              174,
              116
            ],
            [
              170,
              116
            ]
          ]
        ]
      },
      "properties": {
        "objectType": "annotation",
        "classification": {
          "name": "Neoplastic",
          "color": [
            255,
            0,
            0
          ]
        },
        "isLocked": false,
        "measurements": []
      }
    },
    {
      "type": "Feature",
      "id": "PathAnnotationObject",
      "geometry": {
        "type": "Polygon",
        "coordinates": [
          [
            [
              177,
              128
            ],
            [
              177,
              129
            ],
            [
              180,
              129
            ],
            [
              182,
              132
            ],
            [
              187,
              132
            ],
            [
              192,
              129
            ],
            [
              192,
              126
            ],
            [
              189,
              123
            ],
            [
              186,
              123
            ],
            [
              184,
              121
            ],
            [
              182,
              121
            ],
            [
              181,
              120
            ],
            [
              180,
              121
            ],
            [
              180,
              124
            ],
            [
              178,
              126
            ],
            [
              178,
              127
            ],
            [
              177,
              128
            ]
          ]
        ]
      },
      "properties": {
        "objectType": "annotation",
        "classification": {
          "name": "Neoplastic",
          "color": [
            255,
            0,
            0
          ]
        },
        "isLocked": false,
        "measurements": []
      }
    },
    {
      "type": "Feature",
      "id": "PathAnnotationObject",
      "geometry": {
        "type": "Polygon",
        "coordinates": [
          [
            [
              3,
              125
            ],
            [
              2,
              126
            ],
            [
              2,
              127
            ],
            [
              0,
              129
            ],
            [
              0,
              130
            ],
            [
              1,
              131
            ],
            [
              1,
              132
            ],
            [
              3,
              132
            ],
            [
              4,
              133
            ],
            [
              4,
              134
            ],
            [
              8,
              134
            ],
            [
              8,
              133
            ],
            [
              9,
              132
            ],
            [
              10,
              132
            ],
            [
              10,
              131
            ],
            [
              11,
              130
            ],
            [
              11,
              126
            ],
            [
              10,
              125
            ],
            [
              3,
              125
            ]
          ]
        ]
      },
      "properties": {
        "objectType": "annotation",
        "classification": {
          "name": "Inflammatory",
          "color": [
            0,
            0,
            255
          ]
        },
        "isLocked": false,
        "measurements": []
      }
    },
    {
      "type": "Feature",
      "id": "PathAnnotationObject",
      "geometry": {
        "type": "Polygon",
        "coordinates": [
          [
            [
              87,
              126
            ],
            [
              87,
              129
            ],
            [
              86,
              130
            ],
            [
              86,
              133
            ],
            [
              88,
              135
            ],
            [
              91,
              135
            ],
            [
              92,
              134
            ],
            [
              93,
              134
            ],
            [
              93,
              133
            ],
            [
              95,
              131
            ],
            [
              95,
              129
            ],
            [
              96,
              128
            ],
            [
              93,
              128
            ],
            [
              92,
              127
            ],
            [
              91,
              127
            ],
            [
              90,
              126
            ],
            [
              87,
              126
            ]
          ]
        ]
      },
      "properties": {
        "objectType": "annotation",
        "classification": {
          "name": "Inflammatory",
          "color": [
            0,
            0,
            255
          ]
        },
        "isLocked": false,
        "measurements": []
      }
    },
    {
      "type": "Feature",
      "id": "PathAnnotationObject",
      "geometry": {
        "type": "Polygon",
        "coordinates": [
          [
            [
              85,
              135
            ],
            [
              82,
              132
            ],
            [
              82,
              130
            ],
            [
              81,
              130
            ],
            [
              81,
              131
            ],
            [
              80,
              132
            ],
            [
              73,
              132
            ],
            [
              74,
              133
            ],
            [
              74,
              134
            ],
            [
              73,
              135
            ],
            [
              70,
              135
            ],
            [
              70,
              139
            ],
            [
              72,
              141
            ],
            [
              79,
              141
            ],
            [
              81,
              139
            ],
            [
              82,
              139
            ],
            [
              84,
              137
            ],
            [
              84,
              136
            ],
            [
              85,
              135
            ]
          ]
        ]
      },
      "properties": {
        "objectType": "annotation",
        "classification": {
          "name": "Neoplastic",
          "color": [
            255,
            0,
            0
          ]
        },
        "isLocked": false,
        "measurements": []
      }
    },
    {
      "type": "Feature",
      "id": "PathAnnotationObject",
      "geometry": {
        "type": "Polygon",
        "coordinates": [
          [
            [
              0,
              131
            ],
            [
              0,
              147
            ],
            [
              1,
              147
            ],
            [
              2,
              148
            ],
            [
              5,
              148
            ],
            [
              6,
              147
            ],
            [
              7,
              147
            ],
            [
              7,
              146
            ],
            [
              10,
              143
            ],
            [
              10,
              136
            ],
            [
              9,
              136
            ],
            [
              8,
              135
            ],
            [
              4,
              135
            ],
            [
              3,
              134
            ],
            [
              3,
              133
            ],
            [
              1,
              133
            ],
            [
              0,
              132
            ],
            [
              0,
              131
            ]
          ]
        ]
      },
      "properties": {
        "objectType": "annotation",
        "classification": {
          "name": "Inflammatory",
          "color": [
            0,
            0,
            255
          ]
        },
        "isLocked": false,
        "measurements": []
      }
    },
    {
      "type": "Feature",
      "id": "PathAnnotationObject",
      "geometry": {
        "type": "Polygon",
        "coordinates": [
          [
            [
              17,
              140
            ],
            [
              16,
              140
            ],
            [
              15,
              141
            ],
            [
              14,
              141
            ],
            [
              12,
              143
            ],
            [
              12,
              144
            ],
            [
              11,
              145
            ],
            [
              11,
              150
            ],
            [
              14,
              152
            ],
            [
              17,
              152
            ],
            [
              18,
              151
            ],
            [
              18,
              149
            ],
            [
              20,
              147
            ],
            [
              20,
              142
            ],
            [
              19,
              142
            ],
            [
              17,
              140
            ]
          ]
        ]
      },
      "properties": {
        "objectType": "annotation",
        "classification": {
          "name": "Inflammatory",
          "color": [
            0,
            0,
            255
          ]
        },
        "isLocked": false,
        "measurements": []
      }
    },
    {
      "type": "Feature",
      "id": "PathAnnotationObject",
      "geometry": {
        "type": "Polygon",
        "coordinates": [
          [
            [
              67,
              140
            ],
            [
              64,
              140
            ],
            [
              63,
              141
            ],
            [
              58,
              141
            ],
            [
              56,
              143
            ],
            [
              55,
              143
            ],
            [
              55,
              146
            ],
            [
              54,
              147
            ],
            [
              55,
              148
            ],
            [
              55,
              149
            ],
            [
              56,
              149
            ],
            [
              58,
              152
            ],
            [
              62,
              152
            ],
            [
              64,
              150
            ],
            [
              64,
              148
            ],
            [
              66,
              146
            ],
            [
              66,
              145
            ],
            [
              68,
              142
            ],
            [
              67,
              141
            ],
            [
              67,
              140
            ]
          ]
        ]
      },
      "properties": {
        "objectType": "annotation",
        "classification": {
          "name": "Inflammatory",
          "color": [
            0,
            0,
            255
          ]
        },
        "isLocked": false,
        "measurements": []
      }
    },
    {
      "type": "Feature",
      "id": "PathAnnotationObject",
      "geometry": {
        "type": "Polygon",
        "coordinates": [
          [
            [
              169,
              145
            ],
            [
              167,
              147
            ],
            [
              166,
              147
            ],
            [
              165,
              148
            ],
            [
              167,
              150
            ],
            [
              168,
              150
            ],
            [
              169,
              151
            ],
            [
              169,
              152
            ],
            [
              170,
              153
            ],
            [
              170,
              154
            ],
            [
              171,
              154
            ],
            [
              171,
              153
            ],
            [
              172,
              152
            ],
            [
              173,
              152
            ],
            [
              174,
              151
            ],
            [
              174,
              150
            ],
            [
              175,
              149
            ],
            [
              174,
              148
            ],
            [
              174,
              147
            ],
            [
              173,
              147
            ],
            [
              171,
              145
            ],
            [
              169,
              145
            ]
          ]
        ]
      },
      "properties": {
        "objectType": "annotation",
        "classification": {
          "name": "Connective",
          "color": [
            0,
            255,
            0
          ]
        },
        "isLocked": false,
        "measurements": []
      }
    },
    {
      "type": "Feature",
      "id": "PathAnnotationObject",
      "geometry": {
        "type": "Polygon",
        "coordinates": [
          [
            [
              164,
              149
            ],
            [
              162,
              151
            ],
            [
              162,
              156
            ],
            [
              164,
              156
            ],
            [
              165,
              157
            ],
            [
              165,
              158
            ],
            [
              166,
              158
            ],
            [
              167,
              157
            ],
            [
              168,
              157
            ],
            [
              168,
              156
            ],
            [
              169,
              155
            ],
            [
              169,
              153
            ],
            [
              168,
              152
            ],
            [
              168,
              151
            ],
            [
              167,
              151
            ],
            [
              165,
              149
            ],
            [
              164,
              149
            ]
          ]
        ]
      },
      "properties": {
        "objectType": "annotation",
        "classification": {
          "name": "Connective",
          "color": [
            0,
            255,
            0
          ]
        },
        "isLocked": false,
        "measurements": []
      }
    },
    {
      "type": "Feature",
      "id": "PathAnnotationObject",
      "geometry": {
        "type": "Polygon",
        "coordinates": [
          [
            [
              161,
              152
            ],
            [
              158,
              153
            ],
            [
              153,
              158
            ],
            [
              153,
              159
            ],
            [
              152,
              160
            ],
            [
              151,
              163
            ],
            [
              152,
              163
            ],
            [
              153,
              162
            ],
            [
              158,
              162
            ],
            [
              159,
              161
            ],
            [
              161,
              161
            ],
            [
              163,
              159
            ],
            [
              164,
              159
            ],
            [
              164,
              157
            ],
            [
              162,
              157
            ],
            [
              161,
              156
            ],
            [
              161,
              152
            ]
          ]
        ]
      },
      "properties": {
        "objectType": "annotation",
        "classification": {
          "name": "Connective",
          "color": [
            0,
            255,
            0
          ]
        },
        "isLocked": false,
        "measurements": []
      }
    },
    {
      "type": "Feature",
      "id": "PathAnnotationObject",
      "geometry": {
        "type": "Polygon",
        "coordinates": [
          [
            [
              51,
              151
            ],
            [
              49,
              153
            ],
            [
              48,
              153
            ],
            [
              48,
              159
            ],
            [
              53,
              163
            ],
            [
              53,
              167
            ],
            [
              54,
              168
            ],
            [
              57,
              168
            ],
            [
              61,
              165
            ],
            [
              61,
              162
            ],
            [
              60,
              161
            ],
            [
              60,
              159
            ],
            [
              59,
              158
            ],
            [
              59,
              153
            ],
            [
              58,
              153
            ],
            [
              57,
              152
            ],
            [
              55,
              152
            ],
            [
              54,
              151
            ],
            [
              51,
              151
            ]
          ]
        ]
      },
      "properties": {
        "objectType": "annotation",
        "classification": {
          "name": "Neoplastic",
          "color": [
            255,
            0,
            0
          ]
        },
        "isLocked": false,
        "measurements": []
      }
    },
    {
      "type": "Feature",
      "id": "PathAnnotationObject",
      "geometry": {
        "type": "Polygon",
        "coordinates": [
          [
            [
              130,
              159
            ],
            [
              125,
              153
            ],
            [
              124,
              153
            ],
            [
              123,
              152
            ],
            [
              121,
              152
            ],
            [
              120,
              153
            ],
            [
              118,
              153
            ],
            [
              118,
              154
            ],
            [
              117,
              155
            ],
            [
              114,
              156
            ],
            [
              112,
              158
            ],
            [
              112,
              159
            ],
            [
              111,
              160
            ],
            [
              111,
              162
            ],
            [
              115,
              166
            ],
            [
              125,
              166
            ],
            [
              125,
              165
            ],
            [
              126,
              164
            ],
            [
              129,
              163
            ],
            [
              129,
              162
            ],
            [
              130,
              161
            ],
            [
              130,
              159
            ]
          ]
        ]
      },
      "properties": {
        "objectType": "annotation",
        "classification": {
          "name": "Connective",
          "color": [
            0,
            255,
            0
          ]
        },
        "isLocked": false,
        "measurements": []
      }
    },
    {
      "type": "Feature",
      "id": "PathAnnotationObject",
      "geometry": {
        "type": "Polygon",
        "coordinates": [
          [
            [
              222,
              154
            ],
            [
              220,
              154
            ],
            [
              216,
              156
            ],
            [
              213,
              159
            ],
            [
              212,
              166
            ],
            [
              213,
              167
            ],
            [
              213,
              169
            ],
            [
              217,
              173
            ],
            [
              218,
              172
            ],
            [
              223,
              172
            ],
            [
              224,
              170
            ],
            [
              227,
              167
            ],
            [
              227,
              159
            ],
            [
              226,
              157
            ],
            [
              222,
              154
            ]
          ]
        ]
      },
      "properties": {
        "objectType": "annotation",
        "classification": {
          "name": "Neoplastic",
          "color": [
            255,
            0,
            0
          ]
        },
        "isLocked": false,
        "measurements": []
      }
    },
    {
      "type": "Feature",
      "id": "PathAnnotationObject",
      "geometry": {
        "type": "Polygon",
        "coordinates": [
          [
            [
              27,
              152
            ],
            [
              23,
              155
            ],
            [
              23,
              163
            ],
            [
              26,
              167
            ],
            [
              25,
              168
            ],
            [
              26,
              178
            ],
            [
              28,
              180
            ],
            [
              30,
              186
            ],
            [
              38,
              186
            ],
            [
              39,
              184
            ],
            [
              38,
              170
            ],
            [
              40,
              164
            ],
            [
              37,
              160
            ],
            [
              34,
              160
            ],
            [
              31,
              155
            ],
            [
              27,
              152
            ]
          ]
        ]
      },
      "properties": {
        "objectType": "annotation",
        "classification": {
          "name": "Neoplastic",
          "color": [
            255,
            0,
            0
          ]
        },
        "isLocked": false,
        "measurements": []
      }
    },
    {
      "type": "Feature",
      "id": "PathAnnotationObject",
      "geometry": {
        "type": "Polygon",
        "coordinates": [
          [
            [
              241,
              159
            ],
            [
              238,
              159
            ],
            [
              237,
              158
            ],
            [
              235,
              158
            ],
            [
              232,
              160
            ],
            [
              232,
              161
            ],
            [
              231,
              162
            ],
            [
              231,
              166
            ],
            [
              230,
              167
            ],
            [
              230,
              173
            ],
            [
              232,
              175
            ],
            [
              238,
              175
            ],
            [
              239,
              174
            ],
            [
              241,
              174
            ],
            [
              244,
              171
            ],
            [
              244,
              170
            ],
            [
              245,
              169
            ],
            [
              245,
              164
            ],
            [
              242,
              161
            ],
            [
              242,
              160
            ],
            [
              241,
              159
            ]
          ]
        ]
      },
      "properties": {
        "objectType": "annotation",
        "classification": {
          "name": "Neoplastic",
          "color": [
            255,
            0,
            0
          ]
        },
        "isLocked": false,
        "measurements": []
      }
    },
    {
      "type": "Feature",
      "id": "PathAnnotationObject",
      "geometry": {
        "type": "Polygon",
        "coordinates": [
          [
            [
              164,
              163
            ],
            [
              161,
              163
            ],
            [
              160,
              162
            ],
            [
              159,
              162
            ],
            [
              158,
              163
            ],
            [
              153,
              163
            ],
            [
              156,
              163
            ],
            [
              157,
              164
            ],
            [
              156,
              165
            ],
            [
              155,
              165
            ],
            [
              155,
              168
            ],
            [
              157,
              170
            ],
            [
              157,
              174
            ],
            [
              163,
              172
            ],
            [
              164,
              171
            ],
            [
              164,
              170
            ],
            [
              166,
              168
            ],
            [
              166,
              165
            ],
            [
              164,
              163
            ]
          ]
        ]
      },
      "properties": {
        "objectType": "annotation",
        "classification": {
          "name": "Neoplastic",
          "color": [
            255,
            0,
            0
          ]
        },
        "isLocked": false,
        "measurements": []
      }
    },
    {
      "type": "Feature",
      "id": "PathAnnotationObject",
      "geometry": {
        "type": "Polygon",
        "coordinates": [
          [
            [
              154,
              165
            ],
            [
              150,
              165
            ],
            [
              147,
              167
            ],
            [
              145,
              167
            ],
            [
              145,
              168
            ],
            [
              144,
              169
            ],
            [
              142,
              169
            ],
            [
              143,
              170
            ],
            [
              143,
              172
            ],
            [
              145,
              174
            ],
            [
              146,
              174
            ],
            [
              149,
              176
            ],
            [
              150,
              175
            ],
            [
              152,
              175
            ],
            [
              153,
              174
            ],
            [
              156,
              174
            ],
            [
              156,
              170
            ],
            [
              154,
              168
            ],
            [
              154,
              165
            ]
          ]
        ]
      },
      "properties": {
        "objectType": "annotation",
        "classification": {
          "name": "Neoplastic",
          "color": [
            255,
            0,
            0
          ]
        },
        "isLocked": false,
        "measurements": []
      }
    },
    {
      "type": "Feature",
      "id": "PathAnnotationObject",
      "geometry": {
        "type": "Polygon",
        "coordinates": [
          [
            [
              197,
              171
            ],
            [
              199,
              177
            ],
            [
              200,
              177
            ],
            [
              201,
              179
            ],
            [
              203,
              180
            ],
            [
              205,
              180
            ],
            [
              206,
              181
            ],
            [
              212,
              181
            ],
            [
              213,
              180
            ],
            [
              215,
              180
            ],
            [
              216,
              178
            ],
            [
              216,
              175
            ],
            [
              215,
              174
            ],
            [
              215,
              172
            ],
            [
              208,
              166
            ],
            [
              202,
              166
            ],
            [
              201,
              168
            ],
            [
              197,
              171
            ]
          ]
        ]
      },
      "properties": {
        "objectType": "annotation",
        "classification": {
          "name": "Neoplastic",
          "color": [
            255,
            0,
            0
          ]
        },
        "isLocked": false,
        "measurements": []
      }
    },
    {
      "type": "Feature",
      "id": "PathAnnotationObject",
      "geometry": {
        "type": "Polygon",
        "coordinates": [
          [
            [
              102,
              172
            ],
            [
              104,
              178
            ],
            [
              108,
              178
            ],
            [
              109,
              179
            ],
            [
              110,
              178
            ],
            [
              113,
              178
            ],
            [
              115,
              176
            ],
            [
              122,
              176
            ],
            [
              123,
              175
            ],
            [
              123,
              174
            ],
            [
              121,
              172
            ],
            [
              119,
              172
            ],
            [
              116,
              170
            ],
            [
              113,
              170
            ],
            [
              112,
              169
            ],
            [
              106,
              169
            ],
            [
              105,
              170
            ],
            [
              103,
              170
            ],
            [
              103,
              171
            ],
            [
              102,
              172
            ]
          ]
        ]
      },
      "properties": {
        "objectType": "annotation",
        "classification": {
          "name": "Neoplastic",
          "color": [
            255,
            0,
            0
          ]
        },
        "isLocked": false,
        "measurements": []
      }
    },
    {
      "type": "Feature",
      "id": "PathAnnotationObject",
      "geometry": {
        "type": "Polygon",
        "coordinates": [
          [
            [
              89,
              174
            ],
            [
              89,
              176
            ],
            [
              90,
              177
            ],
            [
              91,
              180
            ],
            [
              94,
              183
            ],
            [
              100,
              183
            ],
            [
              101,
              182
            ],
            [
              102,
              182
            ],
            [
              102,
              181
            ],
            [
              103,
              180
            ],
            [
              103,
              177
            ],
            [
              102,
              176
            ],
            [
              102,
              175
            ],
            [
              100,
              173
            ],
            [
              91,
              173
            ],
            [
              90,
              174
            ],
            [
              89,
              174
            ]
          ]
        ]
      },
      "properties": {
        "objectType": "annotation",
        "classification": {
          "name": "Neoplastic",
          "color": [
            255,
            0,
            0
          ]
        },
        "isLocked": false,
        "measurements": []
      }
    },
    {
      "type": "Feature",
      "id": "PathAnnotationObject",
      "geometry": {
        "type": "Polygon",
        "coordinates": [
          [
            [
              187,
              174
            ],
            [
              187,
              180
            ],
            [
              189,
              182
            ],
            [
              189,
              183
            ],
            [
              190,
              183
            ],
            [
              192,
              185
            ],
            [
              193,
              185
            ],
            [
              194,
              186
            ],
            [
              200,
              186
            ],
            [
              203,
              184
            ],
            [
              202,
              183
            ],
            [
              202,
              181
            ],
            [
              201,
              181
            ],
            [
              200,
              180
            ],
            [
              200,
              178
            ],
            [
              199,
              178
            ],
            [
              198,
              177
            ],
            [
              198,
              176
            ],
            [
              197,
              177
            ],
            [
              195,
              175
            ],
            [
              192,
              174
            ],
            [
              190,
              172
            ],
            [
              189,
              172
            ],
            [
              187,
              174
            ]
          ]
        ]
      },
      "properties": {
        "objectType": "annotation",
        "classification": {
          "name": "Neoplastic",
          "color": [
            255,
            0,
            0
          ]
        },
        "isLocked": false,
        "measurements": []
      }
    },
    {
      "type": "Feature",
      "id": "PathAnnotationObject",
      "geometry": {
        "type": "Polygon",
        "coordinates": [
          [
            [
              52,
              176
            ],
            [
              51,
              177
            ],
            [
              48,
              178
            ],
            [
              47,
              179
            ],
            [
              47,
              180
            ],
            [
              46,
              181
            ],
            [
              45,
              181
            ],
            [
              45,
              183
            ],
            [
              44,
              184
            ],
            [
              43,
              184
            ],
            [
              43,
              188
            ],
            [
              44,
              189
            ],
            [
              46,
              189
            ],
            [
              47,
              188
            ],
            [
              48,
              188
            ],
            [
              50,
              186
            ],
            [
              52,
              186
            ],
            [
              53,
              185
            ],
            [
              54,
              185
            ],
            [
              54,
              184
            ],
            [
              52,
              181
            ],
            [
              52,
              176
            ]
          ]
        ]
      },
      "properties": {
        "objectType": "annotation",
        "classification": {
          "name": "Inflammatory",
          "color": [
            0,
            0,
            255
          ]
        },
        "isLocked": false,
        "measurements": []
      }
    },
    {
      "type": "Feature",
      "id": "PathAnnotationObject",
      "geometry": {
        "type": "Polygon",
        "coordinates": [
          [
            [
              17,
              175
            ],
            [
              14,
              175
            ],
            [
              13,
              176
            ],
            [
              12,
              176
            ],
            [
              9,
              179
            ],
            [
              9,
              188
            ],
            [
              12,
              191
            ],
            [
              15,
              191
            ],
            [
              16,
              190
            ],
            [
              19,
              190
            ],
            [
              21,
              188
            ],
            [
              22,
              188
            ],
            [
              22,
              187
            ],
            [
              24,
              185
            ],
            [
              24,
              183
            ],
            [
              22,
              181
            ],
            [
              22,
              179
            ],
            [
              19,
              176
            ],
            [
              18,
              176
            ],
            [
              17,
              175
            ]
          ]
        ]
      },
      "properties": {
        "objectType": "annotation",
        "classification": {
          "name": "Neoplastic",
          "color": [
            255,
            0,
            0
          ]
        },
        "isLocked": false,
        "measurements": []
      }
    },
    {
      "type": "Feature",
      "id": "PathAnnotationObject",
      "geometry": {
        "type": "Polygon",
        "coordinates": [
          [
            [
              247,
              176
            ],
            [
              241,
              176
            ],
            [
              238,
              179
            ],
            [
              234,
              179
            ],
            [
              233,
              180
            ],
            [
              233,
              191
            ],
            [
              232,
              192
            ],
            [
              232,
              194
            ],
            [
              237,
              199
            ],
            [
              243,
              198
            ],
            [
              246,
              193
            ],
            [
              246,
              186
            ],
            [
              249,
              181
            ],
            [
              249,
              178
            ],
            [
              247,
              176
            ]
          ]
        ]
      },
      "properties": {
        "objectType": "annotation",
        "classification": {
          "name": "Neoplastic",
          "color": [
            255,
            0,
            0
          ]
        },
        "isLocked": false,
        "measurements": []
      }
    },
    {
      "type": "Feature",
      "id": "PathAnnotationObject",
      "geometry": {
        "type": "Polygon",
        "coordinates": [
          [
            [
              146,
              184
            ],
            [
              145,
              183
            ],
            [
              145,
              182
            ],
            [
              144,
              182
            ],
            [
              143,
              181
            ],
            [
              142,
              181
            ],
            [
              141,
              182
            ],
            [
              133,
              182
            ],
            [
              132,
              183
            ],
            [
              129,
              184
            ],
            [
              126,
              187
            ],
            [
              126,
              190
            ],
            [
              127,
              190
            ],
            [
              130,
              193
            ],
            [
              131,
              193
            ],
            [
              132,
              194
            ],
            [
              136,
              194
            ],
            [
              137,
              193
            ],
            [
              139,
              193
            ],
            [
              140,
              192
            ],
            [
              141,
              192
            ],
            [
              145,
              188
            ],
            [
              145,
              187
            ],
            [
              146,
              186
            ],
            [
              146,
              184
            ]
          ]
        ]
      },
      "properties": {
        "objectType": "annotation",
        "classification": {
          "name": "Neoplastic",
          "color": [
            255,
            0,
            0
          ]
        },
        "isLocked": false,
        "measurements": []
      }
    },
    {
      "type": "Feature",
      "id": "PathAnnotationObject",
      "geometry": {
        "type": "Polygon",
        "coordinates": [
          [
            [
              31,
              187
            ],
            [
              31,
              188
            ],
            [
              28,
              190
            ],
            [
              28,
              192
            ],
            [
              26,
              194
            ],
            [
              27,
              197
            ],
            [
              30,
              199
            ],
            [
              35,
              199
            ],
            [
              36,
              198
            ],
            [
              38,
              198
            ],
            [
              40,
              196
            ],
            [
              40,
              193
            ],
            [
              39,
              192
            ],
            [
              39,
              190
            ],
            [
              38,
              189
            ],
            [
              36,
              189
            ],
            [
              34,
              187
            ],
            [
              31,
              187
            ]
          ]
        ]
      },
      "properties": {
        "objectType": "annotation",
        "classification": {
          "name": "Inflammatory",
          "color": [
            0,
            0,
            255
          ]
        },
        "isLocked": false,
        "measurements": []
      }
    },
    {
      "type": "Feature",
      "id": "PathAnnotationObject",
      "geometry": {
        "type": "Polygon",
        "coordinates": [
          [
            [
              124,
              189
            ],
            [
              120,
              189
            ],
            [
              117,
              192
            ],
            [
              116,
              192
            ],
            [
              116,
              193
            ],
            [
              115,
              194
            ],
            [
              115,
              195
            ],
            [
              116,
              196
            ],
            [
              116,
              199
            ],
            [
              117,
              199
            ],
            [
              119,
              201
            ],
            [
              122,
              198
            ],
            [
              123,
              198
            ],
            [
              126,
              196
            ],
            [
              126,
              193
            ],
            [
              125,
              192
            ],
            [
              125,
              190
            ],
            [
              124,
              189
            ]
          ]
        ]
      },
      "properties": {
        "objectType": "annotation",
        "classification": {
          "name": "Inflammatory",
          "color": [
            0,
            0,
            255
          ]
        },
        "isLocked": false,
        "measurements": []
      }
    },
    {
      "type": "Feature",
      "id": "PathAnnotationObject",
      "geometry": {
        "type": "Polygon",
        "coordinates": [
          [
            [
              189,
              188
            ],
            [
              186,
              192
            ],
            [
              186,
              201
            ],
            [
              190,
              205
            ],
            [
              192,
              205
            ],
            [
              194,
              207
            ],
            [
              196,
              207
            ],
            [
              200,
              203
            ],
            [
              200,
              201
            ],
            [
              199,
              200
            ],
            [
              199,
              196
            ],
            [
              198,
              195
            ],
            [
              198,
              191
            ],
            [
              197,
              191
            ],
            [
              195,
              189
            ],
            [
              192,
              189
            ],
            [
              191,
              188
            ],
            [
              189,
              188
            ]
          ]
        ]
      },
      "properties": {
        "objectType": "annotation",
        "classification": {
          "name": "Neoplastic",
          "color": [
            255,
            0,
            0
          ]
        },
        "isLocked": false,
        "measurements": []
      }
    },
    {
      "type": "Feature",
      "id": "PathAnnotationObject",
      "geometry": {
        "type": "Polygon",
        "coordinates": [
          [
            [
              0,
              189
            ],
            [
              0,
              205
            ],
            [
              2,
              205
            ],
            [
              5,
              202
            ],
            [
              6,
              202
            ],
            [
              7,
              201
            ],
            [
              7,
              196
            ],
            [
              5,
              194
            ],
            [
              5,
              192
            ],
            [
              3,
              190
            ],
            [
              0,
              189
            ]
          ]
        ]
      },
      "properties": {
        "objectType": "annotation",
        "classification": {
          "name": "Neoplastic",
          "color": [
            255,
            0,
            0
          ]
        },
        "isLocked": false,
        "measurements": []
      }
    },
    {
      "type": "Feature",
      "id": "PathAnnotationObject",
      "geometry": {
        "type": "Polygon",
        "coordinates": [
          [
            [
              219,
              186
            ],
            [
              215,
              188
            ],
            [
              212,
              192
            ],
            [
              209,
              192
            ],
            [
              209,
              199
            ],
            [
              210,
              201
            ],
            [
              213,
              203
            ],
            [
              213,
              205
            ],
            [
              216,
              207
            ],
            [
              224,
              207
            ],
            [
              228,
              202
            ],
            [
              228,
              199
            ],
            [
              227,
              198
            ],
            [
              227,
              195
            ],
            [
              224,
              192
            ],
            [
              222,
              187
            ],
            [
              219,
              186
            ]
          ]
        ]
      },
      "properties": {
        "objectType": "annotation",
        "classification": {
          "name": "Neoplastic",
          "color": [
            255,
            0,
            0
          ]
        },
        "isLocked": false,
        "measurements": []
      }
    },
    {
      "type": "Feature",
      "id": "PathAnnotationObject",
      "geometry": {
        "type": "Polygon",
        "coordinates": [
          [
            [
              42,
              196
            ],
            [
              42,
              200
            ],
            [
              44,
              202
            ],
            [
              46,
              203
            ],
            [
              50,
              203
            ],
            [
              52,
              205
            ],
            [
              54,
              205
            ],
            [
              55,
              206
            ],
            [
              61,
              205
            ],
            [
              61,
              204
            ],
            [
              64,
              201
            ],
            [
              64,
              192
            ],
            [
              61,
              189
            ],
            [
              55,
              189
            ],
            [
              53,
              190
            ],
            [
              50,
              194
            ],
            [
              42,
              196
            ]
          ]
        ]
      },
      "properties": {
        "objectType": "annotation",
        "classification": {
          "name": "Neoplastic",
          "color": [
            255,
            0,
            0
          ]
        },
        "isLocked": false,
        "measurements": []
      }
    },
    {
      "type": "Feature",
      "id": "PathAnnotationObject",
      "geometry": {
        "type": "Polygon",
        "coordinates": [
          [
            [
              174,
              187
            ],
            [
              170,
              187
            ],
            [
              168,
              189
            ],
            [
              167,
              189
            ],
            [
              167,
              190
            ],
            [
              161,
              196
            ],
            [
              159,
              197
            ],
            [
              159,
              205
            ],
            [
              165,
              206
            ],
            [
              166,
              205
            ],
            [
              171,
              205
            ],
            [
              173,
              203
            ],
            [
              178,
              193
            ],
            [
              178,
              192
            ],
            [
              174,
              187
            ]
          ]
        ]
      },
      "properties": {
        "objectType": "annotation",
        "classification": {
          "name": "Neoplastic",
          "color": [
            255,
            0,
            0
          ]
        },
        "isLocked": false,
        "measurements": []
      }
    },
    {
      "type": "Feature",
      "id": "PathAnnotationObject",
      "geometry": {
        "type": "Polygon",
        "coordinates": [
          [
            [
              111,
              197
            ],
            [
              110,
              198
            ],
            [
              110,
              203
            ],
            [
              111,
              204
            ],
            [
              111,
              205
            ],
            [
              114,
              208
            ],
            [
              117,
              208
            ],
            [
              118,
              207
            ],
            [
              119,
              207
            ],
            [
              117,
              205
            ],
            [
              117,
              204
            ],
            [
              118,
              203
            ],
            [
              117,
              202
            ],
            [
              118,
              201
            ],
            [
              115,
              199
            ],
            [
              115,
              196
            ],
            [
              115,
              197
            ],
            [
              114,
              198
            ],
            [
              113,
              198
            ],
            [
              112,
              197
            ],
            [
              111,
              197
            ]
          ]
        ]
      },
      "properties": {
        "objectType": "annotation",
        "classification": {
          "name": "Neoplastic",
          "color": [
            255,
            0,
            0
          ]
        },
        "isLocked": false,
        "measurements": []
      }
    },
    {
      "type": "Feature",
      "id": "PathAnnotationObject",
      "geometry": {
        "type": "Polygon",
        "coordinates": [
          [
            [
              90,
              203
            ],
            [
              89,
              203
            ],
            [
              84,
              199
            ],
            [
              83,
              200
            ],
            [
              79,
              200
            ],
            [
              78,
              201
            ],
            [
              76,
              201
            ],
            [
              74,
              203
            ],
            [
              74,
              210
            ],
            [
              76,
              210
            ],
            [
              79,
              212
            ],
            [
              82,
              212
            ],
            [
              83,
              211
            ],
            [
              86,
              210
            ],
            [
              86,
              209
            ],
            [
              87,
              208
            ],
            [
              88,
              208
            ],
            [
              88,
              207
            ],
            [
              89,
              206
            ],
            [
              89,
              204
            ],
            [
              90,
              203
            ]
          ]
        ]
      },
      "properties": {
        "objectType": "annotation",
        "classification": {
          "name": "Neoplastic",
          "color": [
            255,
            0,
            0
          ]
        },
        "isLocked": false,
        "measurements": []
      }
    },
    {
      "type": "Feature",
      "id": "PathAnnotationObject",
      "geometry": {
        "type": "Polygon",
        "coordinates": [
          [
            [
              27,
              200
            ],
            [
              26,
              199
            ],
            [
              21,
              199
            ],
            [
              21,
              200
            ],
            [
              19,
              201
            ],
            [
              19,
              202
            ],
            [
              17,
              203
            ],
            [
              14,
              207
            ],
            [
              11,
              208
            ],
            [
              8,
              211
            ],
            [
              8,
              214
            ],
            [
              9,
              215
            ],
            [
              12,
              215
            ],
            [
              14,
              213
            ],
            [
              21,
              213
            ],
            [
              22,
              212
            ],
            [
              24,
              212
            ],
            [
              27,
              206
            ],
            [
              27,
              200
            ]
          ]
        ]
      },
      "properties": {
        "objectType": "annotation",
        "classification": {
          "name": "Inflammatory",
          "color": [
            0,
            0,
            255
          ]
        },
        "isLocked": false,
        "measurements": []
      }
    },
    {
      "type": "Feature",
      "id": "PathAnnotationObject",
      "geometry": {
        "type": "Polygon",
        "coordinates": [
          [
            [
              176,
              209
            ],
            [
              176,
              210
            ],
            [
              175,
              211
            ],
            [
              175,
              213
            ],
            [
              177,
              215
            ],
            [
              179,
              215
            ],
            [
              180,
              216
            ],
            [
              185,
              216
            ],
            [
              187,
              214
            ],
            [
              187,
              209
            ],
            [
              185,
              206
            ],
            [
              180,
              206
            ],
            [
              177,
              209
            ],
            [
              176,
              209
            ]
          ]
        ]
      },
      "properties": {
        "objectType": "annotation",
        "classification": {
          "name": "Neoplastic",
          "color": [
            255,
            0,
            0
          ]
        },
        "isLocked": false,
        "measurements": []
      }
    },
    {
      "type": "Feature",
      "id": "PathAnnotationObject",
      "geometry": {
        "type": "Polygon",
        "coordinates": [
          [
            [
              125,
              215
            ],
            [
              126,
              216
            ],
            [
              126,
              218
            ],
            [
              129,
              220
            ],
            [
              134,
              220
            ],
            [
              135,
              221
            ],
            [
              139,
              221
            ],
            [
              142,
              219
            ],
            [
              142,
              213
            ],
            [
              140,
              213
            ],
            [
              139,
              212
            ],
            [
              139,
              211
            ],
            [
              138,
              211
            ],
            [
              135,
              209
            ],
            [
              132,
              209
            ],
            [
              130,
              211
            ],
            [
              130,
              212
            ],
            [
              129,
              213
            ],
            [
              127,
              213
            ],
            [
              125,
              215
            ]
          ]
        ]
      },
      "properties": {
        "objectType": "annotation",
        "classification": {
          "name": "Neoplastic",
          "color": [
            255,
            0,
            0
          ]
        },
        "isLocked": false,
        "measurements": []
      }
    },
    {
      "type": "Feature",
      "id": "PathAnnotationObject",
      "geometry": {
        "type": "Polygon",
        "coordinates": [
          [
            [
              94,
              212
            ],
            [
              92,
              214
            ],
            [
              92,
              219
            ],
            [
              94,
              221
            ],
            [
              95,
              221
            ],
            [
              96,
              222
            ],
            [
              98,
              220
            ],
            [
              98,
              213
            ],
            [
              97,
              213
            ],
            [
              96,
              212
            ],
            [
              94,
              212
            ]
          ]
        ]
      },
      "properties": {
        "objectType": "annotation",
        "classification": {
          "name": "Inflammatory",
          "color": [
            0,
            0,
            255
          ]
        },
        "isLocked": false,
        "measurements": []
      }
    },
    {
      "type": "Feature",
      "id": "PathAnnotationObject",
      "geometry": {
        "type": "Polygon",
        "coordinates": [
          [
            [
              226,
              209
            ],
            [
              225,
              210
            ],
            [
              225,
              213
            ],
            [
              224,
              214
            ],
            [
              223,
              217
            ],
            [
              226,
              220
            ],
            [
              228,
              220
            ],
            [
              230,
              222
            ],
            [
              232,
              222
            ],
            [
              232,
              221
            ],
            [
              233,
              220
            ],
            [
              235,
              220
            ],
            [
              236,
              219
            ],
            [
              236,
              216
            ],
            [
              237,
              215
            ],
            [
              237,
              212
            ],
            [
              236,
              211
            ],
            [
              231,
              211
            ],
            [
              229,
              209
            ],
            [
              226,
              209
            ]
          ]
        ]
      },
      "properties": {
        "objectType": "annotation",
        "classification": {
          "name": "Neoplastic",
          "color": [
            255,
            0,
            0
          ]
        },
        "isLocked": false,
        "measurements": []
      }
    },
    {
      "type": "Feature",
      "id": "PathAnnotationObject",
      "geometry": {
        "type": "Polygon",
        "coordinates": [
          [
            [
              79,
              218
            ],
            [
              79,
              220
            ],
            [
              80,
              220
            ],
            [
              81,
              221
            ],
            [
              81,
              222
            ],
            [
              82,
              223
            ],
            [
              83,
              223
            ],
            [
              84,
              224
            ],
            [
              85,
              224
            ],
            [
              86,
              223
            ],
            [
              88,
              223
            ],
            [
              88,
              217
            ],
            [
              86,
              215
            ],
            [
              83,
              215
            ],
            [
              82,
              216
            ],
            [
              81,
              216
            ],
            [
              79,
              218
            ]
          ]
        ]
      },
      "properties": {
        "objectType": "annotation",
        "classification": {
          "name": "Inflammatory",
          "color": [
            0,
            0,
            255
          ]
        },
        "isLocked": false,
        "measurements": []
      }
    },
    {
      "type": "Feature",
      "id": "PathAnnotationObject",
      "geometry": {
        "type": "Polygon",
        "coordinates": [
          [
            [
              199,
              209
            ],
            [
              197,
              211
            ],
            [
              196,
              215
            ],
            [
              194,
              216
            ],
            [
              194,
              220
            ],
            [
              199,
              226
            ],
            [
              199,
              229
            ],
            [
              208,
              234
            ],
            [
              215,
              234
            ],
            [
              219,
              231
            ],
            [
              219,
              228
            ],
            [
              220,
              227
            ],
            [
              220,
              224
            ],
            [
              216,
              219
            ],
            [
              217,
              217
            ],
            [
              212,
              214
            ],
            [
              208,
              209
            ],
            [
              199,
              209
            ]
          ]
        ]
      },
      "properties": {
        "objectType": "annotation",
        "classification": {
          "name": "Neoplastic",
          "color": [
            255,
            0,
            0
          ]
        },
        "isLocked": false,
        "measurements": []
      }
    },
    {
      "type": "Feature",
      "id": "PathAnnotationObject",
      "geometry": {
        "type": "Polygon",
        "coordinates": [
          [
            [
              166,
              216
            ],
            [
              160,
              216
            ],
            [
              160,
              217
            ],
            [
              157,
              220
            ],
            [
              157,
              222
            ],
            [
              158,
              223
            ],
            [
              158,
              225
            ],
            [
              159,
              226
            ],
            [
              159,
              227
            ],
            [
              160,
              228
            ],
            [
              160,
              230
            ],
            [
              161,
              231
            ],
            [
              163,
              231
            ],
            [
              166,
              229
            ],
            [
              168,
              229
            ],
            [
              168,
              227
            ],
            [
              170,
              224
            ],
            [
              170,
              221
            ],
            [
              169,
              220
            ],
            [
              168,
              217
            ],
            [
              167,
              217
            ],
            [
              166,
              216
            ]
          ]
        ]
      },
      "properties": {
        "objectType": "annotation",
        "classification": {
          "name": "Neoplastic",
          "color": [
            255,
            0,
            0
          ]
        },
        "isLocked": false,
        "measurements": []
      }
    },
    {
      "type": "Feature",
      "id": "PathAnnotationObject",
      "geometry": {
        "type": "Polygon",
        "coordinates": [
          [
            [
              175,
              218
            ],
            [
              172,
              221
            ],
            [
              172,
              223
            ],
            [
              170,
              225
            ],
            [
              170,
              226
            ],
            [
              171,
              227
            ],
            [
              171,
              229
            ],
            [
              174,
              232
            ],
            [
              175,
              232
            ],
            [
              176,
              233
            ],
            [
              179,
              233
            ],
            [
              180,
              232
            ],
            [
              181,
              232
            ],
            [
              181,
              231
            ],
            [
              185,
              226
            ],
            [
              185,
              223
            ],
            [
              182,
              220
            ],
            [
              181,
              220
            ],
            [
              178,
              218
            ],
            [
              175,
              218
            ]
          ]
        ]
      },
      "properties": {
        "objectType": "annotation",
        "classification": {
          "name": "Neoplastic",
          "color": [
            255,
            0,
            0
          ]
        },
        "isLocked": false,
        "measurements": []
      }
    },
    {
      "type": "Feature",
      "id": "PathAnnotationObject",
      "geometry": {
        "type": "Polygon",
        "coordinates": [
          [
            [
              149,
              220
            ],
            [
              145,
              225
            ],
            [
              145,
              229
            ],
            [
              146,
              229
            ],
            [
              148,
              231
            ],
            [
              148,
              232
            ],
            [
              149,
              232
            ],
            [
              150,
              233
            ],
            [
              150,
              234
            ],
            [
              152,
              234
            ],
            [
              153,
              235
            ],
            [
              154,
              235
            ],
            [
              155,
              234
            ],
            [
              156,
              234
            ],
            [
              156,
              233
            ],
            [
              157,
              232
            ],
            [
              159,
              232
            ],
            [
              160,
              231
            ],
            [
              159,
              230
            ],
            [
              159,
              228
            ],
            [
              157,
              225
            ],
            [
              156,
              220
            ],
            [
              155,
              221
            ],
            [
              153,
              221
            ],
            [
              152,
              220
            ],
            [
              149,
              220
            ]
          ]
        ]
      },
      "properties": {
        "objectType": "annotation",
        "classification": {
          "name": "Neoplastic",
          "color": [
            255,
            0,
            0
          ]
        },
        "isLocked": false,
        "measurements": []
      }
    },
    {
      "type": "Feature",
      "id": "PathAnnotationObject",
      "geometry": {
        "type": "Polygon",
        "coordinates": [
          [
            [
              67,
              221
            ],
            [
              65,
              221
            ],
            [
              64,
              220
            ],
            [
              63,
              221
            ],
            [
              62,
              221
            ],
            [
              57,
              226
            ],
            [
              57,
              227
            ],
            [
              55,
              230
            ],
            [
              55,
              232
            ],
            [
              56,
              232
            ],
            [
              57,
              233
            ],
            [
              58,
              236
            ],
            [
              64,
              236
            ],
            [
              68,
              232
            ],
            [
              69,
              232
            ],
            [
              69,
              226
            ],
            [
              68,
              225
            ],
            [
              68,
              222
            ],
            [
              67,
              221
            ]
          ]
        ]
      },
      "properties": {
        "objectType": "annotation",
        "classification": {
          "name": "Neoplastic",
          "color": [
            255,
            0,
            0
          ]
        },
        "isLocked": false,
        "measurements": []
      }
    },
    {
      "type": "Feature",
      "id": "PathAnnotationObject",
      "geometry": {
        "type": "Polygon",
        "coordinates": [
          [
            [
              128,
              226
            ],
            [
              128,
              228
            ],
            [
              127,
              229
            ],
            [
              127,
              232
            ],
            [
              131,
              236
            ],
            [
              137,
              236
            ],
            [
              140,
              234
            ],
            [
              142,
              234
            ],
            [
              143,
              233
            ],
            [
              144,
              233
            ],
            [
              144,
              226
            ],
            [
              143,
              226
            ],
            [
              142,
              225
            ],
            [
              140,
              225
            ],
            [
              139,
              224
            ],
            [
              133,
              224
            ],
            [
              132,
              225
            ],
            [
              129,
              225
            ],
            [
              128,
              226
            ]
          ]
        ]
      },
      "properties": {
        "objectType": "annotation",
        "classification": {
          "name": "Neoplastic",
          "color": [
            255,
            0,
            0
          ]
        },
        "isLocked": false,
        "measurements": []
      }
    },
    {
      "type": "Feature",
      "id": "PathAnnotationObject",
      "geometry": {
        "type": "Polygon",
        "coordinates": [
          [
            [
              113,
              234
            ],
            [
              111,
              236
            ],
            [
              111,
              239
            ],
            [
              109,
              240
            ],
            [
              109,
              246
            ],
            [
              111,
              246
            ],
            [
              113,
              248
            ],
            [
              113,
              249
            ],
            [
              114,
              249
            ],
            [
              116,
              251
            ],
            [
              117,
              250
            ],
            [
              121,
              250
            ],
            [
              122,
              249
            ],
            [
              124,
              249
            ],
            [
              125,
              248
            ],
            [
              125,
              240
            ],
            [
              124,
              238
            ],
            [
              123,
              238
            ],
            [
              122,
              236
            ],
            [
              118,
              233
            ],
            [
              115,
              233
            ],
            [
              113,
              234
            ]
          ]
        ]
      },
      "properties": {
        "objectType": "annotation",
        "classification": {
          "name": "Neoplastic",
          "color": [
            255,
            0,
            0
          ]
        },
        "isLocked": false,
        "measurements": []
      }
    },
    {
      "type": "Feature",
      "id": "PathAnnotationObject",
      "geometry": {
        "type": "Polygon",
        "coordinates": [
          [
            [
              78,
              245
            ],
            [
              79,
              248
            ],
            [
              81,
              249
            ],
            [
              85,
              249
            ],
            [
              87,
              251
            ],
            [
              93,
              254
            ],
            [
              97,
              254
            ],
            [
              99,
              252
            ],
            [
              100,
              252
            ],
            [
              102,
              249
            ],
            [
              102,
              247
            ],
            [
              101,
              247
            ],
            [
              98,
              243
            ],
            [
              93,
              242
            ],
            [
              90,
              240
            ],
            [
              81,
              240
            ],
            [
              81,
              241
            ],
            [
              79,
              242
            ],
            [
              79,
              244
            ],
            [
              78,
              245
            ]
          ]
        ]
      },
      "properties": {
        "objectType": "annotation",
        "classification": {
          "name": "Neoplastic",
          "color": [
            255,
            0,
            0
          ]
        },
        "isLocked": false,
        "measurements": []
      }
    },
    {
      "type": "Feature",
      "id": "PathAnnotationObject",
      "geometry": {
        "type": "Polygon",
        "coordinates": [
          [
            [
              108,
              186
            ],
            [
              106,
              184
            ],
            [
              104,
              184
            ],
            [
              95,
              188
            ],
            [
              88,
              195
            ],
            [
              87,
              197
            ],
            [
              88,
              200
            ],
            [
              90,
              202
            ],
            [
              94,
              202
            ],
            [
              95,
              201
            ],
            [
              97,
              201
            ],
            [
              103,
              196
            ],
            [
              106,
              195
            ],
            [
              109,
              192
            ],
            [
              108,
              186
            ]
          ]
        ]
      },
      "properties": {
        "objectType": "annotation",
        "classification": {
          "name": "Neoplastic",
          "color": [
            255,
            0,
            0
          ]
        },
        "isLocked": false,
        "measurements": []
      }
    },
    {
      "type": "Feature",
      "id": "PathAnnotationObject",
      "geometry": {
        "type": "Polygon",
        "coordinates": [
          [
            [
              92,
              185
            ],
            [
              90,
              183
            ],
            [
              88,
              183
            ],
            [
              87,
              184
            ],
            [
              83,
              184
            ],
            [
              82,
              185
            ],
            [
              81,
              185
            ],
            [
              76,
              190
            ],
            [
              76,
              191
            ],
            [
              75,
              192
            ],
            [
              75,
              196
            ],
            [
              77,
              198
            ],
            [
              79,
              198
            ],
            [
              80,
              197
            ],
            [
              83,
              197
            ],
            [
              84,
              196
            ],
            [
              85,
              196
            ],
            [
              87,
              194
            ],
            [
              88,
              194
            ],
            [
              92,
              190
            ],
            [
              92,
              189
            ],
            [
              93,
              188
            ],
            [
              92,
              185
            ]
          ]
        ]
      },
      "properties": {
        "objectType": "annotation",
        "classification": {
          "name": "Neoplastic",
          "color": [
            255,
            0,
            0
          ]
        },
        "isLocked": false,
        "measurements": []
      }
    },
    {
      "type": "Feature",
      "id": "PathAnnotationObject",
      "geometry": {
        "type": "Polygon",
        "coordinates": [
          [
            [
              135,
              198
            ],
            [
              134,
              197
            ],
            [
              134,
              196
            ],
            [
              131,
              194
            ],
            [
              130,
              195
            ],
            [
              129,
              195
            ],
            [
              127,
              197
            ],
            [
              122,
              199
            ],
            [
              119,
              202
            ],
            [
              118,
              205
            ],
            [
              120,
              207
            ],
            [
              125,
              207
            ],
            [
              126,
              206
            ],
            [
              127,
              206
            ],
            [
              128,
              205
            ],
            [
              133,
              203
            ],
            [
              135,
              200
            ],
            [
              135,
              198
            ]
          ]
        ]
      },
      "properties": {
        "objectType": "annotation",
        "classification": {
          "name": "Neoplastic",
          "color": [
            255,
            0,
            0
          ]
        },
        "isLocked": false,
        "measurements": []
      }
    },
    {
      "type": "Feature",
      "id": "PathAnnotationObject",
      "geometry": {
        "type": "Polygon",
        "coordinates": [
          [
            [
              80,
              161
            ],
            [
              77,
              161
            ],
            [
              76,
              162
            ],
            [
              73,
              162
            ],
            [
              66,
              169
            ],
            [
              66,
              171
            ],
            [
              69,
              175
            ],
            [
              72,
              175
            ],
            [
              73,
              174
            ],
            [
              79,
              174
            ],
            [
              80,
              173
            ],
            [
              80,
              172
            ],
            [
              81,
              171
            ],
            [
              82,
              171
            ],
            [
              82,
              163
            ],
            [
              80,
              161
            ]
          ]
        ]
      },
      "properties": {
        "objectType": "annotation",
        "classification": {
          "name": "Neoplastic",
          "color": [
            255,
            0,
            0
          ]
        },
        "isLocked": false,
        "measurements": []
      }
    },
    {
      "type": "Feature",
      "id": "PathAnnotationObject",
      "geometry": {
        "type": "Polygon",
        "coordinates": [
          [
            [
              90,
              139
            ],
            [
              87,
              139
            ],
            [
              86,
              140
            ],
            [
              85,
              140
            ],
            [
              81,
              144
            ],
            [
              81,
              148
            ],
            [
              82,
              149
            ],
            [
              85,
              149
            ],
            [
              87,
              147
            ],
            [
              88,
              147
            ],
            [
              89,
              146
            ],
            [
              89,
              145
            ],
            [
              90,
              144
            ],
            [
              90,
              143
            ],
            [
              91,
              142
            ],
            [
              91,
              140
            ],
            [
              90,
              139
            ]
          ]
        ]
      },
      "properties": {
        "objectType": "annotation",
        "classification": {
          "name": "Neoplastic",
          "color": [
            255,
            0,
            0
          ]
        },
        "isLocked": false,
        "measurements": []
      }
    },
    {
      "type": "Feature",
      "id": "PathAnnotationObject",
      "geometry": {
        "type": "Polygon",
        "coordinates": [
          [
            [
              100,
              80
            ],
            [
              99,
              79
            ],
            [
              95,
              79
            ],
            [
              94,
              80
            ],
            [
              92,
              80
            ],
            [
              91,
              81
            ],
            [
              88,
              82
            ],
            [
              86,
              84
            ],
            [
              86,
              90
            ],
            [
              87,
              90
            ],
            [
              90,
              92
            ],
            [
              95,
              92
            ],
            [
              96,
              91
            ],
            [
              97,
              91
            ],
            [
              101,
              87
            ],
            [
              101,
              83
            ],
            [
              100,
              82
            ],
            [
              100,
              80
            ]
          ]
        ]
      },
      "properties": {
        "objectType": "annotation",
        "classification": {
          "name": "Neoplastic",
          "color": [
            255,
            0,
            0
          ]
        },
        "isLocked": false,
        "measurements": []
      }
    },
    {
      "type": "Feature",
      "id": "PathAnnotationObject",
      "geometry": {
        "type": "Polygon",
        "coordinates": [
          [
            [
              88,
              72
            ],
            [
              88,
              77
            ],
            [
              89,
              78
            ],
            [
              91,
              78
            ],
            [
              92,
              79
            ],
            [
              93,
              79
            ],
            [
              94,
              78
            ],
            [
              97,
              78
            ],
            [
              98,
              77
            ],
            [
              99,
              77
            ],
            [
              101,
              75
            ],
            [
              99,
              73
            ],
            [
              99,
              72
            ],
            [
              97,
              69
            ],
            [
              92,
              69
            ],
            [
              89,
              72
            ],
            [
              88,
              72
            ]
          ]
        ]
      },
      "properties": {
        "objectType": "annotation",
        "classification": {
          "name": "Neoplastic",
          "color": [
            255,
            0,
            0
          ]
        },
        "isLocked": false,
        "measurements": []
      }
    },
    {
      "type": "Feature",
      "id": "PathAnnotationObject",
      "geometry": {
        "type": "Polygon",
        "coordinates": [
          [
            [
              136,
              64
            ],
            [
              135,
              63
            ],
            [
              135,
              61
            ],
            [
              133,
              58
            ],
            [
              129,
              58
            ],
            [
              128,
              59
            ],
            [
              125,
              59
            ],
            [
              124,
              60
            ],
            [
              121,
              61
            ],
            [
              118,
              65
            ],
            [
              118,
              66
            ],
            [
              122,
              69
            ],
            [
              127,
              70
            ],
            [
              128,
              69
            ],
            [
              133,
              69
            ],
            [
              136,
              66
            ],
            [
              136,
              64
            ]
          ]
        ]
      },
      "properties": {
        "objectType": "annotation",
        "classification": {
          "name": "Neoplastic",
          "color": [
            255,
            0,
            0
          ]
        },
        "isLocked": false,
        "measurements": []
      }
    },
    {
      "type": "Feature",
      "id": "PathAnnotationObject",
      "geometry": {
        "type": "Polygon",
        "coordinates": [
          [
            [
              137,
              58
            ],
            [
              136,
              59
            ],
            [
              136,
              63
            ],
            [
              137,
              63
            ],
            [
              140,
              66
            ],
            [
              144,
              66
            ],
            [
              145,
              65
            ],
            [
              145,
              60
            ],
            [
              144,
              59
            ],
            [
              144,
              58
            ],
            [
              142,
              56
            ],
            [
              141,
              56
            ],
            [
              140,
              57
            ],
            [
              139,
              57
            ],
            [
              138,
              58
            ],
            [
              137,
              58
            ]
          ]
        ]
      },
      "properties": {
        "objectType": "annotation",
        "classification": {
          "name": "Neoplastic",
          "color": [
            255,
            0,
            0
          ]
        },
        "isLocked": false,
        "measurements": []
      }
    },
    {
      "type": "Feature",
      "id": "PathAnnotationObject",
      "geometry": {
        "type": "Polygon",
        "coordinates": [
          [
            [
              155,
              59
            ],
            [
              155,
              64
            ],
            [
              156,
              65
            ],
            [
              156,
              67
            ],
            [
              164,
              74
            ],
            [
              170,
              77
            ],
            [
              174,
              77
            ],
            [
              176,
              74
            ],
            [
              176,
              70
            ],
            [
              170,
              63
            ],
            [
              170,
              62
            ],
            [
              163,
              56
            ],
            [
              160,
              56
            ],
            [
              155,
              59
            ]
          ]
        ]
      },
      "properties": {
        "objectType": "annotation",
        "classification": {
          "name": "Neoplastic",
          "color": [
            255,
            0,
            0
          ]
        },
        "isLocked": false,
        "measurements": []
      }
    },
    {
      "type": "Feature",
      "id": "PathAnnotationObject",
      "geometry": {
        "type": "Polygon",
        "coordinates": [
          [
            [
              108,
              117
            ],
            [
              105,
              117
            ],
            [
              104,
              118
            ],
            [
              103,
              118
            ],
            [
              101,
              120
            ],
            [
              101,
              124
            ],
            [
              102,
              125
            ],
            [
              105,
              125
            ],
            [
              107,
              123
            ],
            [
              108,
              123
            ],
            [
              109,
              122
            ],
            [
              109,
              119
            ],
            [
              108,
              118
            ],
            [
              108,
              117
            ]
          ]
        ]
      },
      "properties": {
        "objectType": "annotation",
        "classification": {
          "name": "Neoplastic",
          "color": [
            255,
            0,
            0
          ]
        },
        "isLocked": false,
        "measurements": []
      }
    },
    {
      "type": "Feature",
      "id": "PathAnnotationObject",
      "geometry": {
        "type": "Polygon",
        "coordinates": [
          [
            [
              90,
              116
            ],
            [
              87,
              119
            ],
            [
              87,
              121
            ],
            [
              88,
              122
            ],
            [
              88,
              124
            ],
            [
              89,
              125
            ],
            [
              90,
              125
            ],
            [
              93,
              127
            ],
            [
              96,
              127
            ],
            [
              99,
              124
            ],
            [
              99,
              120
            ],
            [
              98,
              120
            ],
            [
              95,
              117
            ],
            [
              94,
              117
            ],
            [
              93,
              116
            ],
            [
              90,
              116
            ]
          ]
        ]
      },
      "properties": {
        "objectType": "annotation",
        "classification": {
          "name": "Neoplastic",
          "color": [
            255,
            0,
            0
          ]
        },
        "isLocked": false,
        "measurements": []
      }
    },
    {
      "type": "Feature",
      "id": "PathAnnotationObject",
      "geometry": {
        "type": "Polygon",
        "coordinates": [
          [
            [
              251,
              99
            ],
            [
              249,
              100
            ],
            [
              241,
              101
            ],
            [
              235,
              104
            ],
            [
              231,
              109
            ],
            [
              231,
              112
            ],
            [
              230,
              113
            ],
            [
              229,
              119
            ],
            [
              233,
              120
            ],
            [
              245,
              114
            ],
            [
              250,
              105
            ],
            [
              250,
              100
            ],
            [
              251,
              99
            ]
          ]
        ]
      },
      "properties": {
        "objectType": "annotation",
        "classification": {
          "name": "Neoplastic",
          "color": [
            255,
            0,
            0
          ]
        },
        "isLocked": false,
        "measurements": []
      }
    },
    {
      "type": "Feature",
      "id": "PathAnnotationObject",
      "geometry": {
        "type": "Polygon",
        "coordinates": [
          [
            [
              85,
              47
            ],
            [
              83,
              47
            ],
            [
              82,
              48
            ],
            [
              81,
              48
            ],
            [
              79,
              51
            ],
            [
              79,
              53
            ],
            [
              78,
              54
            ],
            [
              78,
              58
            ],
            [
              79,
              59
            ],
            [
              79,
              60
            ],
            [
              83,
              60
            ],
            [
              85,
              58
            ],
            [
              85,
              57
            ],
            [
              87,
              55
            ],
            [
              87,
              50
            ],
            [
              85,
              47
            ]
          ]
        ]
      },
      "properties": {
        "objectType": "annotation",
        "classification": {
          "name": "Neoplastic",
          "color": [
            255,
            0,
            0
          ]
        },
        "isLocked": false,
        "measurements": []
      }
    },
    {
      "type": "Feature",
      "id": "PathAnnotationObject",
      "geometry": {
        "type": "Polygon",
        "coordinates": [
          [
            [
              202,
              91
            ],
            [
              202,
              94
            ],
            [
              201,
              95
            ],
            [
              201,
              97
            ],
            [
              203,
              99
            ],
            [
              203,
              100
            ],
            [
              206,
              103
            ],
            [
              209,
              103
            ],
            [
              211,
              101
            ],
            [
              211,
              99
            ],
            [
              210,
              98
            ],
            [
              210,
              95
            ],
            [
              209,
              94
            ],
            [
              209,
              93
            ],
            [
              207,
              91
            ],
            [
              202,
              91
            ]
          ]
        ]
      },
      "properties": {
        "objectType": "annotation",
        "classification": {
          "name": "Neoplastic",
          "color": [
            255,
            0,
            0
          ]
        },
        "isLocked": false,
        "measurements": []
      }
    },
    {
      "type": "Feature",
      "id": "PathAnnotationObject",
      "geometry": {
        "type": "Polygon",
        "coordinates": [
          [
            [
              179,
              93
            ],
            [
              176,
              96
            ],
            [
              176,
              99
            ],
            [
              177,
              100
            ],
            [
              177,
              101
            ],
            [
              178,
              101
            ],
            [
              180,
              103
            ],
            [
              183,
              103
            ],
            [
              185,
              101
            ],
            [
              185,
              97
            ],
            [
              184,
              96
            ],
            [
              184,
              95
            ],
            [
              182,
              93
            ],
            [
              179,
              93
            ]
          ]
        ]
      },
      "properties": {
        "objectType": "annotation",
        "classification": {
          "name": "Neoplastic",
          "color": [
            255,
            0,
            0
          ]
        },
        "isLocked": false,
        "measurements": []
      }
    },
    {
      "type": "Feature",
      "id": "PathAnnotationObject",
      "geometry": {
        "type": "Polygon",
        "coordinates": [
          [
            [
              101,
              44
            ],
            [
              101,
              48
            ],
            [
              103,
              50
            ],
            [
              104,
              50
            ],
            [
              105,
              51
            ],
            [
              112,
              51
            ],
            [
              113,
              50
            ],
            [
              113,
              45
            ],
            [
              112,
              44
            ],
            [
              112,
              41
            ],
            [
              111,
              41
            ],
            [
              110,
              40
            ],
            [
              107,
              40
            ],
            [
              106,
              41
            ],
            [
              103,
              42
            ],
            [
              101,
              44
            ]
          ]
        ]
      },
      "properties": {
        "objectType": "annotation",
        "classification": {
          "name": "Neoplastic",
          "color": [
            255,
            0,
            0
          ]
        },
        "isLocked": false,
        "measurements": []
      }
    },
    {
      "type": "Feature",
      "id": "PathAnnotationObject",
      "geometry": {
        "type": "Polygon",
        "coordinates": [
          [
            [
              20,
              248
            ],
            [
              19,
              247
            ],
            [
              17,
              247
            ],
            [
              15,
              245
            ],
            [
              15,
              242
            ],
            [
              14,
              243
            ],
            [
              13,
              243
            ],
            [
              12,
              244
            ],
            [
              11,
              244
            ],
            [
              10,
              245
            ],
            [
              10,
              248
            ],
            [
              11,
              249
            ],
            [
              18,
              249
            ],
            [
              19,
              248
            ],
            [
              20,
              248
            ]
          ]
        ]
      },
      "properties": {
        "objectType": "annotation",
        "classification": {
          "name": "Connective",
          "color": [
            0,
            255,
            0
          ]
        },
        "isLocked": false,
        "measurements": []
      }
    },
    {
      "type": "Feature",
      "id": "PathAnnotationObject",
      "geometry": {
        "type": "Polygon",
        "coordinates": [
          [
            [
              16,
              245
            ],
            [
              17,
              246
            ],
            [
              19,
              246
            ],
            [
              20,
              247
            ],
            [
              25,
              247
            ],
            [
              26,
              246
            ],
            [
              28,
              246
            ],
            [
              30,
              244
            ],
            [
              30,
              242
            ],
            [
              31,
              241
            ],
            [
              31,
              240
            ],
            [
              30,
              241
            ],
            [
              27,
              239
            ],
            [
              18,
              239
            ],
            [
              16,
              241
            ],
            [
              16,
              245
            ]
          ]
        ]
      },
      "properties": {
        "objectType": "annotation",
        "classification": {
          "name": "Connective",
          "color": [
            0,
            255,
            0
          ]
        },
        "isLocked": false,
        "measurements": []
      }
    },
    {
      "type": "Feature",
      "id": "PathAnnotationObject",
      "geometry": {
        "type": "Polygon",
        "coordinates": [
          [
            [
              76,
              113
            ],
            [
              75,
              112
            ],
            [
              73,
              112
            ],
            [
              72,
              111
            ],
            [
              65,
              111
            ],
            [
              61,
              115
            ],
            [
              61,
              117
            ],
            [
              60,
              118
            ],
            [
              60,
              123
            ],
            [
              62,
              125
            ],
            [
              67,
              125
            ],
            [
              68,
              124
            ],
            [
              69,
              124
            ],
            [
              70,
              123
            ],
            [
              71,
              120
            ],
            [
              75,
              116
            ],
            [
              76,
              116
            ],
            [
              76,
              113
            ]
          ]
        ]
      },
      "properties": {
        "objectType": "annotation",
        "classification": {
          "name": "Neoplastic",
          "color": [
            255,
            0,
            0
          ]
        },
        "isLocked": false,
        "measurements": []
      }
    },
    {
      "type": "Feature",
      "id": "PathAnnotationObject",
      "geometry": {
        "type": "Polygon",
        "coordinates": [
          [
            [
              75,
              117
            ],
            [
              72,
              120
            ],
            [
              72,
              121
            ],
            [
              70,
              124
            ],
            [
              70,
              126
            ],
            [
              72,
              129
            ],
            [
              73,
              129
            ],
            [
              74,
              130
            ],
            [
              77,
              131
            ],
            [
              79,
              129
            ],
            [
              80,
              129
            ],
            [
              81,
              128
            ],
            [
              81,
              127
            ],
            [
              82,
              126
            ],
            [
              82,
              123
            ],
            [
              78,
              118
            ],
            [
              75,
              117
            ]
          ]
        ]
      },
      "properties": {
        "objectType": "annotation",
        "classification": {
          "name": "Neoplastic",
          "color": [
            255,
            0,
            0
          ]
        },
        "isLocked": false,
        "measurements": []
      }
    },
    {
      "type": "Feature",
      "id": "PathAnnotationObject",
      "geometry": {
        "type": "Polygon",
        "coordinates": [
          [
            [
              29,
              113
            ],
            [
              27,
              112
            ],
            [
              21,
              115
            ],
            [
              17,
              118
            ],
            [
              16,
              121
            ],
            [
              14,
              123
            ],
            [
              14,
              128
            ],
            [
              16,
              131
            ],
            [
              18,
              131
            ],
            [
              19,
              132
            ],
            [
              26,
              132
            ],
            [
              31,
              127
            ],
            [
              33,
              123
            ],
            [
              33,
              119
            ],
            [
              31,
              115
            ],
            [
              29,
              113
            ]
          ]
        ]
      },
      "properties": {
        "objectType": "annotation",
        "classification": {
          "name": "Neoplastic",
          "color": [
            255,
            0,
            0
          ]
        },
        "isLocked": false,
        "measurements": []
      }
    },
    {
      "type": "Feature",
      "id": "PathAnnotationObject",
      "geometry": {
        "type": "Polygon",
        "coordinates": [
          [
            [
              38,
              7
            ],
            [
              36,
              9
            ],
            [
              35,
              9
            ],
            [
              35,
              10
            ],
            [
              34,
              11
            ],
            [
              34,
              17
            ],
            [
              35,
              18
            ],
            [
              35,
              19
            ],
            [
              38,
              22
            ],
            [
              41,
              22
            ],
            [
              46,
              19
            ],
            [
              46,
              14
            ],
            [
              43,
              9
            ],
            [
              42,
              9
            ],
            [
              40,
              7
            ],
            [
              38,
              7
            ]
          ]
        ]
      },
      "properties": {
        "objectType": "annotation",
        "classification": {
          "name": "Neoplastic",
          "color": [
            255,
            0,
            0
          ]
        },
        "isLocked": false,
        "measurements": []
      }
    },
    {
      "type": "Feature",
      "id": "PathAnnotationObject",
      "geometry": {
        "type": "Polygon",
        "coordinates": [
          [
            [
              62,
              173
            ],
            [
              61,
              173
            ],
            [
              60,
              172
            ],
            [
              57,
              172
            ],
            [
              54,
              175
            ],
            [
              54,
              176
            ],
            [
              53,
              177
            ],
            [
              53,
              181
            ],
            [
              55,
              184
            ],
            [
              58,
              184
            ],
            [
              59,
              183
            ],
            [
              60,
              183
            ],
            [
              60,
              181
            ],
            [
              63,
              178
            ],
            [
              64,
              178
            ],
            [
              64,
              177
            ],
            [
              63,
              176
            ],
            [
              63,
              174
            ],
            [
              62,
              173
            ]
          ]
        ]
      },
      "properties": {
        "objectType": "annotation",
        "classification": {
          "name": "Inflammatory",
          "color": [
            0,
            0,
            255
          ]
        },
        "isLocked": false,
        "measurements": []
      }
    },
    {
      "type": "Feature",
      "id": "PathAnnotationObject",
      "geometry": {
        "type": "Polygon",
        "coordinates": [
          [
            [
              68,
              178
            ],
            [
              66,
              178
            ],
            [
              65,
              179
            ],
            [
              63,
              179
            ],
            [
              61,
              181
            ],
            [
              61,
              183
            ],
            [
              62,
              184
            ],
            [
              63,
              184
            ],
            [
              64,
              185
            ],
            [
              65,
              185
            ],
            [
              66,
              184
            ],
            [
              67,
              184
            ],
            [
              68,
              183
            ],
            [
              68,
              182
            ],
            [
              69,
              181
            ],
            [
              69,
              180
            ],
            [
              68,
              179
            ],
            [
              68,
              178
            ]
          ]
        ]
      },
      "properties": {
        "objectType": "annotation",
        "classification": {
          "name": "Inflammatory",
          "color": [
            0,
            0,
            255
          ]
        },
        "isLocked": false,
        "measurements": []
      }
    },
    {
      "type": "Feature",
      "id": "PathAnnotationObject",
      "geometry": {
        "type": "Polygon",
        "coordinates": [
          [
            [
              77,
              175
            ],
            [
              73,
              175
            ],
            [
              72,
              176
            ],
            [
              71,
              176
            ],
            [
              70,
              177
            ],
            [
              70,
              180
            ],
            [
              71,
              181
            ],
            [
              73,
              181
            ],
            [
              74,
              180
            ],
            [
              75,
              180
            ],
            [
              77,
              178
            ],
            [
              77,
              177
            ],
            [
              76,
              176
            ],
            [
              77,
              175
            ]
          ]
        ]
      },
      "properties": {
        "objectType": "annotation",
        "classification": {
          "name": "Inflammatory",
          "color": [
            0,
            0,
            255
          ]
        },
        "isLocked": false,
        "measurements": []
      }
    }
  ]
}