{
  "type": "FeatureCollection",
  "features": [
    {
      "type": "Feature",
      "id": "PathAnnotationObject",
      "geometry": {
        "type": "Polygon",
        "coordinates": [
          [
            [
              99,
              1
            ],
            [
              99,
              5
            ],
            [
              100,
              5
            ],
            [
              101,
              6
            ],
            [
              101,
              7
            ],
            [
              108,
              7
            ],
            [
              108,
              6
            ],
            [
              109,
              5
            ],
            [
              110,
              5
            ],
            [
              110,
              3
            ],
            [
              107,
              0
            ],
            [
              101,
              0
            ],
            [
              100,
              1
            ],
            [
              99,
              1
            ]
          ]
        ]
      },
      "properties": {
        "objectType": "annotation",
        "classification": {
          "name": "Inflammatory",
          "color": [
            0,
            0,
            255
          ]
        },
        "isLocked": false,
        "measurements": []
      }
    },
    {
      "type": "Feature",
      "id": "PathAnnotationObject",
      "geometry": {
        "type": "Polygon",
        "coordinates": [
          [
            [
              114,
              0
            ],
            [
              114,
              1
            ],
            [
              113,
              2
            ],
            [
              113,
              4
            ],
            [
              115,
              6
            ],
            [
              115,
              7
            ],
            [
              116,
              7
            ],
            [
              117,
              8
            ],
            [
              122,
              8
            ],
            [
              123,
              7
            ],
            [
              123,
              6
            ],
            [
              124,
              5
            ],
            [
              124,
              3
            ],
            [
              125,
              2
            ],
            [
              125,
              0
            ],
            [
              114,
              0
            ]
          ]
        ]
      },
      "properties": {
        "objectType": "annotation",
        "classification": {
          "name": "Inflammatory",
          "color": [
            0,
            0,
            255
          ]
        },
        "isLocked": false,
        "measurements": []
      }
    },
    {
      "type": "Feature",
      "id": "PathAnnotationObject",
      "geometry": {
        "type": "Polygon",
        "coordinates": [
          [
            [
              130,
              0
            ],
            [
              130,
              1
            ],
            [
              131,
              2
            ],
            [
              131,
              3
            ],
            [
              132,
              3
            ],
            [
              133,
              4
            ],
            [
              135,
              4
            ],
            [
              136,
              5
            ],
            [
              138,
              3
            ],
            [
              139,
              3
            ],
            [
              139,
              2
            ],
            [
              140,
              1
            ],
            [
              140,
              0
            ],
            [
              130,
              0
            ]
          ]
        ]
      },
      "properties": {
        "objectType": "annotation",
        "classification": {
          "name": "Inflammatory",
          "color": [
            0,
            0,
            255
          ]
        },
        "isLocked": false,
        "measurements": []
      }
    },
    {
      "type": "Feature",
      "id": "PathAnnotationObject",
      "geometry": {
        "type": "Polygon",
        "coordinates": [
          [
            [
              148,
              0
            ],
            [
              148,
              3
            ],
            [
              154,
              10
            ],
            [
              159,
              10
            ],
            [
              162,
              7
            ],
            [
              163,
              7
            ],
            [
              163,
              0
            ],
            [
              148,
              0
            ]
          ]
        ]
      },
      "properties": {
        "objectType": "annotation",
        "classification": {
          "name": "Connective",
          "color": [
            0,
            255,
            0
          ]
        },
        "isLocked": false,
        "measurements": []
      }
    },
    {
      "type": "Feature",
      "id": "PathAnnotationObject",
      "geometry": {
        "type": "Polygon",
        "coordinates": [
          [
            [
              216,
              0
            ],
            [
              216,
              1
            ],
            [
              215,
              2
            ],
            [
              214,
              2
            ],
            [
              214,
              7
            ],
            [
              215,
              7
            ],
            [
              217,
              9
            ],
            [
              218,
              9
            ],
            [
              219,
              10
            ],
            [
              221,
              8
            ],
            [
              222,
              8
            ],
            [
              222,
              5
            ],
            [
              220,
              3
            ],
            [
              220,
              0
            ],
            [
              216,
              0
            ]
          ]
        ]
      },
      "properties": {
        "objectType": "annotation",
        "classification": {
          "name": "Inflammatory",
          "color": [
            0,
            0,
            255
          ]
        },
        "isLocked": false,
        "measurements": []
      }
    },
    {
      "type": "Feature",
      "id": "PathAnnotationObject",
      "geometry": {
        "type": "Polygon",
        "coordinates": [
          [
            [
              66,
              3
            ],
            [
              66,
              6
            ],
            [
              67,
              7
            ],
            [
              67,
              8
            ],
            [
              68,
              8
            ],
            [
              69,
              9
            ],
            [
              74,
              9
            ],
            [
              76,
              7
            ],
            [
              77,
              7
            ],
            [
              77,
              6
            ],
            [
              78,
              5
            ],
            [
              77,
              4
            ],
            [
              76,
              4
            ],
            [
              72,
              0
            ],
            [
              70,
              0
            ],
            [
              69,
              1
            ],
            [
              68,
              1
            ],
            [
              66,
              3
            ]
          ]
        ]
      },
      "properties": {
        "objectType": "annotation",
        "classification": {
          "name": "Inflammatory",
          "color": [
            0,
            0,
            255
          ]
        },
        "isLocked": false,
        "measurements": []
      }
    },
    {
      "type": "Feature",
      "id": "PathAnnotationObject",
      "geometry": {
        "type": "Polygon",
        "coordinates": [
          [
            [
              230,
              3
            ],
            [
              230,
              6
            ],
            [
              234,
              10
            ],
            [
              236,
              10
            ],
            [
              237,
              11
            ],
            [
              238,
              10
            ],
            [
              242,
              10
            ],
            [
              243,
              9
            ],
            [
              246,
              8
            ],
            [
              246,
              7
            ],
            [
              247,
              6
            ],
            [
              246,
              5
            ],
            [
              246,
              3
            ],
            [
              244,
              1
            ],
            [
              241,
              1
            ],
            [
              240,
              2
            ],
            [
              239,
              1
            ],
            [
              237,
              1
            ],
            [
              236,
              0
            ],
            [
              235,
              0
            ],
            [
              234,
              1
            ],
            [
              232,
              1
            ],
            [
              230,
              3
            ]
          ]
        ]
      },
      "properties": {
        "objectType": "annotation",
        "classification": {
          "name": "Inflammatory",
          "color": [
            0,
            0,
            255
          ]
        },
        "isLocked": false,
        "measurements": []
      }
    },
    {
      "type": "Feature",
      "id": "PathAnnotationObject",
      "geometry": {
        "type": "Polygon",
        "coordinates": [
          [
            [
              255,
              1
            ],
            [
              254,
              2
            ],
            [
              253,
              2
            ],
            [
              253,
              3
            ],
            [
              250,
              6
            ],
            [
              250,
              7
            ],
            [
              251,
              7
            ],
            [
              252,
              8
            ],
            [
              255,
              8
            ],
            [
              255,
              1
            ]
          ]
        ]
      },
      "properties": {
        "objectType": "annotation",
        "classification": {
          "name": "Connective",
          "color": [
            0,
            255,
            0
          ]
        },
        "isLocked": false,
        "measurements": []
      }
    },
    {
      "type": "Feature",
      "id": "PathAnnotationObject",
      "geometry": {
        "type": "Polygon",
        "coordinates": [
          [
            [
              78,
              6
            ],
            [
              78,
              7
            ],
            [
              79,
              6
            ],
            [
              82,
              9
            ],
            [
              82,
              10
            ],
            [
              83,
              10
            ],
            [
              84,
              11
            ],
            [
              86,
              11
            ],
            [
              87,
              10
            ],
            [
              88,
              10
            ],
            [
              88,
              4
            ],
            [
              86,
              4
            ],
            [
              85,
              3
            ],
            [
              83,
              3
            ],
            [
              82,
              4
            ],
            [
              81,
              4
            ],
            [
              81,
              5
            ],
            [
              80,
              6
            ],
            [
              78,
              6
            ]
          ]
        ]
      },
      "properties": {
        "objectType": "annotation",
        "classification": {
          "name": "Inflammatory",
          "color": [
            0,
            0,
            255
          ]
        },
        "isLocked": false,
        "measurements": []
      }
    },
    {
      "type": "Feature",
      "id": "PathAnnotationObject",
      "geometry": {
        "type": "Polygon",
        "coordinates": [
          [
            [
              166,
              4
            ],
            [
              164,
              7
            ],
            [
              164,
              12
            ],
            [
              166,
              14
            ],
            [
              169,
              14
            ],
            [
              173,
              17
            ],
            [
              178,
              17
            ],
            [
              180,
              15
            ],
            [
              180,
              13
            ],
            [
              178,
              11
            ],
            [
              178,
              9
            ],
            [
              175,
              9
            ],
            [
              174,
              8
            ],
            [
              175,
              7
            ],
            [
              175,
              3
            ],
            [
              174,
              1
            ],
            [
              172,
              1
            ],
            [
              166,
              4
            ]
          ]
        ]
      },
      "properties": {
        "objectType": "annotation",
        "classification": {
          "name": "Inflammatory",
          "color": [
            0,
            0,
            255
          ]
        },
        "isLocked": false,
        "measurements": []
      }
    },
    {
      "type": "Feature",
      "id": "PathAnnotationObject",
      "geometry": {
        "type": "Polygon",
        "coordinates": [
          [
            [
              45,
              6
            ],
            [
              43,
              6
            ],
            [
              40,
              9
            ],
            [
              40,
              13
            ],
            [
              41,
              14
            ],
            [
              42,
              14
            ],
            [
              43,
              13
            ],
            [
              44,
              13
            ],
            [
              45,
              12
            ],
            [
              45,
              11
            ],
            [
              46,
              10
            ],
            [
              46,
              7
            ],
            [
              45,
              6
            ]
          ]
        ]
      },
      "properties": {
        "objectType": "annotation",
        "classification": {
          "name": "Inflammatory",
          "color": [
            0,
            0,
            255
          ]
        },
        "isLocked": false,
        "measurements": []
      }
    },
    {
      "type": "Feature",
      "id": "PathAnnotationObject",
      "geometry": {
        "type": "Polygon",
        "coordinates": [
          [
            [
              205,
              7
            ],
            [
              203,
              9
            ],
            [
              203,
              12
            ],
            [
              204,
              13
            ],
            [
              204,
              16
            ],
            [
              206,
              18
            ],
            [
              207,
              18
            ],
            [
              208,
              19
            ],
            [
              210,
              19
            ],
            [
              212,
              17
            ],
            [
              212,
              15
            ],
            [
              210,
              13
            ],
            [
              210,
              11
            ],
            [
              209,
              10
            ],
            [
              209,
              9
            ],
            [
              207,
              7
            ],
            [
              205,
              7
            ]
          ]
        ]
      },
      "properties": {
        "objectType": "annotation",
        "classification": {
          "name": "Inflammatory",
          "color": [
            0,
            0,
            255
          ]
        },
        "isLocked": false,
        "measurements": []
      }
    },
    {
      "type": "Feature",
      "id": "PathAnnotationObject",
      "geometry": {
        "type": "Polygon",
        "coordinates": [
          [
            [
              0,
              10
            ],
            [
              0,
              21
            ],
            [
              1,
              21
            ],
            [
              2,
              22
            ],
            [
              3,
              22
            ],
            [
              4,
              21
            ],
            [
              5,
              21
            ],
            [
              7,
              19
            ],
            [
              7,
              16
            ],
            [
              8,
              15
            ],
            [
              8,
              12
            ],
            [
              5,
              10
            ],
            [
              0,
              10
            ]
          ]
        ]
      },
      "properties": {
        "objectType": "annotation",
        "classification": {
          "name": "Connective",
          "color": [
            0,
            255,
            0
          ]
        },
        "isLocked": false,
        "measurements": []
      }
    },
    {
      "type": "Feature",
      "id": "PathAnnotationObject",
      "geometry": {
        "type": "Polygon",
        "coordinates": [
          [
            [
              53,
              6
            ],
            [
              52,
              7
            ],
            [
              51,
              7
            ],
            [
              49,
              9
            ],
            [
              48,
              9
            ],
            [
              48,
              10
            ],
            [
              47,
              11
            ],
            [
              47,
              14
            ],
            [
              46,
              15
            ],
            [
              46,
              16
            ],
            [
              47,
              17
            ],
            [
              47,
              18
            ],
            [
              48,
              18
            ],
            [
              49,
              19
            ],
            [
              54,
              19
            ],
            [
              55,
              20
            ],
            [
              56,
              20
            ],
            [
              58,
              18
            ],
            [
              59,
              18
            ],
            [
              60,
              17
            ],
            [
              60,
              15
            ],
            [
              57,
              13
            ],
            [
              57,
              8
            ],
            [
              56,
              7
            ],
            [
              53,
              6
            ]
          ]
        ]
      },
      "properties": {
        "objectType": "annotation",
        "classification": {
          "name": "Neoplastic",
          "color": [
            255,
            0,
            0
          ]
        },
        "isLocked": false,
        "measurements": []
      }
    },
    {
      "type": "Feature",
      "id": "PathAnnotationObject",
      "geometry": {
        "type": "Polygon",
        "coordinates": [
          [
            [
              132,
              9
            ],
            [
              130,
              9
            ],
            [
              130,
              10
            ],
            [
              129,
              11
            ],
            [
              128,
              11
            ],
            [
              128,
              12
            ],
            [
              127,
              13
            ],
            [
              126,
              13
            ],
            [
              126,
              17
            ],
            [
              127,
              18
            ],
            [
              127,
              20
            ],
            [
              128,
              21
            ],
            [
              130,
              21
            ],
            [
              134,
              17
            ],
            [
              134,
              16
            ],
            [
              133,
              15
            ],
            [
              133,
              10
            ],
            [
              132,
              9
            ]
          ]
        ]
      },
      "properties": {
        "objectType": "annotation",
        "classification": {
          "name": "Inflammatory",
          "color": [
            0,
            0,
            255
          ]
        },
        "isLocked": false,
        "measurements": []
      }
    },
    {
      "type": "Feature",
      "id": "PathAnnotationObject",
      "geometry": {
        "type": "Polygon",
        "coordinates": [
          [
            [
              142,
              11
            ],
            [
              140,
              13
            ],
            [
              140,
              17
            ],
            [
              142,
              20
            ],
            [
              142,
              25
            ],
            [
              144,
              25
            ],
            [
              144,
              24
            ],
            [
              146,
              22
            ],
            [
              146,
              21
            ],
            [
              148,
              19
            ],
            [
              148,
              18
            ],
            [
              149,
              17
            ],
            [
              149,
              15
            ],
            [
              145,
              11
            ],
            [
              142,
              11
            ]
          ]
        ]
      },
      "properties": {
        "objectType": "annotation",
        "classification": {
          "name": "Inflammatory",
          "color": [
            0,
            0,
            255
          ]
        },
        "isLocked": false,
        "measurements": []
      }
    },
    {
      "type": "Feature",
      "id": "PathAnnotationObject",
      "geometry": {
        "type": "Polygon",
        "coordinates": [
          [
            [
              230,
              9
            ],
            [
              229,
              10
            ],
            [
              229,
              12
            ],
            [
              228,
              13
            ],
            [
              228,
              14
            ],
            [
              227,
              15
            ],
            [
              227,
              16
            ],
            [
              228,
              17
            ],
            [
              228,
              18
            ],
            [
              237,
              18
            ],
            [
              238,
              17
            ],
            [
              238,
              15
            ],
            [
              237,
              14
            ],
            [
              237,
              13
            ],
            [
              236,
              12
            ],
            [
              235,
              12
            ],
            [
              232,
              9
            ],
            [
              230,
              9
            ]
          ]
        ]
      },
      "properties": {
        "objectType": "annotation",
        "classification": {
          "name": "Inflammatory",
          "color": [
            0,
            0,
            255
          ]
        },
        "isLocked": false,
        "measurements": []
      }
    },
    {
      "type": "Feature",
      "id": "PathAnnotationObject",
      "geometry": {
        "type": "Polygon",
        "coordinates": [
          [
            [
              15,
              12
            ],
            [
              13,
              14
            ],
            [
              13,
              15
            ],
            [
              12,
              16
            ],
            [
              12,
              20
            ],
            [
              13,
              21
            ],
            [
              13,
              22
            ],
            [
              14,
              22
            ],
            [
              15,
              23
            ],
            [
              17,
              23
            ],
            [
              18,
              22
            ],
            [
              18,
              21
            ],
            [
              19,
              20
            ],
            [
              19,
              19
            ],
            [
              18,
              18
            ],
            [
              18,
              16
            ],
            [
              19,
              15
            ],
            [
              19,
              13
            ],
            [
              18,
              12
            ],
            [
              15,
              12
            ]
          ]
        ]
      },
      "properties": {
        "objectType": "annotation",
        "classification": {
          "name": "Inflammatory",
          "color": [
            0,
            0,
            255
          ]
        },
        "isLocked": false,
        "measurements": []
      }
    },
    {
      "type": "Feature",
      "id": "PathAnnotationObject",
      "geometry": {
        "type": "Polygon",
        "coordinates": [
          [
            [
              67,
              15
            ],
            [
              63,
              15
            ],
            [
              62,
              16
            ],
            [
              62,
              18
            ],
            [
              61,
              19
            ],
            [
              58,
              19
            ],
            [
              57,
              20
            ],
            [
              57,
              24
            ],
            [
              58,
              25
            ],
            [
              59,
              25
            ],
            [
              61,
              28
            ],
            [
              63,
              28
            ],
            [
              67,
              24
            ],
            [
              69,
              24
            ],
            [
              69,
              18
            ],
            [
              67,
              15
            ]
          ]
        ]
      },
      "properties": {
        "objectType": "annotation",
        "classification": {
          "name": "Inflammatory",
          "color": [
            0,
            0,
            255
          ]
        },
        "isLocked": false,
        "measurements": []
      }
    },
    {
      "type": "Feature",
      "id": "PathAnnotationObject",
      "geometry": {
        "type": "Polygon",
        "coordinates": [
          [
            [
              228,
              19
            ],
            [
              228,
              27
            ],
            [
              229,
              27
            ],
            [
              230,
              28
            ],
            [
              231,
              28
            ],
            [
              232,
              27
            ],
            [
              235,
              27
            ],
            [
              236,
              26
            ],
            [
              236,
              25
            ],
            [
              237,
              24
            ],
            [
              237,
              22
            ],
            [
              238,
              21
            ],
            [
              238,
              20
            ],
            [
              237,
              19
            ],
            [
              228,
              19
            ]
          ]
        ]
      },
      "properties": {
        "objectType": "annotation",
        "classification": {
          "name": "Inflammatory",
          "color": [
            0,
            0,
            255
          ]
        },
        "isLocked": false,
        "measurements": []
      }
    },
    {
      "type": "Feature",
      "id": "PathAnnotationObject",
      "geometry": {
        "type": "Polygon",
        "coordinates": [
          [
            [
              31,
              18
            ],
            [
              24,
              18
            ],
            [
              23,
              19
            ],
            [
              23,
              21
            ],
            [
              21,
              23
            ],
            [
              21,
              26
            ],
            [
              24,
              28
            ],
            [
              25,
              28
            ],
            [
              26,
              27
            ],
            [
              27,
              27
            ],
            [
              27,
              26
            ],
            [
              28,
              25
            ],
            [
              29,
              25
            ],
            [
              30,
              24
            ],
            [
              30,
              23
            ],
            [
              32,
              21
            ],
            [
              32,
              19
            ],
            [
              31,
              18
            ]
          ]
        ]
      },
      "properties": {
        "objectType": "annotation",
        "classification": {
          "name": "Inflammatory",
          "color": [
            0,
            0,
            255
          ]
        },
        "isLocked": false,
        "measurements": []
      }
    },
    {
      "type": "Feature",
      "id": "PathAnnotationObject",
      "geometry": {
        "type": "Polygon",
        "coordinates": [
          [
            [
              44,
              18
            ],
            [
              42,
              18
            ],
            [
              41,
              17
            ],
            [
              39,
              17
            ],
            [
              38,
              18
            ],
            [
              36,
              18
            ],
            [
              36,
              20
            ],
            [
              35,
              21
            ],
            [
              35,
              25
            ],
            [
              36,
              26
            ],
            [
              36,
              27
            ],
            [
              41,
              27
            ],
            [
              43,
              25
            ],
            [
              44,
              25
            ],
            [
              44,
              24
            ],
            [
              45,
              23
            ],
            [
              44,
              22
            ],
            [
              44,
              18
            ]
          ]
        ]
      },
      "properties": {
        "objectType": "annotation",
        "classification": {
          "name": "Inflammatory",
          "color": [
            0,
            0,
            255
          ]
        },
        "isLocked": false,
        "measurements": []
      }
    },
    {
      "type": "Feature",
      "id": "PathAnnotationObject",
      "geometry": {
        "type": "Polygon",
        "coordinates": [
          [
            [
              130,
              22
            ],
            [
              131,
              23
            ],
            [
              131,
              24
            ],
            [
              133,
              26
            ],
            [
              133,
              27
            ],
            [
              137,
              27
            ],
            [
              138,
              26
            ],
            [
              140,
              26
            ],
            [
              141,
              25
            ],
            [
              141,
              20
            ],
            [
              140,
              19
            ],
            [
              140,
              18
            ],
            [
              139,
              18
            ],
            [
              138,
              17
            ],
            [
              135,
              17
            ],
            [
              130,
              22
            ]
          ]
        ]
      },
      "properties": {
        "objectType": "annotation",
        "classification": {
          "name": "Inflammatory",
          "color": [
            0,
            0,
            255
          ]
        },
        "isLocked": false,
        "measurements": []
      }
    },
    {
      "type": "Feature",
      "id": "PathAnnotationObject",
      "geometry": {
        "type": "Polygon",
        "coordinates": [
          [
            [
              70,
              19
            ],
            [
              70,
              25
            ],
            [
              74,
              25
            ],
            [
              74,
              21
            ],
            [
              73,
              20
            ],
            [
              71,
              20
            ],
            [
              70,
              19
            ]
          ]
        ]
      },
      "properties": {
        "objectType": "annotation",
        "classification": {
          "name": "Neoplastic",
          "color": [
            255,
            0,
            0
          ]
        },
        "isLocked": false,
        "measurements": []
      }
    },
    {
      "type": "Feature",
      "id": "PathAnnotationObject",
      "geometry": {
        "type": "Polygon",
        "coordinates": [
          [
            [
              182,
              19
            ],
            [
              182,
              20
            ],
            [
              181,
              21
            ],
            [
              182,
              22
            ],
            [
              182,
              24
            ],
            [
              188,
              29
            ],
            [
              189,
              29
            ],
            [
              190,
              30
            ],
            [
              193,
              30
            ],
            [
              194,
              31
            ],
            [
              195,
              31
            ],
            [
              198,
              29
            ],
            [
              198,
              25
            ],
            [
              197,
              24
            ],
            [
              197,
              23
            ],
            [
              195,
              21
            ],
            [
              195,
              20
            ],
            [
              190,
              16
            ],
            [
              187,
              16
            ],
            [
              185,
              18
            ],
            [
              182,
              19
            ]
          ]
        ]
      },
      "properties": {
        "objectType": "annotation",
        "classification": {
          "name": "Inflammatory",
          "color": [
            0,
            0,
            255
          ]
        },
        "isLocked": false,
        "measurements": []
      }
    },
    {
      "type": "Feature",
      "id": "PathAnnotationObject",
      "geometry": {
        "type": "Polygon",
        "coordinates": [
          [
            [
              50,
              20
            ],
            [
              50,
              22
            ],
            [
              49,
              23
            ],
            [
              49,
              24
            ],
            [
              48,
              25
            ],
            [
              49,
              26
            ],
            [
              56,
              26
            ],
            [
              57,
              27
            ],
            [
              59,
              27
            ],
            [
              59,
              26
            ],
            [
              58,
              26
            ],
            [
              56,
              24
            ],
            [
              56,
              21
            ],
            [
              55,
              21
            ],
            [
              54,
              20
            ],
            [
              50,
              20
            ]
          ]
        ]
      },
      "properties": {
        "objectType": "annotation",
        "classification": {
          "name": "Connective",
          "color": [
            0,
            255,
            0
          ]
        },
        "isLocked": false,
        "measurements": []
      }
    },
    {
      "type": "Feature",
      "id": "PathAnnotationObject",
      "geometry": {
        "type": "Polygon",
        "coordinates": [
          [
            [
              150,
              19
            ],
            [
              150,
              20
            ],
            [
              149,
              21
            ],
            [
              148,
              20
            ],
            [
              147,
              21
            ],
            [
              148,
              22
            ],
            [
              148,
              26
            ],
            [
              150,
              28
            ],
            [
              152,
              28
            ],
            [
              153,
              27
            ],
            [
              154,
              27
            ],
            [
              156,
              25
            ],
            [
              156,
              22
            ],
            [
              154,
              20
            ],
            [
              153,
              20
            ],
            [
              152,
              19
            ],
            [
              150,
              19
            ]
          ]
        ]
      },
      "properties": {
        "objectType": "annotation",
        "classification": {
          "name": "Inflammatory",
          "color": [
            0,
            0,
            255
          ]
        },
        "isLocked": false,
        "measurements": []
      }
    },
    {
      "type": "Feature",
      "id": "PathAnnotationObject",
      "geometry": {
        "type": "Polygon",
        "coordinates": [
          [
            [
              114,
              18
            ],
            [
              113,
              18
            ],
            [
              110,
              21
            ],
            [
              109,
              21
            ],
            [
              109,
              22
            ],
            [
              108,
              23
            ],
            [
              108,
              25
            ],
            [
              107,
              26
            ],
            [
              108,
              27
            ],
            [
              108,
              31
            ],
            [
              111,
              31
            ],
            [
              112,
              30
            ],
            [
              115,
              29
            ],
            [
              117,
              26
            ],
            [
              118,
              27
            ],
            [
              118,
              23
            ],
            [
              117,
              22
            ],
            [
              117,
              21
            ],
            [
              116,
              21
            ],
            [
              114,
              18
            ]
          ]
        ]
      },
      "properties": {
        "objectType": "annotation",
        "classification": {
          "name": "Inflammatory",
          "color": [
            0,
            0,
            255
          ]
        },
        "isLocked": false,
        "measurements": []
      }
    },
    {
      "type": "Feature",
      "id": "PathAnnotationObject",
      "geometry": {
        "type": "Polygon",
        "coordinates": [
          [
            [
              220,
              20
            ],
            [
              217,
              23
            ],
            [
              217,
              25
            ],
            [
              218,
              26
            ],
            [
              218,
              27
            ],
            [
              221,
              30
            ],
            [
              225,
              30
            ],
            [
              225,
              29
            ],
            [
              226,
              28
            ],
            [
              226,
              27
            ],
            [
              227,
              26
            ],
            [
              227,
              23
            ],
            [
              226,
              23
            ],
            [
              224,
              21
            ],
            [
              224,
              20
            ],
            [
              220,
              20
            ]
          ]
        ]
      },
      "properties": {
        "objectType": "annotation",
        "classification": {
          "name": "Inflammatory",
          "color": [
            0,
            0,
            255
          ]
        },
        "isLocked": false,
        "measurements": []
      }
    },
    {
      "type": "Feature",
      "id": "PathAnnotationObject",
      "geometry": {
        "type": "Polygon",
        "coordinates": [
          [
            [
              107,
              27
            ],
            [
              105,
              25
            ],
            [
              104,
              25
            ],
            [
              103,
              24
            ],
            [
              101,
              24
            ],
            [
              100,
              25
            ],
            [
              97,
              25
            ],
            [
              96,
              26
            ],
            [
              96,
              27
            ],
            [
              95,
              28
            ],
            [
              95,
              30
            ],
            [
              97,
              32
            ],
            [
              104,
              32
            ],
            [
              106,
              30
            ],
            [
              107,
              30
            ],
            [
              107,
              27
            ]
          ]
        ]
      },
      "properties": {
        "objectType": "annotation",
        "classification": {
          "name": "Inflammatory",
          "color": [
            0,
            0,
            255
          ]
        },
        "isLocked": false,
        "measurements": []
      }
    },
    {
      "type": "Feature",
      "id": "PathAnnotationObject",
      "geometry": {
        "type": "Polygon",
        "coordinates": [
          [
            [
              121,
              21
            ],
            [
              120,
              22
            ],
            [
              120,
              24
            ],
            [
              119,
              25
            ],
            [
              119,
              28
            ],
            [
              121,
              31
            ],
            [
              120,
              32
            ],
            [
              119,
              32
            ],
            [
              120,
              32
            ],
            [
              121,
              33
            ],
            [
              122,
              32
            ],
            [
              123,
              33
            ],
            [
              123,
              34
            ],
            [
              129,
              34
            ],
            [
              129,
              33
            ],
            [
              132,
              31
            ],
            [
              132,
              28
            ],
            [
              129,
              25
            ],
            [
              128,
              25
            ],
            [
              127,
              24
            ],
            [
              127,
              23
            ],
            [
              126,
              23
            ],
            [
              124,
              21
            ],
            [
              121,
              21
            ]
          ]
        ]
      },
      "properties": {
        "objectType": "annotation",
        "classification": {
          "name": "Inflammatory",
          "color": [
            0,
            0,
            255
          ]
        },
        "isLocked": false,
        "measurements": []
      }
    },
    {
      "type": "Feature",
      "id": "PathAnnotationObject",
      "geometry": {
        "type": "Polygon",
        "coordinates": [
          [
            [
              13,
              26
            ],
            [
              12,
              26
            ],
            [
              11,
              25
            ],
            [
              10,
              25
            ],
            [
              9,
              26
            ],
            [
              7,
              26
            ],
            [
              5,
              28
            ],
            [
              3,
              28
            ],
            [
              3,
              29
            ],
            [
              2,
              30
            ],
            [
              2,
              34
            ],
            [
              3,
              35
            ],
            [
              10,
              35
            ],
            [
              11,
              34
            ],
            [
              12,
              34
            ],
            [
              14,
              31
            ],
            [
              14,
              28
            ],
            [
              13,
              27
            ],
            [
              13,
              26
            ]
          ]
        ]
      },
      "properties": {
        "objectType": "annotation",
        "classification": {
          "name": "Inflammatory",
          "color": [
            0,
            0,
            255
          ]
        },
        "isLocked": false,
        "measurements": []
      }
    },
    {
      "type": "Feature",
      "id": "PathAnnotationObject",
      "geometry": {
        "type": "Polygon",
        "coordinates": [
          [
            [
              162,
              27
            ],
            [
              161,
              28
            ],
            [
              157,
              28
            ],
            [
              157,
              29
            ],
            [
              156,
              30
            ],
            [
              155,
              30
            ],
            [
              155,
              32
            ],
            [
              154,
              33
            ],
            [
              154,
              34
            ],
            [
              156,
              37
            ],
            [
              161,
              37
            ],
            [
              164,
              35
            ],
            [
              164,
              34
            ],
            [
              162,
              32
            ],
            [
              162,
              31
            ],
            [
              163,
              30
            ],
            [
              163,
              28
            ],
            [
              162,
              27
            ]
          ]
        ]
      },
      "properties": {
        "objectType": "annotation",
        "classification": {
          "name": "Inflammatory",
          "color": [
            0,
            0,
            255
          ]
        },
        "isLocked": false,
        "measurements": []
      }
    },
    {
      "type": "Feature",
      "id": "PathAnnotationObject",
      "geometry": {
        "type": "Polygon",
        "coordinates": [
          [
            [
              67,
              31
            ],
            [
              65,
              33
            ],
            [
              65,
              37
            ],
            [
              68,
              40
            ],
            [
              71,
              40
            ],
            [
              72,
              39
            ],
            [
              73,
              39
            ],
            [
              73,
              38
            ],
            [
              74,
              37
            ],
            [
              74,
              33
            ],
            [
              72,
              31
            ],
            [
              67,
              31
            ]
          ]
        ]
      },
      "properties": {
        "objectType": "annotation",
        "classification": {
          "name": "Inflammatory",
          "color": [
            0,
            0,
            255
          ]
        },
        "isLocked": false,
        "measurements": []
      }
    },
    {
      "type": "Feature",
      "id": "PathAnnotationObject",
      "geometry": {
        "type": "Polygon",
        "coordinates": [
          [
            [
              38,
              32
            ],
            [
              37,
              33
            ],
            [
              37,
              34
            ],
            [
              36,
              35
            ],
            [
              36,
              39
            ],
            [
              38,
              41
            ],
            [
              39,
              41
            ],
            [
              40,
              42
            ],
            [
              44,
              42
            ],
            [
              45,
              41
            ],
            [
              45,
              40
            ],
            [
              46,
              39
            ],
            [
              46,
              38
            ],
            [
              45,
              37
            ],
            [
              45,
              36
            ],
            [
              44,
              35
            ],
            [
              43,
              35
            ],
            [
              42,
              34
            ],
            [
              42,
              33
            ],
            [
              39,
              33
            ],
            [
              38,
              32
            ]
          ]
        ]
      },
      "properties": {
        "objectType": "annotation",
        "classification": {
          "name": "Inflammatory",
          "color": [
            0,
            0,
            255
          ]
        },
        "isLocked": false,
        "measurements": []
      }
    },
    {
      "type": "Feature",
      "id": "PathAnnotationObject",
      "geometry": {
        "type": "Polygon",
        "coordinates": [
          [
            [
              130,
              34
            ],
            [
              130,
              40
            ],
            [
              131,
              41
            ],
            [
              132,
              41
            ],
            [
              133,
              42
            ],
            [
              136,
              42
            ],
            [
              137,
              41
            ],
            [
              138,
              41
            ],
            [
              138,
              40
            ],
            [
              140,
              38
            ],
            [
              140,
              36
            ],
            [
              139,
              35
            ],
            [
              139,
              34
            ],
            [
              138,
              33
            ],
            [
              132,
              33
            ],
            [
              131,
              34
            ],
            [
              130,
              34
            ]
          ]
        ]
      },
      "properties": {
        "objectType": "annotation",
        "classification": {
          "name": "Inflammatory",
          "color": [
            0,
            0,
            255
          ]
        },
        "isLocked": false,
        "measurements": []
      }
    },
    {
      "type": "Feature",
      "id": "PathAnnotationObject",
      "geometry": {
        "type": "Polygon",
        "coordinates": [
          [
            [
              213,
              31
            ],
            [
              213,
              37
            ],
            [
              216,
              40
            ],
            [
              216,
              41
            ],
            [
              217,
              41
            ],
            [
              218,
              42
            ],
            [
              224,
              42
            ],
            [
              224,
              41
            ],
            [
              225,
              40
            ],
            [
              225,
              36
            ],
            [
              224,
              35
            ],
            [
              223,
              35
            ],
            [
              221,
              33
            ],
            [
              220,
              33
            ],
            [
              219,
              32
            ],
            [
              219,
              31
            ],
            [
              213,
              31
            ]
          ]
        ]
      },
      "properties": {
        "objectType": "annotation",
        "classification": {
          "name": "Inflammatory",
          "color": [
            0,
            0,
            255
          ]
        },
        "isLocked": false,
        "measurements": []
      }
    },
    {
      "type": "Feature",
      "id": "PathAnnotationObject",
      "geometry": {
        "type": "Polygon",
        "coordinates": [
          [
            [
              30,
              32
            ],
            [
              29,
              33
            ],
            [
              28,
              33
            ],
            [
              28,
              35
            ],
            [
              26,
              37
            ],
            [
              26,
              39
            ],
            [
              28,
              41
            ],
            [
              29,
              41
            ],
            [
              30,
              42
            ],
            [
              33,
              42
            ],
            [
              34,
              41
            ],
            [
              35,
              41
            ],
            [
              35,
              35
            ],
            [
              34,
              34
            ],
            [
              34,
              33
            ],
            [
              33,
              32
            ],
            [
              30,
              32
            ]
          ]
        ]
      },
      "properties": {
        "objectType": "annotation",
        "classification": {
          "name": "Inflammatory",
          "color": [
            0,
            0,
            255
          ]
        },
        "isLocked": false,
        "measurements": []
      }
    },
    {
      "type": "Feature",
      "id": "PathAnnotationObject",
      "geometry": {
        "type": "Polygon",
        "coordinates": [
          [
            [
              145,
              33
            ],
            [
              143,
              35
            ],
            [
              143,
              37
            ],
            [
              142,
              38
            ],
            [
              142,
              39
            ],
            [
              143,
              40
            ],
            [
              143,
              41
            ],
            [
              144,
              41
            ],
            [
              145,
              42
            ],
            [
              149,
              42
            ],
            [
              150,
              41
            ],
            [
              151,
              41
            ],
            [
              151,
              40
            ],
            [
              152,
              39
            ],
            [
              152,
              38
            ],
            [
              151,
              37
            ],
            [
              151,
              36
            ],
            [
              150,
              35
            ],
            [
              149,
              35
            ],
            [
              147,
              33
            ],
            [
              145,
              33
            ]
          ]
        ]
      },
      "properties": {
        "objectType": "annotation",
        "classification": {
          "name": "Inflammatory",
          "color": [
            0,
            0,
            255
          ]
        },
        "isLocked": false,
        "measurements": []
      }
    },
    {
      "type": "Feature",
      "id": "PathAnnotationObject",
      "geometry": {
        "type": "Polygon",
        "coordinates": [
          [
            [
              118,
              33
            ],
            [
              117,
              34
            ],
            [
              117,
              39
            ],
            [
              118,
              40
            ],
            [
              118,
              41
            ],
            [
              121,
              44
            ],
            [
              124,
              44
            ],
            [
              124,
              43
            ],
            [
              125,
              42
            ],
            [
              125,
              38
            ],
            [
              124,
              37
            ],
            [
              124,
              36
            ],
            [
              122,
              34
            ],
            [
              121,
              34
            ],
            [
              120,
              33
            ],
            [
              118,
              33
            ]
          ]
        ]
      },
      "properties": {
        "objectType": "annotation",
        "classification": {
          "name": "Inflammatory",
          "color": [
            0,
            0,
            255
          ]
        },
        "isLocked": false,
        "measurements": []
      }
    },
    {
      "type": "Feature",
      "id": "PathAnnotationObject",
      "geometry": {
        "type": "Polygon",
        "coordinates": [
          [
            [
              204,
              33
            ],
            [
              204,
              34
            ],
            [
              203,
              35
            ],
            [
              203,
              42
            ],
            [
              204,
              43
            ],
            [
              204,
              44
            ],
            [
              212,
              44
            ],
            [
              212,
              40
            ],
            [
              211,
              39
            ],
            [
              211,
              38
            ],
            [
              209,
              36
            ],
            [
              209,
              33
            ],
            [
              208,
              32
            ],
            [
              207,
              32
            ],
            [
              206,
              33
            ],
            [
              204,
              33
            ]
          ]
        ]
      },
      "properties": {
        "objectType": "annotation",
        "classification": {
          "name": "Connective",
          "color": [
            0,
            255,
            0
          ]
        },
        "isLocked": false,
        "measurements": []
      }
    },
    {
      "type": "Feature",
      "id": "PathAnnotationObject",
      "geometry": {
        "type": "Polygon",
        "coordinates": [
          [
            [
              75,
              36
            ],
            [
              74,
              39
            ],
            [
              73,
              40
            ],
            [
              72,
              40
            ],
            [
              72,
              44
            ],
            [
              73,
              44
            ],
            [
              74,
              45
            ],
            [
              78,
              45
            ],
            [
              79,
              46
            ],
            [
              79,
              47
            ],
            [
              80,
              47
            ],
            [
              81,
              48
            ],
            [
              83,
              48
            ],
            [
              84,
              47
            ],
            [
              85,
              47
            ],
            [
              85,
              41
            ],
            [
              80,
              36
            ],
            [
              75,
              36
            ]
          ]
        ]
      },
      "properties": {
        "objectType": "annotation",
        "classification": {
          "name": "Inflammatory",
          "color": [
            0,
            0,
            255
          ]
        },
        "isLocked": false,
        "measurements": []
      }
    },
    {
      "type": "Feature",
      "id": "PathAnnotationObject",
      "geometry": {
        "type": "Polygon",
        "coordinates": [
          [
            [
              163,
              42
            ],
            [
              163,
              44
            ],
            [
              165,
              46
            ],
            [
              170,
              46
            ],
            [
              172,
              44
            ],
            [
              173,
              44
            ],
            [
              173,
              41
            ],
            [
              172,
              40
            ],
            [
              172,
              38
            ],
            [
              166,
              38
            ],
            [
              164,
              40
            ],
            [
              164,
              41
            ],
            [
              163,
              42
            ]
          ]
        ]
      },
      "properties": {
        "objectType": "annotation",
        "classification": {
          "name": "Inflammatory",
          "color": [
            0,
            0,
            255
          ]
        },
        "isLocked": false,
        "measurements": []
      }
    },
    {
      "type": "Feature",
      "id": "PathAnnotationObject",
      "geometry": {
        "type": "Polygon",
        "coordinates": [
          [
            [
              106,
              35
            ],
            [
              105,
              36
            ],
            [
              105,
              37
            ],
            [
              104,
              38
            ],
            [
              104,
              44
            ],
            [
              106,
              46
            ],
            [
              107,
              46
            ],
            [
              108,
              47
            ],
            [
              109,
              47
            ],
            [
              112,
              44
            ],
            [
              112,
              41
            ],
            [
              111,
              40
            ],
            [
              111,
              39
            ],
            [
              110,
              38
            ],
            [
              110,
              37
            ],
            [
              108,
              35
            ],
            [
              106,
              35
            ]
          ]
        ]
      },
      "properties": {
        "objectType": "annotation",
        "classification": {
          "name": "Inflammatory",
          "color": [
            0,
            0,
            255
          ]
        },
        "isLocked": false,
        "measurements": []
      }
    },
    {
      "type": "Feature",
      "id": "PathAnnotationObject",
      "geometry": {
        "type": "Polygon",
        "coordinates": [
          [
            [
              17,
              41
            ],
            [
              13,
              41
            ],
            [
              12,
              42
            ],
            [
              11,
              42
            ],
            [
              9,
              44
            ],
            [
              9,
              47
            ],
            [
              10,
              47
            ],
            [
              11,
              48
            ],
            [
              11,
              50
            ],
            [
              14,
              50
            ],
            [
              18,
              46
            ],
            [
              18,
              42
            ],
            [
              17,
              41
            ]
          ]
        ]
      },
      "properties": {
        "objectType": "annotation",
        "classification": {
          "name": "Inflammatory",
          "color": [
            0,
            0,
            255
          ]
        },
        "isLocked": false,
        "measurements": []
      }
    },
    {
      "type": "Feature",
      "id": "PathAnnotationObject",
      "geometry": {
        "type": "Polygon",
        "coordinates": [
          [
            [
              86,
              43
            ],
            [
              86,
              47
            ],
            [
              85,
              48
            ],
            [
              84,
              48
            ],
            [
              85,
              48
            ],
            [
              86,
              47
            ],
            [
              87,
              48
            ],
            [
              87,
              49
            ],
            [
              89,
              51
            ],
            [
              95,
              51
            ],
            [
              98,
              48
            ],
            [
              98,
              44
            ],
            [
              95,
              41
            ],
            [
              91,
              41
            ],
            [
              88,
              43
            ],
            [
              86,
              43
            ]
          ]
        ]
      },
      "properties": {
        "objectType": "annotation",
        "classification": {
          "name": "Inflammatory",
          "color": [
            0,
            0,
            255
          ]
        },
        "isLocked": false,
        "measurements": []
      }
    },
    {
      "type": "Feature",
      "id": "PathAnnotationObject",
      "geometry": {
        "type": "Polygon",
        "coordinates": [
          [
            [
              232,
              45
            ],
            [
              231,
              44
            ],
            [
              231,
              43
            ],
            [
              226,
              43
            ],
            [
              224,
              45
            ],
            [
              218,
              45
            ],
            [
              216,
              47
            ],
            [
              216,
              50
            ],
            [
              215,
              51
            ],
            [
              221,
              51
            ],
            [
              222,
              52
            ],
            [
              224,
              52
            ],
            [
              225,
              51
            ],
            [
              229,
              51
            ],
            [
              230,
              48
            ],
            [
              231,
              47
            ],
            [
              232,
              47
            ],
            [
              232,
              45
            ]
          ]
        ]
      },
      "properties": {
        "objectType": "annotation",
        "classification": {
          "name": "Inflammatory",
          "color": [
            0,
            0,
            255
          ]
        },
        "isLocked": false,
        "measurements": []
      }
    },
    {
      "type": "Feature",
      "id": "PathAnnotationObject",
      "geometry": {
        "type": "Polygon",
        "coordinates": [
          [
            [
              140,
              43
            ],
            [
              138,
              45
            ],
            [
              138,
              50
            ],
            [
              142,
              54
            ],
            [
              142,
              53
            ],
            [
              143,
              52
            ],
            [
              144,
              52
            ],
            [
              144,
              45
            ],
            [
              143,
              45
            ],
            [
              142,
              44
            ],
            [
              142,
              43
            ],
            [
              140,
              43
            ]
          ]
        ]
      },
      "properties": {
        "objectType": "annotation",
        "classification": {
          "name": "Inflammatory",
          "color": [
            0,
            0,
            255
          ]
        },
        "isLocked": false,
        "measurements": []
      }
    },
    {
      "type": "Feature",
      "id": "PathAnnotationObject",
      "geometry": {
        "type": "Polygon",
        "coordinates": [
          [
            [
              34,
              47
            ],
            [
              34,
              49
            ],
            [
              35,
              50
            ],
            [
              35,
              51
            ],
            [
              38,
              54
            ],
            [
              44,
              54
            ],
            [
              44,
              53
            ],
            [
              45,
              52
            ],
            [
              45,
              47
            ],
            [
              44,
              46
            ],
            [
              44,
              45
            ],
            [
              42,
              45
            ],
            [
              41,
              44
            ],
            [
              38,
              44
            ],
            [
              37,
              45
            ],
            [
              36,
              45
            ],
            [
              34,
              47
            ]
          ]
        ]
      },
      "properties": {
        "objectType": "annotation",
        "classification": {
          "name": "Inflammatory",
          "color": [
            0,
            0,
            255
          ]
        },
        "isLocked": false,
        "measurements": []
      }
    },
    {
      "type": "Feature",
      "id": "PathAnnotationObject",
      "geometry": {
        "type": "Polygon",
        "coordinates": [
          [
            [
              8,
              45
            ],
            [
              3,
              45
            ],
            [
              3,
              46
            ],
            [
              1,
              48
            ],
            [
              1,
              53
            ],
            [
              3,
              55
            ],
            [
              4,
              55
            ],
            [
              5,
              54
            ],
            [
              7,
              54
            ],
            [
              7,
              53
            ],
            [
              8,
              52
            ],
            [
              9,
              52
            ],
            [
              10,
              51
            ],
            [
              10,
              48
            ],
            [
              9,
              48
            ],
            [
              8,
              47
            ],
            [
              8,
              45
            ]
          ]
        ]
      },
      "properties": {
        "objectType": "annotation",
        "classification": {
          "name": "Inflammatory",
          "color": [
            0,
            0,
            255
          ]
        },
        "isLocked": false,
        "measurements": []
      }
    },
    {
      "type": "Feature",
      "id": "PathAnnotationObject",
      "geometry": {
        "type": "Polygon",
        "coordinates": [
          [
            [
              70,
              47
            ],
            [
              69,
              48
            ],
            [
              69,
              52
            ],
            [
              70,
              53
            ],
            [
              70,
              54
            ],
            [
              74,
              54
            ],
            [
              74,
              53
            ],
            [
              76,
              51
            ],
            [
              76,
              48
            ],
            [
              75,
              48
            ],
            [
              74,
              47
            ],
            [
              70,
              47
            ]
          ]
        ]
      },
      "properties": {
        "objectType": "annotation",
        "classification": {
          "name": "Inflammatory",
          "color": [
            0,
            0,
            255
          ]
        },
        "isLocked": false,
        "measurements": []
      }
    },
    {
      "type": "Feature",
      "id": "PathAnnotationObject",
      "geometry": {
        "type": "Polygon",
        "coordinates": [
          [
            [
              113,
              50
            ],
            [
              113,
              54
            ],
            [
              114,
              55
            ],
            [
              119,
              55
            ],
            [
              120,
              54
            ],
            [
              122,
              54
            ],
            [
              122,
              53
            ],
            [
              121,
              52
            ],
            [
              121,
              51
            ],
            [
              119,
              49
            ],
            [
              118,
              49
            ],
            [
              117,
              48
            ],
            [
              115,
              48
            ],
            [
              113,
              50
            ]
          ]
        ]
      },
      "properties": {
        "objectType": "annotation",
        "classification": {
          "name": "Inflammatory",
          "color": [
            0,
            0,
            255
          ]
        },
        "isLocked": false,
        "measurements": []
      }
    },
    {
      "type": "Feature",
      "id": "PathAnnotationObject",
      "geometry": {
        "type": "Polygon",
        "coordinates": [
          [
            [
              189,
              48
            ],
            [
              189,
              54
            ],
            [
              190,
              54
            ],
            [
              192,
              57
            ],
            [
              194,
              57
            ],
            [
              195,
              58
            ],
            [
              196,
              57
            ],
            [
              197,
              57
            ],
            [
              198,
              56
            ],
            [
              198,
              54
            ],
            [
              200,
              51
            ],
            [
              197,
              48
            ],
            [
              195,
              48
            ],
            [
              194,
              47
            ],
            [
              192,
              47
            ],
            [
              191,
              48
            ],
            [
              189,
              48
            ]
          ]
        ]
      },
      "properties": {
        "objectType": "annotation",
        "classification": {
          "name": "Inflammatory",
          "color": [
            0,
            0,
            255
          ]
        },
        "isLocked": false,
        "measurements": []
      }
    },
    {
      "type": "Feature",
      "id": "PathAnnotationObject",
      "geometry": {
        "type": "Polygon",
        "coordinates": [
          [
            [
              64,
              49
            ],
            [
              63,
              50
            ],
            [
              59,
              50
            ],
            [
              57,
              52
            ],
            [
              55,
              52
            ],
            [
              54,
              53
            ],
            [
              53,
              53
            ],
            [
              53,
              54
            ],
            [
              52,
              55
            ],
            [
              52,
              57
            ],
            [
              53,
              58
            ],
            [
              53,
              59
            ],
            [
              64,
              59
            ],
            [
              64,
              58
            ],
            [
              66,
              56
            ],
            [
              66,
              52
            ],
            [
              64,
              50
            ],
            [
              64,
              49
            ]
          ]
        ]
      },
      "properties": {
        "objectType": "annotation",
        "classification": {
          "name": "Inflammatory",
          "color": [
            0,
            0,
            255
          ]
        },
        "isLocked": false,
        "measurements": []
      }
    },
    {
      "type": "Feature",
      "id": "PathAnnotationObject",
      "geometry": {
        "type": "Polygon",
        "coordinates": [
          [
            [
              156,
              50
            ],
            [
              152,
              50
            ],
            [
              149,
              53
            ],
            [
              148,
              53
            ],
            [
              148,
              56
            ],
            [
              151,
              59
            ],
            [
              154,
              59
            ],
            [
              156,
              57
            ],
            [
              156,
              55
            ],
            [
              157,
              54
            ],
            [
              157,
              53
            ],
            [
              156,
              52
            ],
            [
              156,
              50
            ]
          ]
        ]
      },
      "properties": {
        "objectType": "annotation",
        "classification": {
          "name": "Inflammatory",
          "color": [
            0,
            0,
            255
          ]
        },
        "isLocked": false,
        "measurements": []
      }
    },
    {
      "type": "Feature",
      "id": "PathAnnotationObject",
      "geometry": {
        "type": "Polygon",
        "coordinates": [
          [
            [
              161,
              53
            ],
            [
              158,
              56
            ],
            [
              159,
              57
            ],
            [
              159,
              61
            ],
            [
              162,
              61
            ],
            [
              163,
              62
            ],
            [
              167,
              62
            ],
            [
              168,
              61
            ],
            [
              168,
              56
            ],
            [
              167,
              55
            ],
            [
              166,
              55
            ],
            [
              164,
              53
            ],
            [
              161,
              53
            ]
          ]
        ]
      },
      "properties": {
        "objectType": "annotation",
        "classification": {
          "name": "Inflammatory",
          "color": [
            0,
            0,
            255
          ]
        },
        "isLocked": false,
        "measurements": []
      }
    },
    {
      "type": "Feature",
      "id": "PathAnnotationObject",
      "geometry": {
        "type": "Polygon",
        "coordinates": [
          [
            [
              183,
              52
            ],
            [
              182,
              52
            ],
            [
              181,
              51
            ],
            [
              179,
              51
            ],
            [
              176,
              53
            ],
            [
              174,
              53
            ],
            [
              174,
              54
            ],
            [
              172,
              56
            ],
            [
              172,
              59
            ],
            [
              173,
              60
            ],
            [
              174,
              63
            ],
            [
              180,
              63
            ],
            [
              183,
              61
            ],
            [
              185,
              61
            ],
            [
              185,
              58
            ],
            [
              183,
              56
            ],
            [
              183,
              52
            ]
          ]
        ]
      },
      "properties": {
        "objectType": "annotation",
        "classification": {
          "name": "Inflammatory",
          "color": [
            0,
            0,
            255
          ]
        },
        "isLocked": false,
        "measurements": []
      }
    },
    {
      "type": "Feature",
      "id": "PathAnnotationObject",
      "geometry": {
        "type": "Polygon",
        "coordinates": [
          [
            [
              8,
              56
            ],
            [
              8,
              59
            ],
            [
              11,
              63
            ],
            [
              11,
              64
            ],
            [
              12,
              64
            ],
            [
              13,
              65
            ],
            [
              13,
              66
            ],
            [
              19,
              66
            ],
            [
              20,
              65
            ],
            [
              21,
              65
            ],
            [
              24,
              61
            ],
            [
              24,
              58
            ],
            [
              23,
              58
            ],
            [
              22,
              57
            ],
            [
              22,
              55
            ],
            [
              18,
              52
            ],
            [
              13,
              52
            ],
            [
              10,
              55
            ],
            [
              9,
              55
            ],
            [
              8,
              56
            ]
          ]
        ]
      },
      "properties": {
        "objectType": "annotation",
        "classification": {
          "name": "Connective",
          "color": [
            0,
            255,
            0
          ]
        },
        "isLocked": false,
        "measurements": []
      }
    },
    {
      "type": "Feature",
      "id": "PathAnnotationObject",
      "geometry": {
        "type": "Polygon",
        "coordinates": [
          [
            [
              134,
              57
            ],
            [
              133,
              57
            ],
            [
              132,
              56
            ],
            [
              131,
              56
            ],
            [
              130,
              57
            ],
            [
              129,
              57
            ],
            [
              128,
              58
            ],
            [
              128,
              63
            ],
            [
              129,
              64
            ],
            [
              131,
              64
            ],
            [
              133,
              62
            ],
            [
              134,
              62
            ],
            [
              135,
              61
            ],
            [
              135,
              58
            ],
            [
              134,
              57
            ]
          ]
        ]
      },
      "properties": {
        "objectType": "annotation",
        "classification": {
          "name": "Inflammatory",
          "color": [
            0,
            0,
            255
          ]
        },
        "isLocked": false,
        "measurements": []
      }
    },
    {
      "type": "Feature",
      "id": "PathAnnotationObject",
      "geometry": {
        "type": "Polygon",
        "coordinates": [
          [
            [
              143,
              53
            ],
            [
              143,
              54
            ],
            [
              142,
              55
            ],
            [
              141,
              55
            ],
            [
              141,
              60
            ],
            [
              142,
              61
            ],
            [
              142,
              64
            ],
            [
              143,
              65
            ],
            [
              145,
              65
            ],
            [
              147,
              63
            ],
            [
              148,
              63
            ],
            [
              149,
              62
            ],
            [
              149,
              60
            ],
            [
              150,
              59
            ],
            [
              146,
              55
            ],
            [
              146,
              54
            ],
            [
              145,
              54
            ],
            [
              144,
              53
            ],
            [
              143,
              53
            ]
          ]
        ]
      },
      "properties": {
        "objectType": "annotation",
        "classification": {
          "name": "Inflammatory",
          "color": [
            0,
            0,
            255
          ]
        },
        "isLocked": false,
        "measurements": []
      }
    },
    {
      "type": "Feature",
      "id": "PathAnnotationObject",
      "geometry": {
        "type": "Polygon",
        "coordinates": [
          [
            [
              51,
              55
            ],
            [
              44,
              55
            ],
            [
              45,
              56
            ],
            [
              44,
              57
            ],
            [
              42,
              57
            ],
            [
              42,
              58
            ],
            [
              40,
              60
            ],
            [
              40,
              63
            ],
            [
              42,
              65
            ],
            [
              42,
              66
            ],
            [
              46,
              66
            ],
            [
              46,
              65
            ],
            [
              51,
              60
            ],
            [
              52,
              60
            ],
            [
              52,
              58
            ],
            [
              51,
              57
            ],
            [
              51,
              55
            ]
          ]
        ]
      },
      "properties": {
        "objectType": "annotation",
        "classification": {
          "name": "Inflammatory",
          "color": [
            0,
            0,
            255
          ]
        },
        "isLocked": false,
        "measurements": []
      }
    },
    {
      "type": "Feature",
      "id": "PathAnnotationObject",
      "geometry": {
        "type": "Polygon",
        "coordinates": [
          [
            [
              115,
              60
            ],
            [
              115,
              63
            ],
            [
              116,
              64
            ],
            [
              122,
              64
            ],
            [
              123,
              63
            ],
            [
              123,
              62
            ],
            [
              124,
              61
            ],
            [
              124,
              60
            ],
            [
              122,
              58
            ],
            [
              117,
              58
            ],
            [
              115,
              60
            ]
          ]
        ]
      },
      "properties": {
        "objectType": "annotation",
        "classification": {
          "name": "Inflammatory",
          "color": [
            0,
            0,
            255
          ]
        },
        "isLocked": false,
        "measurements": []
      }
    },
    {
      "type": "Feature",
      "id": "PathAnnotationObject",
      "geometry": {
        "type": "Polygon",
        "coordinates": [
          [
            [
              28,
              62
            ],
            [
              28,
              64
            ],
            [
              29,
              64
            ],
            [
              30,
              65
            ],
            [
              31,
              65
            ],
            [
              32,
              64
            ],
            [
              36,
              64
            ],
            [
              37,
              63
            ],
            [
              37,
              61
            ],
            [
              36,
              60
            ],
            [
              34,
              60
            ],
            [
              33,
              59
            ],
            [
              31,
              59
            ],
            [
              30,
              60
            ],
            [
              30,
              61
            ],
            [
              29,
              62
            ],
            [
              28,
              62
            ]
          ]
        ]
      },
      "properties": {
        "objectType": "annotation",
        "classification": {
          "name": "Inflammatory",
          "color": [
            0,
            0,
            255
          ]
        },
        "isLocked": false,
        "measurements": []
      }
    },
    {
      "type": "Feature",
      "id": "PathAnnotationObject",
      "geometry": {
        "type": "Polygon",
        "coordinates": [
          [
            [
              189,
              63
            ],
            [
              189,
              68
            ],
            [
              190,
              69
            ],
            [
              190,
              70
            ],
            [
              191,
              71
            ],
            [
              194,
              71
            ],
            [
              196,
              69
            ],
            [
              197,
              69
            ],
            [
              198,
              68
            ],
            [
              198,
              65
            ],
            [
              197,
              64
            ],
            [
              197,
              63
            ],
            [
              196,
              62
            ],
            [
              190,
              62
            ],
            [
              189,
              63
            ]
          ]
        ]
      },
      "properties": {
        "objectType": "annotation",
        "classification": {
          "name": "Inflammatory",
          "color": [
            0,
            0,
            255
          ]
        },
        "isLocked": false,
        "measurements": []
      }
    },
    {
      "type": "Feature",
      "id": "PathAnnotationObject",
      "geometry": {
        "type": "Polygon",
        "coordinates": [
          [
            [
              59,
              64
            ],
            [
              58,
              65
            ],
            [
              58,
              68
            ],
            [
              60,
              70
            ],
            [
              60,
              71
            ],
            [
              61,
              72
            ],
            [
              62,
              72
            ],
            [
              62,
              71
            ],
            [
              63,
              70
            ],
            [
              65,
              70
            ],
            [
              65,
              69
            ],
            [
              66,
              68
            ],
            [
              66,
              66
            ],
            [
              65,
              66
            ],
            [
              63,
              64
            ],
            [
              59,
              64
            ]
          ]
        ]
      },
      "properties": {
        "objectType": "annotation",
        "classification": {
          "name": "Inflammatory",
          "color": [
            0,
            0,
            255
          ]
        },
        "isLocked": false,
        "measurements": []
      }
    },
    {
      "type": "Feature",
      "id": "PathAnnotationObject",
      "geometry": {
        "type": "Polygon",
        "coordinates": [
          [
            [
              232,
              64
            ],
            [
              228,
              64
            ],
            [
              227,
              65
            ],
            [
              226,
              65
            ],
            [
              226,
              66
            ],
            [
              225,
              67
            ],
            [
              225,
              71
            ],
            [
              226,
              72
            ],
            [
              227,
              72
            ],
            [
              228,
              73
            ],
            [
              230,
              73
            ],
            [
              232,
              71
            ],
            [
              233,
              71
            ],
            [
              233,
              70
            ],
            [
              234,
              69
            ],
            [
              234,
              68
            ],
            [
              233,
              67
            ],
            [
              233,
              65
            ],
            [
              232,
              64
            ]
          ]
        ]
      },
      "properties": {
        "objectType": "annotation",
        "classification": {
          "name": "Inflammatory",
          "color": [
            0,
            0,
            255
          ]
        },
        "isLocked": false,
        "measurements": []
      }
    },
    {
      "type": "Feature",
      "id": "PathAnnotationObject",
      "geometry": {
        "type": "Polygon",
        "coordinates": [
          [
            [
              237,
              57
            ],
            [
              235,
              59
            ],
            [
              235,
              63
            ],
            [
              237,
              65
            ],
            [
              237,
              71
            ],
            [
              240,
              74
            ],
            [
              246,
              74
            ],
            [
              246,
              66
            ],
            [
              244,
              64
            ],
            [
              243,
              64
            ],
            [
              242,
              63
            ],
            [
              242,
              62
            ],
            [
              241,
              61
            ],
            [
              241,
              58
            ],
            [
              238,
              58
            ],
            [
              237,
              57
            ]
          ]
        ]
      },
      "properties": {
        "objectType": "annotation",
        "classification": {
          "name": "Inflammatory",
          "color": [
            0,
            0,
            255
          ]
        },
        "isLocked": false,
        "measurements": []
      }
    },
    {
      "type": "Feature",
      "id": "PathAnnotationObject",
      "geometry": {
        "type": "Polygon",
        "coordinates": [
          [
            [
              63,
              72
            ],
            [
              67,
              72
            ],
            [
              68,
              73
            ],
            [
              73,
              73
            ],
            [
              75,
              71
            ],
            [
              75,
              67
            ],
            [
              74,
              66
            ],
            [
              67,
              66
            ],
            [
              67,
              68
            ],
            [
              66,
              69
            ],
            [
              66,
              70
            ],
            [
              65,
              71
            ],
            [
              63,
              71
            ],
            [
              63,
              72
            ]
          ]
        ]
      },
      "properties": {
        "objectType": "annotation",
        "classification": {
          "name": "Inflammatory",
          "color": [
            0,
            0,
            255
          ]
        },
        "isLocked": false,
        "measurements": []
      }
    },
    {
      "type": "Feature",
      "id": "PathAnnotationObject",
      "geometry": {
        "type": "Polygon",
        "coordinates": [
          [
            [
              17,
              67
            ],
            [
              14,
              67
            ],
            [
              13,
              68
            ],
            [
              12,
              68
            ],
            [
              11,
              69
            ],
            [
              10,
              69
            ],
            [
              9,
              70
            ],
            [
              8,
              70
            ],
            [
              9,
              71
            ],
            [
              9,
              74
            ],
            [
              10,
              75
            ],
            [
              10,
              76
            ],
            [
              11,
              77
            ],
            [
              11,
              78
            ],
            [
              13,
              78
            ],
            [
              16,
              75
            ],
            [
              17,
              76
            ],
            [
              17,
              67
            ]
          ]
        ]
      },
      "properties": {
        "objectType": "annotation",
        "classification": {
          "name": "Inflammatory",
          "color": [
            0,
            0,
            255
          ]
        },
        "isLocked": false,
        "measurements": []
      }
    },
    {
      "type": "Feature",
      "id": "PathAnnotationObject",
      "geometry": {
        "type": "Polygon",
        "coordinates": [
          [
            [
              19,
              67
            ],
            [
              19,
              68
            ],
            [
              18,
              69
            ],
            [
              18,
              76
            ],
            [
              24,
              76
            ],
            [
              24,
              75
            ],
            [
              26,
              73
            ],
            [
              26,
              72
            ],
            [
              27,
              71
            ],
            [
              27,
              70
            ],
            [
              26,
              70
            ],
            [
              23,
              67
            ],
            [
              19,
              67
            ]
          ]
        ]
      },
      "properties": {
        "objectType": "annotation",
        "classification": {
          "name": "Inflammatory",
          "color": [
            0,
            0,
            255
          ]
        },
        "isLocked": false,
        "measurements": []
      }
    },
    {
      "type": "Feature",
      "id": "PathAnnotationObject",
      "geometry": {
        "type": "Polygon",
        "coordinates": [
          [
            [
              168,
              69
            ],
            [
              167,
              69
            ],
            [
              164,
              67
            ],
            [
              162,
              67
            ],
            [
              159,
              70
            ],
            [
              159,
              73
            ],
            [
              158,
              74
            ],
            [
              157,
              74
            ],
            [
              157,
              76
            ],
            [
              159,
              78
            ],
            [
              165,
              78
            ],
            [
              169,
              74
            ],
            [
              169,
              71
            ],
            [
              168,
              70
            ],
            [
              168,
              69
            ]
          ]
        ]
      },
      "properties": {
        "objectType": "annotation",
        "classification": {
          "name": "Inflammatory",
          "color": [
            0,
            0,
            255
          ]
        },
        "isLocked": false,
        "measurements": []
      }
    },
    {
      "type": "Feature",
      "id": "PathAnnotationObject",
      "geometry": {
        "type": "Polygon",
        "coordinates": [
          [
            [
              0,
              72
            ],
            [
              0,
              76
            ],
            [
              1,
              77
            ],
            [
              1,
              78
            ],
            [
              2,
              78
            ],
            [
              3,
              79
            ],
            [
              7,
              79
            ],
            [
              8,
              78
            ],
            [
              9,
              78
            ],
            [
              10,
              77
            ],
            [
              9,
              76
            ],
            [
              9,
              75
            ],
            [
              8,
              74
            ],
            [
              8,
              71
            ],
            [
              7,
              70
            ],
            [
              3,
              70
            ],
            [
              1,
              72
            ],
            [
              0,
              72
            ]
          ]
        ]
      },
      "properties": {
        "objectType": "annotation",
        "classification": {
          "name": "Inflammatory",
          "color": [
            0,
            0,
            255
          ]
        },
        "isLocked": false,
        "measurements": []
      }
    },
    {
      "type": "Feature",
      "id": "PathAnnotationObject",
      "geometry": {
        "type": "Polygon",
        "coordinates": [
          [
            [
              146,
              69
            ],
            [
              143,
              72
            ],
            [
              143,
              76
            ],
            [
              146,
              79
            ],
            [
              147,
              79
            ],
            [
              148,
              80
            ],
            [
              154,
              80
            ],
            [
              154,
              78
            ],
            [
              155,
              77
            ],
            [
              154,
              76
            ],
            [
              154,
              75
            ],
            [
              152,
              73
            ],
            [
              152,
              72
            ],
            [
              150,
              70
            ],
            [
              148,
              70
            ],
            [
              147,
              69
            ],
            [
              146,
              69
            ]
          ]
        ]
      },
      "properties": {
        "objectType": "annotation",
        "classification": {
          "name": "Inflammatory",
          "color": [
            0,
            0,
            255
          ]
        },
        "isLocked": false,
        "measurements": []
      }
    },
    {
      "type": "Feature",
      "id": "PathAnnotationObject",
      "geometry": {
        "type": "Polygon",
        "coordinates": [
          [
            [
              27,
              72
            ],
            [
              27,
              73
            ],
            [
              25,
              75
            ],
            [
              25,
              79
            ],
            [
              26,
              80
            ],
            [
              27,
              80
            ],
            [
              28,
              81
            ],
            [
              30,
              81
            ],
            [
              31,
              82
            ],
            [
              32,
              82
            ],
            [
              33,
              81
            ],
            [
              34,
              81
            ],
            [
              34,
              76
            ],
            [
              33,
              75
            ],
            [
              32,
              75
            ],
            [
              31,
              74
            ],
            [
              28,
              74
            ],
            [
              27,
              73
            ],
            [
              27,
              72
            ]
          ]
        ]
      },
      "properties": {
        "objectType": "annotation",
        "classification": {
          "name": "Inflammatory",
          "color": [
            0,
            0,
            255
          ]
        },
        "isLocked": false,
        "measurements": []
      }
    },
    {
      "type": "Feature",
      "id": "PathAnnotationObject",
      "geometry": {
        "type": "Polygon",
        "coordinates": [
          [
            [
              198,
              72
            ],
            [
              198,
              73
            ],
            [
              197,
              74
            ],
            [
              196,
              74
            ],
            [
              196,
              75
            ],
            [
              195,
              76
            ],
            [
              195,
              78
            ],
            [
              196,
              79
            ],
            [
              197,
              82
            ],
            [
              198,
              83
            ],
            [
              202,
              83
            ],
            [
              204,
              85
            ],
            [
              207,
              85
            ],
            [
              207,
              84
            ],
            [
              208,
              83
            ],
            [
              208,
              77
            ],
            [
              207,
              76
            ],
            [
              207,
              74
            ],
            [
              205,
              72
            ],
            [
              204,
              72
            ],
            [
              203,
              71
            ],
            [
              202,
              71
            ],
            [
              201,
              72
            ],
            [
              198,
              72
            ]
          ]
        ]
      },
      "properties": {
        "objectType": "annotation",
        "classification": {
          "name": "Inflammatory",
          "color": [
            0,
            0,
            255
          ]
        },
        "isLocked": false,
        "measurements": []
      }
    },
    {
      "type": "Feature",
      "id": "PathAnnotationObject",
      "geometry": {
        "type": "Polygon",
        "coordinates": [
          [
            [
              133,
              79
            ],
            [
              133,
              80
            ],
            [
              134,
              80
            ],
            [
              135,
              81
            ],
            [
              138,
              81
            ],
            [
              139,
              82
            ],
            [
              140,
              81
            ],
            [
              141,
              81
            ],
            [
              141,
              80
            ],
            [
              140,
              79
            ],
            [
              139,
              79
            ],
            [
              137,
              77
            ],
            [
              135,
              77
            ],
            [
              133,
              79
            ]
          ]
        ]
      },
      "properties": {
        "objectType": "annotation",
        "classification": {
          "name": "Inflammatory",
          "color": [
            0,
            0,
            255
          ]
        },
        "isLocked": false,
        "measurements": []
      }
    },
    {
      "type": "Feature",
      "id": "PathAnnotationObject",
      "geometry": {
        "type": "Polygon",
        "coordinates": [
          [
            [
              225,
              76
            ],
            [
              225,
              77
            ],
            [
              222,
              80
            ],
            [
              221,
              80
            ],
            [
              220,
              81
            ],
            [
              221,
              82
            ],
            [
              222,
              82
            ],
            [
              223,
              83
            ],
            [
              223,
              84
            ],
            [
              224,
              84
            ],
            [
              225,
              85
            ],
            [
              227,
              85
            ],
            [
              230,
              82
            ],
            [
              230,
              79
            ],
            [
              228,
              77
            ],
            [
              226,
              77
            ],
            [
              225,
              76
            ]
          ]
        ]
      },
      "properties": {
        "objectType": "annotation",
        "classification": {
          "name": "Inflammatory",
          "color": [
            0,
            0,
            255
          ]
        },
        "isLocked": false,
        "measurements": []
      }
    },
    {
      "type": "Feature",
      "id": "PathAnnotationObject",
      "geometry": {
        "type": "Polygon",
        "coordinates": [
          [
            [
              241,
              78
            ],
            [
              240,
              79
            ],
            [
              240,
              87
            ],
            [
              242,
              89
            ],
            [
              243,
              89
            ],
            [
              244,
              90
            ],
            [
              245,
              90
            ],
            [
              247,
              88
            ],
            [
              247,
              87
            ],
            [
              249,
              84
            ],
            [
              249,
              82
            ],
            [
              246,
              79
            ],
            [
              245,
              79
            ],
            [
              244,
              78
            ],
            [
              241,
              78
            ]
          ]
        ]
      },
      "properties": {
        "objectType": "annotation",
        "classification": {
          "name": "Inflammatory",
          "color": [
            0,
            0,
            255
          ]
        },
        "isLocked": false,
        "measurements": []
      }
    },
    {
      "type": "Feature",
      "id": "PathAnnotationObject",
      "geometry": {
        "type": "Polygon",
        "coordinates": [
          [
            [
              21,
              86
            ],
            [
              20,
              85
            ],
            [
              19,
              85
            ],
            [
              18,
              86
            ],
            [
              15,
              86
            ],
            [
              14,
              87
            ],
            [
              13,
              87
            ],
            [
              13,
              88
            ],
            [
              12,
              89
            ],
            [
              12,
              90
            ],
            [
              11,
              91
            ],
            [
              13,
              93
            ],
            [
              17,
              93
            ],
            [
              17,
              92
            ],
            [
              18,
              91
            ],
            [
              20,
              91
            ],
            [
              21,
              90
            ],
            [
              21,
              86
            ]
          ]
        ]
      },
      "properties": {
        "objectType": "annotation",
        "classification": {
          "name": "Connective",
          "color": [
            0,
            255,
            0
          ]
        },
        "isLocked": false,
        "measurements": []
      }
    },
    {
      "type": "Feature",
      "id": "PathAnnotationObject",
      "geometry": {
        "type": "Polygon",
        "coordinates": [
          [
            [
              194,
              82
            ],
            [
              194,
              83
            ],
            [
              193,
              84
            ],
            [
              192,
              84
            ],
            [
              192,
              85
            ],
            [
              191,
              86
            ],
            [
              191,
              91
            ],
            [
              192,
              92
            ],
            [
              192,
              93
            ],
            [
              194,
              95
            ],
            [
              197,
              96
            ],
            [
              198,
              97
            ],
            [
              198,
              98
            ],
            [
              203,
              98
            ],
            [
              203,
              97
            ],
            [
              205,
              95
            ],
            [
              205,
              91
            ],
            [
              204,
              90
            ],
            [
              203,
              87
            ],
            [
              201,
              85
            ],
            [
              198,
              84
            ],
            [
              196,
              82
            ],
            [
              194,
              82
            ]
          ]
        ]
      },
      "properties": {
        "objectType": "annotation",
        "classification": {
          "name": "Connective",
          "color": [
            0,
            255,
            0
          ]
        },
        "isLocked": false,
        "measurements": []
      }
    },
    {
      "type": "Feature",
      "id": "PathAnnotationObject",
      "geometry": {
        "type": "Polygon",
        "coordinates": [
          [
            [
              26,
              89
            ],
            [
              24,
              91
            ],
            [
              23,
              91
            ],
            [
              23,
              99
            ],
            [
              24,
              100
            ],
            [
              27,
              100
            ],
            [
              28,
              101
            ],
            [
              29,
              100
            ],
            [
              29,
              99
            ],
            [
              30,
              98
            ],
            [
              30,
              95
            ],
            [
              29,
              94
            ],
            [
              29,
              93
            ],
            [
              28,
              92
            ],
            [
              28,
              91
            ],
            [
              26,
              89
            ]
          ]
        ]
      },
      "properties": {
        "objectType": "annotation",
        "classification": {
          "name": "Inflammatory",
          "color": [
            0,
            0,
            255
          ]
        },
        "isLocked": false,
        "measurements": []
      }
    },
    {
      "type": "Feature",
      "id": "PathAnnotationObject",
      "geometry": {
        "type": "Polygon",
        "coordinates": [
          [
            [
              157,
              92
            ],
            [
              153,
              92
            ],
            [
              153,
              93
            ],
            [
              150,
              96
            ],
            [
              150,
              98
            ],
            [
              151,
              99
            ],
            [
              151,
              100
            ],
            [
              153,
              102
            ],
            [
              155,
              102
            ],
            [
              157,
              100
            ],
            [
              159,
              100
            ],
            [
              159,
              98
            ],
            [
              160,
              97
            ],
            [
              160,
              96
            ],
            [
              158,
              94
            ],
            [
              158,
              93
            ],
            [
              157,
              92
            ]
          ]
        ]
      },
      "properties": {
        "objectType": "annotation",
        "classification": {
          "name": "Inflammatory",
          "color": [
            0,
            0,
            255
          ]
        },
        "isLocked": false,
        "measurements": []
      }
    },
    {
      "type": "Feature",
      "id": "PathAnnotationObject",
      "geometry": {
        "type": "Polygon",
        "coordinates": [
          [
            [
              14,
              94
            ],
            [
              13,
              95
            ],
            [
              13,
              96
            ],
            [
              11,
              98
            ],
            [
              11,
              101
            ],
            [
              14,
              104
            ],
            [
              14,
              105
            ],
            [
              17,
              105
            ],
            [
              18,
              106
            ],
            [
              18,
              107
            ],
            [
              19,
              107
            ],
            [
              17,
              105
            ],
            [
              17,
              103
            ],
            [
              19,
              100
            ],
            [
              19,
              97
            ],
            [
              18,
              96
            ],
            [
              17,
              96
            ],
            [
              14,
              94
            ]
          ]
        ]
      },
      "properties": {
        "objectType": "annotation",
        "classification": {
          "name": "Neoplastic",
          "color": [
            255,
            0,
            0
          ]
        },
        "isLocked": false,
        "measurements": []
      }
    },
    {
      "type": "Feature",
      "id": "PathAnnotationObject",
      "geometry": {
        "type": "Polygon",
        "coordinates": [
          [
            [
              226,
              94
            ],
            [
              224,
              97
            ],
            [
              224,
              105
            ],
            [
              225,
              106
            ],
            [
              225,
              108
            ],
            [
              226,
              109
            ],
            [
              228,
              109
            ],
            [
              230,
              107
            ],
            [
              230,
              106
            ],
            [
              231,
              105
            ],
            [
              232,
              105
            ],
            [
              232,
              99
            ],
            [
              229,
              96
            ],
            [
              229,
              95
            ],
            [
              228,
              94
            ],
            [
              226,
              94
            ]
          ]
        ]
      },
      "properties": {
        "objectType": "annotation",
        "classification": {
          "name": "Inflammatory",
          "color": [
            0,
            0,
            255
          ]
        },
        "isLocked": false,
        "measurements": []
      }
    },
    {
      "type": "Feature",
      "id": "PathAnnotationObject",
      "geometry": {
        "type": "Polygon",
        "coordinates": [
          [
            [
              29,
              102
            ],
            [
              28,
              102
            ],
            [
              27,
              103
            ],
            [
              25,
              103
            ],
            [
              23,
              100
            ],
            [
              22,
              101
            ],
            [
              21,
              101
            ],
            [
              20,
              100
            ],
            [
              19,
              101
            ],
            [
              19,
              105
            ],
            [
              20,
              105
            ],
            [
              21,
              106
            ],
            [
              21,
              107
            ],
            [
              20,
              108
            ],
            [
              18,
              108
            ],
            [
              18,
              110
            ],
            [
              19,
              111
            ],
            [
              21,
              111
            ],
            [
              23,
              109
            ],
            [
              24,
              109
            ],
            [
              28,
              105
            ],
            [
              29,
              105
            ],
            [
              29,
              102
            ]
          ]
        ]
      },
      "properties": {
        "objectType": "annotation",
        "classification": {
          "name": "Inflammatory",
          "color": [
            0,
            0,
            255
          ]
        },
        "isLocked": false,
        "measurements": []
      }
    },
    {
      "type": "Feature",
      "id": "PathAnnotationObject",
      "geometry": {
        "type": "Polygon",
        "coordinates": [
          [
            [
              57,
              99
            ],
            [
              55,
              97
            ],
            [
              51,
              97
            ],
            [
              49,
              99
            ],
            [
              47,
              99
            ],
            [
              47,
              100
            ],
            [
              45,
              102
            ],
            [
              45,
              103
            ],
            [
              44,
              104
            ],
            [
              43,
              104
            ],
            [
              43,
              105
            ],
            [
              42,
              106
            ],
            [
              42,
              109
            ],
            [
              43,
              110
            ],
            [
              57,
              110
            ],
            [
              59,
              108
            ],
            [
              59,
              103
            ],
            [
              58,
              102
            ],
            [
              57,
              99
            ]
          ]
        ]
      },
      "properties": {
        "objectType": "annotation",
        "classification": {
          "name": "Connective",
          "color": [
            0,
            255,
            0
          ]
        },
        "isLocked": false,
        "measurements": []
      }
    },
    {
      "type": "Feature",
      "id": "PathAnnotationObject",
      "geometry": {
        "type": "Polygon",
        "coordinates": [
          [
            [
              73,
              104
            ],
            [
              73,
              105
            ],
            [
              74,
              106
            ],
            [
              78,
              106
            ],
            [
              79,
              107
            ],
            [
              85,
              107
            ],
            [
              87,
              109
            ],
            [
              90,
              109
            ],
            [
              91,
              108
            ],
            [
              93,
              108
            ],
            [
              95,
              106
            ],
            [
              94,
              105
            ],
            [
              94,
              103
            ],
            [
              93,
              103
            ],
            [
              88,
              99
            ],
            [
              82,
              99
            ],
            [
              79,
              101
            ],
            [
              75,
              101
            ],
            [
              75,
              102
            ],
            [
              73,
              104
            ]
          ]
        ]
      },
      "properties": {
        "objectType": "annotation",
        "classification": {
          "name": "Connective",
          "color": [
            0,
            255,
            0
          ]
        },
        "isLocked": false,
        "measurements": []
      }
    },
    {
      "type": "Feature",
      "id": "PathAnnotationObject",
      "geometry": {
        "type": "Polygon",
        "coordinates": [
          [
            [
              188,
              101
            ],
            [
              186,
              103
            ],
            [
              186,
              108
            ],
            [
              187,
              108
            ],
            [
              188,
              109
            ],
            [
              190,
              109
            ],
            [
              191,
              110
            ],
            [
              193,
              108
            ],
            [
              193,
              107
            ],
            [
              194,
              106
            ],
            [
              193,
              106
            ],
            [
              192,
              105
            ],
            [
              192,
              104
            ],
            [
              191,
              103
            ],
            [
              191,
              102
            ],
            [
              190,
              101
            ],
            [
              188,
              101
            ]
          ]
        ]
      },
      "properties": {
        "objectType": "annotation",
        "classification": {
          "name": "Inflammatory",
          "color": [
            0,
            0,
            255
          ]
        },
        "isLocked": false,
        "measurements": []
      }
    },
    {
      "type": "Feature",
      "id": "PathAnnotationObject",
      "geometry": {
        "type": "Polygon",
        "coordinates": [
          [
            [
              157,
              103
            ],
            [
              157,
              105
            ],
            [
              156,
              106
            ],
            [
              156,
              107
            ],
            [
              159,
              110
            ],
            [
              159,
              111
            ],
            [
              161,
              113
            ],
            [
              162,
              113
            ],
            [
              164,
              115
            ],
            [
              169,
              115
            ],
            [
              171,
              113
            ],
            [
              169,
              111
            ],
            [
              169,
              109
            ],
            [
              168,
              108
            ],
            [
              168,
              107
            ],
            [
              163,
              102
            ],
            [
              159,
              102
            ],
            [
              158,
              103
            ],
            [
              157,
              103
            ]
          ]
        ]
      },
      "properties": {
        "objectType": "annotation",
        "classification": {
          "name": "Connective",
          "color": [
            0,
            255,
            0
          ]
        },
        "isLocked": false,
        "measurements": []
      }
    },
    {
      "type": "Feature",
      "id": "PathAnnotationObject",
      "geometry": {
        "type": "Polygon",
        "coordinates": [
          [
            [
              173,
              103
            ],
            [
              170,
              106
            ],
            [
              170,
              110
            ],
            [
              171,
              110
            ],
            [
              173,
              112
            ],
            [
              179,
              112
            ],
            [
              181,
              110
            ],
            [
              181,
              108
            ],
            [
              182,
              107
            ],
            [
              179,
              104
            ],
            [
              178,
              104
            ],
            [
              177,
              103
            ],
            [
              173,
              103
            ]
          ]
        ]
      },
      "properties": {
        "objectType": "annotation",
        "classification": {
          "name": "Inflammatory",
          "color": [
            0,
            0,
            255
          ]
        },
        "isLocked": false,
        "measurements": []
      }
    },
    {
      "type": "Feature",
      "id": "PathAnnotationObject",
      "geometry": {
        "type": "Polygon",
        "coordinates": [
          [
            [
              113,
              106
            ],
            [
              113,
              109
            ],
            [
              116,
              112
            ],
            [
              122,
              112
            ],
            [
              122,
              111
            ],
            [
              123,
              110
            ],
            [
              124,
              110
            ],
            [
              124,
              108
            ],
            [
              120,
              104
            ],
            [
              115,
              104
            ],
            [
              113,
              106
            ]
          ]
        ]
      },
      "properties": {
        "objectType": "annotation",
        "classification": {
          "name": "Inflammatory",
          "color": [
            0,
            0,
            255
          ]
        },
        "isLocked": false,
        "measurements": []
      }
    },
    {
      "type": "Feature",
      "id": "PathAnnotationObject",
      "geometry": {
        "type": "Polygon",
        "coordinates": [
          [
            [
              238,
              103
            ],
            [
              237,
              104
            ],
            [
              237,
              106
            ],
            [
              236,
              107
            ],
            [
              236,
              108
            ],
            [
              237,
              109
            ],
            [
              237,
              113
            ],
            [
              238,
              114
            ],
            [
              238,
              115
            ],
            [
              241,
              115
            ],
            [
              243,
              117
            ],
            [
              248,
              117
            ],
            [
              249,
              116
            ],
            [
              251,
              111
            ],
            [
              246,
              106
            ],
            [
              243,
              105
            ],
            [
              241,
              103
            ],
            [
              238,
              103
            ]
          ]
        ]
      },
      "properties": {
        "objectType": "annotation",
        "classification": {
          "name": "Connective",
          "color": [
            0,
            255,
            0
          ]
        },
        "isLocked": false,
        "measurements": []
      }
    },
    {
      "type": "Feature",
      "id": "PathAnnotationObject",
      "geometry": {
        "type": "Polygon",
        "coordinates": [
          [
            [
              196,
              105
            ],
            [
              194,
              107
            ],
            [
              194,
              108
            ],
            [
              192,
              110
            ],
            [
              192,
              113
            ],
            [
              194,
              115
            ],
            [
              195,
              115
            ],
            [
              196,
              116
            ],
            [
              198,
              116
            ],
            [
              199,
              115
            ],
            [
              200,
              115
            ],
            [
              202,
              113
            ],
            [
              202,
              108
            ],
            [
              199,
              105
            ],
            [
              196,
              105
            ]
          ]
        ]
      },
      "properties": {
        "objectType": "annotation",
        "classification": {
          "name": "Inflammatory",
          "color": [
            0,
            0,
            255
          ]
        },
        "isLocked": false,
        "measurements": []
      }
    },
    {
      "type": "Feature",
      "id": "PathAnnotationObject",
      "geometry": {
        "type": "Polygon",
        "coordinates": [
          [
            [
              21,
              113
            ],
            [
              21,
              118
            ],
            [
              22,
              119
            ],
            [
              25,
              119
            ],
            [
              26,
              120
            ],
            [
              28,
              120
            ],
            [
              29,
              119
            ],
            [
              31,
              119
            ],
            [
              33,
              117
            ],
            [
              34,
              117
            ],
            [
              34,
              116
            ],
            [
              35,
              115
            ],
            [
              35,
              113
            ],
            [
              34,
              112
            ],
            [
              33,
              112
            ],
            [
              30,
              109
            ],
            [
              28,
              109
            ],
            [
              27,
              110
            ],
            [
              26,
              110
            ],
            [
              25,
              109
            ],
            [
              24,
              110
            ],
            [
              23,
              110
            ],
            [
              23,
              111
            ],
            [
              21,
              113
            ]
          ]
        ]
      },
      "properties": {
        "objectType": "annotation",
        "classification": {
          "name": "Connective",
          "color": [
            0,
            255,
            0
          ]
        },
        "isLocked": false,
        "measurements": []
      }
    },
    {
      "type": "Feature",
      "id": "PathAnnotationObject",
      "geometry": {
        "type": "Polygon",
        "coordinates": [
          [
            [
              123,
              111
            ],
            [
              123,
              114
            ],
            [
              121,
              116
            ],
            [
              121,
              117
            ],
            [
              122,
              118
            ],
            [
              122,
              119
            ],
            [
              123,
              120
            ],
            [
              129,
              120
            ],
            [
              130,
              119
            ],
            [
              130,
              113
            ],
            [
              128,
              111
            ],
            [
              123,
              111
            ]
          ]
        ]
      },
      "properties": {
        "objectType": "annotation",
        "classification": {
          "name": "Inflammatory",
          "color": [
            0,
            0,
            255
          ]
        },
        "isLocked": false,
        "measurements": []
      }
    },
    {
      "type": "Feature",
      "id": "PathAnnotationObject",
      "geometry": {
        "type": "Polygon",
        "coordinates": [
          [
            [
              144,
              112
            ],
            [
              143,
              111
            ],
            [
              140,
              111
            ],
            [
              139,
              112
            ],
            [
              138,
              112
            ],
            [
              137,
              113
            ],
            [
              136,
              113
            ],
            [
              135,
              114
            ],
            [
              135,
              115
            ],
            [
              133,
              117
            ],
            [
              133,
              119
            ],
            [
              134,
              119
            ],
            [
              135,
              120
            ],
            [
              137,
              120
            ],
            [
              138,
              121
            ],
            [
              141,
              121
            ],
            [
              143,
              119
            ],
            [
              143,
              118
            ],
            [
              145,
              115
            ],
            [
              145,
              114
            ],
            [
              144,
              113
            ],
            [
              144,
              112
            ]
          ]
        ]
      },
      "properties": {
        "objectType": "annotation",
        "classification": {
          "name": "Inflammatory",
          "color": [
            0,
            0,
            255
          ]
        },
        "isLocked": false,
        "measurements": []
      }
    },
    {
      "type": "Feature",
      "id": "PathAnnotationObject",
      "geometry": {
        "type": "Polygon",
        "coordinates": [
          [
            [
              85,
              114
            ],
            [
              85,
              115
            ],
            [
              84,
              116
            ],
            [
              84,
              119
            ],
            [
              88,
              123
            ],
            [
              92,
              123
            ],
            [
              93,
              122
            ],
            [
              93,
              116
            ],
            [
              92,
              116
            ],
            [
              91,
              115
            ],
            [
              91,
              114
            ],
            [
              85,
              114
            ]
          ]
        ]
      },
      "properties": {
        "objectType": "annotation",
        "classification": {
          "name": "Inflammatory",
          "color": [
            0,
            0,
            255
          ]
        },
        "isLocked": false,
        "measurements": []
      }
    },
    {
      "type": "Feature",
      "id": "PathAnnotationObject",
      "geometry": {
        "type": "Polygon",
        "coordinates": [
          [
            [
              0,
              112
            ],
            [
              0,
              123
            ],
            [
              1,
              124
            ],
            [
              7,
              124
            ],
            [
              10,
              121
            ],
            [
              10,
              117
            ],
            [
              7,
              114
            ],
            [
              5,
              114
            ],
            [
              4,
              113
            ],
            [
              1,
              113
            ],
            [
              0,
              112
            ]
          ]
        ]
      },
      "properties": {
        "objectType": "annotation",
        "classification": {
          "name": "Connective",
          "color": [
            0,
            255,
            0
          ]
        },
        "isLocked": false,
        "measurements": []
      }
    },
    {
      "type": "Feature",
      "id": "PathAnnotationObject",
      "geometry": {
        "type": "Polygon",
        "coordinates": [
          [
            [
              60,
              116
            ],
            [
              60,
              121
            ],
            [
              62,
              123
            ],
            [
              62,
              124
            ],
            [
              65,
              124
            ],
            [
              66,
              123
            ],
            [
              70,
              123
            ],
            [
              69,
              122
            ],
            [
              69,
              120
            ],
            [
              70,
              119
            ],
            [
              71,
              119
            ],
            [
              71,
              115
            ],
            [
              70,
              114
            ],
            [
              69,
              114
            ],
            [
              68,
              113
            ],
            [
              64,
              113
            ],
            [
              63,
              114
            ],
            [
              62,
              114
            ],
            [
              62,
              115
            ],
            [
              61,
              116
            ],
            [
              60,
              116
            ]
          ]
        ]
      },
      "properties": {
        "objectType": "annotation",
        "classification": {
          "name": "Inflammatory",
          "color": [
            0,
            0,
            255
          ]
        },
        "isLocked": false,
        "measurements": []
      }
    },
    {
      "type": "Feature",
      "id": "PathAnnotationObject",
      "geometry": {
        "type": "Polygon",
        "coordinates": [
          [
            [
              97,
              116
            ],
            [
              97,
              117
            ],
            [
              96,
              118
            ],
            [
              96,
              119
            ],
            [
              95,
              120
            ],
            [
              94,
              120
            ],
            [
              94,
              123
            ],
            [
              95,
              124
            ],
            [
              102,
              124
            ],
            [
              102,
              123
            ],
            [
              104,
              121
            ],
            [
              104,
              119
            ],
            [
              103,
              118
            ],
            [
              103,
              117
            ],
            [
              102,
              116
            ],
            [
              97,
              116
            ]
          ]
        ]
      },
      "properties": {
        "objectType": "annotation",
        "classification": {
          "name": "Inflammatory",
          "color": [
            0,
            0,
            255
          ]
        },
        "isLocked": false,
        "measurements": []
      }
    },
    {
      "type": "Feature",
      "id": "PathAnnotationObject",
      "geometry": {
        "type": "Polygon",
        "coordinates": [
          [
            [
              145,
              116
            ],
            [
              145,
              117
            ],
            [
              144,
              118
            ],
            [
              144,
              119
            ],
            [
              142,
              121
            ],
            [
              142,
              124
            ],
            [
              143,
              125
            ],
            [
              145,
              125
            ],
            [
              146,
              126
            ],
            [
              148,
              126
            ],
            [
              149,
              125
            ],
            [
              152,
              125
            ],
            [
              153,
              124
            ],
            [
              153,
              119
            ],
            [
              150,
              116
            ],
            [
              145,
              116
            ]
          ]
        ]
      },
      "properties": {
        "objectType": "annotation",
        "classification": {
          "name": "Inflammatory",
          "color": [
            0,
            0,
            255
          ]
        },
        "isLocked": false,
        "measurements": []
      }
    },
    {
      "type": "Feature",
      "id": "PathAnnotationObject",
      "geometry": {
        "type": "Polygon",
        "coordinates": [
          [
            [
              253,
              119
            ],
            [
              252,
              120
            ],
            [
              250,
              120
            ],
            [
              249,
              121
            ],
            [
              249,
              127
            ],
            [
              251,
              129
            ],
            [
              252,
              129
            ],
            [
              253,
              130
            ],
            [
              255,
              130
            ],
            [
              255,
              120
            ],
            [
              254,
              119
            ],
            [
              253,
              119
            ]
          ]
        ]
      },
      "properties": {
        "objectType": "annotation",
        "classification": {
          "name": "Inflammatory",
          "color": [
            0,
            0,
            255
          ]
        },
        "isLocked": false,
        "measurements": []
      }
    },
    {
      "type": "Feature",
      "id": "PathAnnotationObject",
      "geometry": {
        "type": "Polygon",
        "coordinates": [
          [
            [
              178,
              123
            ],
            [
              178,
              125
            ],
            [
              179,
              126
            ],
            [
              180,
              126
            ],
            [
              182,
              128
            ],
            [
              185,
              128
            ],
            [
              186,
              127
            ],
            [
              187,
              128
            ],
            [
              189,
              126
            ],
            [
              189,
              124
            ],
            [
              188,
              123
            ],
            [
              188,
              121
            ],
            [
              187,
              121
            ],
            [
              186,
              120
            ],
            [
              182,
              120
            ],
            [
              181,
              121
            ],
            [
              180,
              121
            ],
            [
              178,
              123
            ]
          ]
        ]
      },
      "properties": {
        "objectType": "annotation",
        "classification": {
          "name": "Inflammatory",
          "color": [
            0,
            0,
            255
          ]
        },
        "isLocked": false,
        "measurements": []
      }
    },
    {
      "type": "Feature",
      "id": "PathAnnotationObject",
      "geometry": {
        "type": "Polygon",
        "coordinates": [
          [
            [
              237,
              116
            ],
            [
              233,
              120
            ],
            [
              233,
              122
            ],
            [
              232,
              123
            ],
            [
              232,
              124
            ],
            [
              233,
              125
            ],
            [
              233,
              129
            ],
            [
              234,
              128
            ],
            [
              237,
              130
            ],
            [
              242,
              130
            ],
            [
              242,
              129
            ],
            [
              244,
              127
            ],
            [
              244,
              125
            ],
            [
              245,
              124
            ],
            [
              245,
              120
            ],
            [
              244,
              120
            ],
            [
              242,
              118
            ],
            [
              240,
              118
            ],
            [
              238,
              116
            ],
            [
              237,
              116
            ]
          ]
        ]
      },
      "properties": {
        "objectType": "annotation",
        "classification": {
          "name": "Connective",
          "color": [
            0,
            255,
            0
          ]
        },
        "isLocked": false,
        "measurements": []
      }
    },
    {
      "type": "Feature",
      "id": "PathAnnotationObject",
      "geometry": {
        "type": "Polygon",
        "coordinates": [
          [
            [
              211,
              123
            ],
            [
              211,
              124
            ],
            [
              210,
              125
            ],
            [
              209,
              125
            ],
            [
              209,
              126
            ],
            [
              208,
              127
            ],
            [
              208,
              130
            ],
            [
              209,
              131
            ],
            [
              209,
              132
            ],
            [
              211,
              132
            ],
            [
              212,
              131
            ],
            [
              213,
              132
            ],
            [
              213,
              134
            ],
            [
              215,
              134
            ],
            [
              217,
              132
            ],
            [
              217,
              128
            ],
            [
              218,
              127
            ],
            [
              219,
              124
            ],
            [
              218,
              125
            ],
            [
              217,
              125
            ],
            [
              215,
              123
            ],
            [
              211,
              123
            ]
          ]
        ]
      },
      "properties": {
        "objectType": "annotation",
        "classification": {
          "name": "Connective",
          "color": [
            0,
            255,
            0
          ]
        },
        "isLocked": false,
        "measurements": []
      }
    },
    {
      "type": "Feature",
      "id": "PathAnnotationObject",
      "geometry": {
        "type": "Polygon",
        "coordinates": [
          [
            [
              107,
              122
            ],
            [
              107,
              123
            ],
            [
              106,
              124
            ],
            [
              106,
              128
            ],
            [
              109,
              131
            ],
            [
              112,
              132
            ],
            [
              114,
              134
            ],
            [
              116,
              134
            ],
            [
              117,
              133
            ],
            [
              122,
              132
            ],
            [
              122,
              131
            ],
            [
              124,
              129
            ],
            [
              124,
              126
            ],
            [
              122,
              124
            ],
            [
              122,
              123
            ],
            [
              121,
              123
            ],
            [
              119,
              121
            ],
            [
              115,
              121
            ],
            [
              114,
              120
            ],
            [
              109,
              120
            ],
            [
              107,
              122
            ]
          ]
        ]
      },
      "properties": {
        "objectType": "annotation",
        "classification": {
          "name": "Neoplastic",
          "color": [
            255,
            0,
            0
          ]
        },
        "isLocked": false,
        "measurements": []
      }
    },
    {
      "type": "Feature",
      "id": "PathAnnotationObject",
      "geometry": {
        "type": "Polygon",
        "coordinates": [
          [
            [
              159,
              121
            ],
            [
              158,
              122
            ],
            [
              157,
              122
            ],
            [
              155,
              124
            ],
            [
              155,
              125
            ],
            [
              154,
              126
            ],
            [
              153,
              126
            ],
            [
              154,
              127
            ],
            [
              154,
              129
            ],
            [
              155,
              130
            ],
            [
              155,
              133
            ],
            [
              157,
              135
            ],
            [
              163,
              135
            ],
            [
              164,
              134
            ],
            [
              165,
              134
            ],
            [
              165,
              133
            ],
            [
              166,
              132
            ],
            [
              166,
              129
            ],
            [
              167,
              128
            ],
            [
              167,
              126
            ],
            [
              166,
              125
            ],
            [
              166,
              123
            ],
            [
              165,
              123
            ],
            [
              164,
              122
            ],
            [
              164,
              121
            ],
            [
              159,
              121
            ]
          ]
        ]
      },
      "properties": {
        "objectType": "annotation",
        "classification": {
          "name": "Inflammatory",
          "color": [
            0,
            0,
            255
          ]
        },
        "isLocked": false,
        "measurements": []
      }
    },
    {
      "type": "Feature",
      "id": "PathAnnotationObject",
      "geometry": {
        "type": "Polygon",
        "coordinates": [
          [
            [
              78,
              121
            ],
            [
              77,
              122
            ],
            [
              77,
              124
            ],
            [
              75,
              126
            ],
            [
              75,
              131
            ],
            [
              76,
              132
            ],
            [
              78,
              132
            ],
            [
              79,
              133
            ],
            [
              79,
              134
            ],
            [
              84,
              134
            ],
            [
              84,
              133
            ],
            [
              85,
              132
            ],
            [
              85,
              126
            ],
            [
              83,
              124
            ],
            [
              83,
              123
            ],
            [
              82,
              123
            ],
            [
              80,
              121
            ],
            [
              78,
              121
            ]
          ]
        ]
      },
      "properties": {
        "objectType": "annotation",
        "classification": {
          "name": "Inflammatory",
          "color": [
            0,
            0,
            255
          ]
        },
        "isLocked": false,
        "measurements": []
      }
    },
    {
      "type": "Feature",
      "id": "PathAnnotationObject",
      "geometry": {
        "type": "Polygon",
        "coordinates": [
          [
            [
              220,
              123
            ],
            [
              220,
              125
            ],
            [
              219,
              126
            ],
            [
              219,
              128
            ],
            [
              221,
              131
            ],
            [
              221,
              133
            ],
            [
              223,
              135
            ],
            [
              227,
              135
            ],
            [
              230,
              132
            ],
            [
              230,
              131
            ],
            [
              231,
              130
            ],
            [
              232,
              130
            ],
            [
              232,
              126
            ],
            [
              231,
              126
            ],
            [
              228,
              123
            ],
            [
              225,
              123
            ],
            [
              224,
              122
            ],
            [
              223,
              122
            ],
            [
              222,
              123
            ],
            [
              220,
              123
            ]
          ]
        ]
      },
      "properties": {
        "objectType": "annotation",
        "classification": {
          "name": "Inflammatory",
          "color": [
            0,
            0,
            255
          ]
        },
        "isLocked": false,
        "measurements": []
      }
    },
    {
      "type": "Feature",
      "id": "PathAnnotationObject",
      "geometry": {
        "type": "Polygon",
        "coordinates": [
          [
            [
              35,
              126
            ],
            [
              35,
              127
            ],
            [
              33,
              130
            ],
            [
              33,
              132
            ],
            [
              35,
              134
            ],
            [
              35,
              135
            ],
            [
              44,
              135
            ],
            [
              45,
              134
            ],
            [
              46,
              134
            ],
            [
              46,
              133
            ],
            [
              48,
              131
            ],
            [
              46,
              129
            ],
            [
              46,
              128
            ],
            [
              45,
              128
            ],
            [
              43,
              126
            ],
            [
              42,
              126
            ],
            [
              41,
              125
            ],
            [
              37,
              125
            ],
            [
              36,
              126
            ],
            [
              35,
              126
            ]
          ]
        ]
      },
      "properties": {
        "objectType": "annotation",
        "classification": {
          "name": "Inflammatory",
          "color": [
            0,
            0,
            255
          ]
        },
        "isLocked": false,
        "measurements": []
      }
    },
    {
      "type": "Feature",
      "id": "PathAnnotationObject",
      "geometry": {
        "type": "Polygon",
        "coordinates": [
          [
            [
              71,
              123
            ],
            [
              70,
              124
            ],
            [
              67,
              125
            ],
            [
              64,
              128
            ],
            [
              64,
              129
            ],
            [
              63,
              130
            ],
            [
              63,
              132
            ],
            [
              65,
              135
            ],
            [
              67,
              135
            ],
            [
              71,
              139
            ],
            [
              73,
              139
            ],
            [
              74,
              138
            ],
            [
              74,
              136
            ],
            [
              75,
              135
            ],
            [
              75,
              132
            ],
            [
              74,
              131
            ],
            [
              74,
              126
            ],
            [
              73,
              125
            ],
            [
              73,
              123
            ],
            [
              71,
              123
            ]
          ]
        ]
      },
      "properties": {
        "objectType": "annotation",
        "classification": {
          "name": "Inflammatory",
          "color": [
            0,
            0,
            255
          ]
        },
        "isLocked": false,
        "measurements": []
      }
    },
    {
      "type": "Feature",
      "id": "PathAnnotationObject",
      "geometry": {
        "type": "Polygon",
        "coordinates": [
          [
            [
              203,
              126
            ],
            [
              202,
              125
            ],
            [
              198,
              125
            ],
            [
              197,
              126
            ],
            [
              190,
              126
            ],
            [
              187,
              129
            ],
            [
              187,
              132
            ],
            [
              188,
              132
            ],
            [
              189,
              133
            ],
            [
              189,
              135
            ],
            [
              190,
              135
            ],
            [
              191,
              136
            ],
            [
              195,
              136
            ],
            [
              197,
              134
            ],
            [
              198,
              131
            ],
            [
              199,
              130
            ],
            [
              201,
              130
            ],
            [
              202,
              129
            ],
            [
              203,
              126
            ]
          ]
        ]
      },
      "properties": {
        "objectType": "annotation",
        "classification": {
          "name": "Inflammatory",
          "color": [
            0,
            0,
            255
          ]
        },
        "isLocked": false,
        "measurements": []
      }
    },
    {
      "type": "Feature",
      "id": "PathAnnotationObject",
      "geometry": {
        "type": "Polygon",
        "coordinates": [
          [
            [
              134,
              126
            ],
            [
              132,
              128
            ],
            [
              132,
              129
            ],
            [
              131,
              130
            ],
            [
              131,
              132
            ],
            [
              132,
              133
            ],
            [
              132,
              134
            ],
            [
              135,
              137
            ],
            [
              140,
              137
            ],
            [
              142,
              135
            ],
            [
              142,
              129
            ],
            [
              139,
              126
            ],
            [
              134,
              126
            ]
          ]
        ]
      },
      "properties": {
        "objectType": "annotation",
        "classification": {
          "name": "Inflammatory",
          "color": [
            0,
            0,
            255
          ]
        },
        "isLocked": false,
        "measurements": []
      }
    },
    {
      "type": "Feature",
      "id": "PathAnnotationObject",
      "geometry": {
        "type": "Polygon",
        "coordinates": [
          [
            [
              91,
              127
            ],
            [
              90,
              128
            ],
            [
              88,
              128
            ],
            [
              86,
              130
            ],
            [
              86,
              132
            ],
            [
              85,
              133
            ],
            [
              86,
              132
            ],
            [
              87,
              133
            ],
            [
              87,
              134
            ],
            [
              89,
              136
            ],
            [
              92,
              136
            ],
            [
              93,
              135
            ],
            [
              95,
              135
            ],
            [
              96,
              134
            ],
            [
              95,
              133
            ],
            [
              96,
              132
            ],
            [
              95,
              131
            ],
            [
              95,
              130
            ],
            [
              93,
              128
            ],
            [
              92,
              128
            ],
            [
              91,
              127
            ]
          ]
        ]
      },
      "properties": {
        "objectType": "annotation",
        "classification": {
          "name": "Inflammatory",
          "color": [
            0,
            0,
            255
          ]
        },
        "isLocked": false,
        "measurements": []
      }
    },
    {
      "type": "Feature",
      "id": "PathAnnotationObject",
      "geometry": {
        "type": "Polygon",
        "coordinates": [
          [
            [
              175,
              128
            ],
            [
              174,
              131
            ],
            [
              172,
              133
            ],
            [
              172,
              134
            ],
            [
              173,
              135
            ],
            [
              173,
              137
            ],
            [
              175,
              139
            ],
            [
              186,
              139
            ],
            [
              187,
              140
            ],
            [
              188,
              140
            ],
            [
              188,
              137
            ],
            [
              183,
              134
            ],
            [
              183,
              130
            ],
            [
              181,
              128
            ],
            [
              179,
              128
            ],
            [
              178,
              127
            ],
            [
              175,
              128
            ]
          ]
        ]
      },
      "properties": {
        "objectType": "annotation",
        "classification": {
          "name": "Inflammatory",
          "color": [
            0,
            0,
            255
          ]
        },
        "isLocked": false,
        "measurements": []
      }
    },
    {
      "type": "Feature",
      "id": "PathAnnotationObject",
      "geometry": {
        "type": "Polygon",
        "coordinates": [
          [
            [
              18,
              130
            ],
            [
              19,
              131
            ],
            [
              20,
              131
            ],
            [
              22,
              133
            ],
            [
              22,
              134
            ],
            [
              24,
              136
            ],
            [
              24,
              137
            ],
            [
              26,
              139
            ],
            [
              27,
              139
            ],
            [
              28,
              140
            ],
            [
              31,
              139
            ],
            [
              34,
              136
            ],
            [
              34,
              134
            ],
            [
              33,
              135
            ],
            [
              32,
              134
            ],
            [
              32,
              131
            ],
            [
              31,
              131
            ],
            [
              28,
              129
            ],
            [
              27,
              130
            ],
            [
              21,
              130
            ],
            [
              20,
              129
            ],
            [
              19,
              129
            ],
            [
              18,
              130
            ]
          ]
        ]
      },
      "properties": {
        "objectType": "annotation",
        "classification": {
          "name": "Inflammatory",
          "color": [
            0,
            0,
            255
          ]
        },
        "isLocked": false,
        "measurements": []
      }
    },
    {
      "type": "Feature",
      "id": "PathAnnotationObject",
      "geometry": {
        "type": "Polygon",
        "coordinates": [
          [
            [
              16,
              133
            ],
            [
              14,
              133
            ],
            [
              13,
              132
            ],
            [
              12,
              133
            ],
            [
              11,
              133
            ],
            [
              9,
              135
            ],
            [
              9,
              138
            ],
            [
              11,
              140
            ],
            [
              13,
              140
            ],
            [
              14,
              139
            ],
            [
              15,
              139
            ],
            [
              15,
              138
            ],
            [
              16,
              137
            ],
            [
              16,
              133
            ]
          ]
        ]
      },
      "properties": {
        "objectType": "annotation",
        "classification": {
          "name": "Inflammatory",
          "color": [
            0,
            0,
            255
          ]
        },
        "isLocked": false,
        "measurements": []
      }
    },
    {
      "type": "Feature",
      "id": "PathAnnotationObject",
      "geometry": {
        "type": "Polygon",
        "coordinates": [
          [
            [
              98,
              136
            ],
            [
              98,
              137
            ],
            [
              99,
              138
            ],
            [
              99,
              139
            ],
            [
              100,
              139
            ],
            [
              101,
              140
            ],
            [
              101,
              141
            ],
            [
              108,
              141
            ],
            [
              108,
              140
            ],
            [
              110,
              137
            ],
            [
              110,
              136
            ],
            [
              108,
              134
            ],
            [
              108,
              133
            ],
            [
              104,
              133
            ],
            [
              102,
              135
            ],
            [
              100,
              135
            ],
            [
              99,
              136
            ],
            [
              98,
              136
            ]
          ]
        ]
      },
      "properties": {
        "objectType": "annotation",
        "classification": {
          "name": "Inflammatory",
          "color": [
            0,
            0,
            255
          ]
        },
        "isLocked": false,
        "measurements": []
      }
    },
    {
      "type": "Feature",
      "id": "PathAnnotationObject",
      "geometry": {
        "type": "Polygon",
        "coordinates": [
          [
            [
              250,
              133
            ],
            [
              243,
              133
            ],
            [
              241,
              135
            ],
            [
              240,
              135
            ],
            [
              239,
              136
            ],
            [
              239,
              137
            ],
            [
              240,
              138
            ],
            [
              240,
              139
            ],
            [
              239,
              140
            ],
            [
              239,
              142
            ],
            [
              242,
              145
            ],
            [
              242,
              146
            ],
            [
              245,
              146
            ],
            [
              247,
              144
            ],
            [
              248,
              144
            ],
            [
              249,
              143
            ],
            [
              251,
              143
            ],
            [
              253,
              141
            ],
            [
              253,
              137
            ],
            [
              252,
              136
            ],
            [
              252,
              135
            ],
            [
              250,
              133
            ]
          ]
        ]
      },
      "properties": {
        "objectType": "annotation",
        "classification": {
          "name": "Inflammatory",
          "color": [
            0,
            0,
            255
          ]
        },
        "isLocked": false,
        "measurements": []
      }
    },
    {
      "type": "Feature",
      "id": "PathAnnotationObject",
      "geometry": {
        "type": "Polygon",
        "coordinates": [
          [
            [
              150,
              137
            ],
            [
              151,
              138
            ],
            [
              151,
              140
            ],
            [
              154,
              140
            ],
            [
              155,
              141
            ],
            [
              155,
              142
            ],
            [
              154,
              143
            ],
            [
              155,
              143
            ],
            [
              156,
              142
            ],
            [
              157,
              142
            ],
            [
              158,
              141
            ],
            [
              158,
              138
            ],
            [
              155,
              138
            ],
            [
              154,
              137
            ],
            [
              153,
              137
            ],
            [
              152,
              136
            ],
            [
              151,
              136
            ],
            [
              150,
              137
            ]
          ]
        ]
      },
      "properties": {
        "objectType": "annotation",
        "classification": {
          "name": "Inflammatory",
          "color": [
            0,
            0,
            255
          ]
        },
        "isLocked": false,
        "measurements": []
      }
    },
    {
      "type": "Feature",
      "id": "PathAnnotationObject",
      "geometry": {
        "type": "Polygon",
        "coordinates": [
          [
            [
              164,
              135
            ],
            [
              164,
              137
            ],
            [
              163,
              138
            ],
            [
              162,
              138
            ],
            [
              162,
              140
            ],
            [
              164,
              142
            ],
            [
              164,
              143
            ],
            [
              165,
              144
            ],
            [
              166,
              144
            ],
            [
              167,
              145
            ],
            [
              169,
              145
            ],
            [
              170,
              144
            ],
            [
              171,
              144
            ],
            [
              171,
              143
            ],
            [
              172,
              142
            ],
            [
              172,
              140
            ],
            [
              169,
              137
            ],
            [
              169,
              136
            ],
            [
              168,
              136
            ],
            [
              167,
              135
            ],
            [
              166,
              135
            ],
            [
              165,
              136
            ],
            [
              164,
              135
            ]
          ]
        ]
      },
      "properties": {
        "objectType": "annotation",
        "classification": {
          "name": "Inflammatory",
          "color": [
            0,
            0,
            255
          ]
        },
        "isLocked": false,
        "measurements": []
      }
    },
    {
      "type": "Feature",
      "id": "PathAnnotationObject",
      "geometry": {
        "type": "Polygon",
        "coordinates": [
          [
            [
              148,
              136
            ],
            [
              143,
              136
            ],
            [
              143,
              137
            ],
            [
              142,
              138
            ],
            [
              142,
              139
            ],
            [
              140,
              141
            ],
            [
              140,
              143
            ],
            [
              141,
              144
            ],
            [
              141,
              147
            ],
            [
              142,
              147
            ],
            [
              143,
              148
            ],
            [
              144,
              148
            ],
            [
              145,
              147
            ],
            [
              146,
              147
            ],
            [
              149,
              144
            ],
            [
              149,
              137
            ],
            [
              148,
              136
            ]
          ]
        ]
      },
      "properties": {
        "objectType": "annotation",
        "classification": {
          "name": "Inflammatory",
          "color": [
            0,
            0,
            255
          ]
        },
        "isLocked": false,
        "measurements": []
      }
    },
    {
      "type": "Feature",
      "id": "PathAnnotationObject",
      "geometry": {
        "type": "Polygon",
        "coordinates": [
          [
            [
              131,
              138
            ],
            [
              131,
              139
            ],
            [
              130,
              140
            ],
            [
              130,
              144
            ],
            [
              131,
              145
            ],
            [
              131,
              146
            ],
            [
              132,
              146
            ],
            [
              135,
              149
            ],
            [
              137,
              149
            ],
            [
              139,
              147
            ],
            [
              140,
              147
            ],
            [
              140,
              144
            ],
            [
              139,
              143
            ],
            [
              139,
              142
            ],
            [
              138,
              141
            ],
            [
              138,
              140
            ],
            [
              137,
              140
            ],
            [
              136,
              139
            ],
            [
              137,
              138
            ],
            [
              131,
              138
            ]
          ]
        ]
      },
      "properties": {
        "objectType": "annotation",
        "classification": {
          "name": "Inflammatory",
          "color": [
            0,
            0,
            255
          ]
        },
        "isLocked": false,
        "measurements": []
      }
    },
    {
      "type": "Feature",
      "id": "PathAnnotationObject",
      "geometry": {
        "type": "Polygon",
        "coordinates": [
          [
            [
              57,
              141
            ],
            [
              57,
              145
            ],
            [
              58,
              146
            ],
            [
              66,
              146
            ],
            [
              66,
              142
            ],
            [
              63,
              139
            ],
            [
              59,
              139
            ],
            [
              57,
              141
            ]
          ]
        ]
      },
      "properties": {
        "objectType": "annotation",
        "classification": {
          "name": "Inflammatory",
          "color": [
            0,
            0,
            255
          ]
        },
        "isLocked": false,
        "measurements": []
      }
    },
    {
      "type": "Feature",
      "id": "PathAnnotationObject",
      "geometry": {
        "type": "Polygon",
        "coordinates": [
          [
            [
              43,
              139
            ],
            [
              40,
              139
            ],
            [
              39,
              140
            ],
            [
              37,
              140
            ],
            [
              35,
              142
            ],
            [
              35,
              146
            ],
            [
              38,
              149
            ],
            [
              41,
              149
            ],
            [
              43,
              147
            ],
            [
              44,
              147
            ],
            [
              46,
              145
            ],
            [
              46,
              143
            ],
            [
              44,
              141
            ],
            [
              44,
              140
            ],
            [
              43,
              139
            ]
          ]
        ]
      },
      "properties": {
        "objectType": "annotation",
        "classification": {
          "name": "Inflammatory",
          "color": [
            0,
            0,
            255
          ]
        },
        "isLocked": false,
        "measurements": []
      }
    },
    {
      "type": "Feature",
      "id": "PathAnnotationObject",
      "geometry": {
        "type": "Polygon",
        "coordinates": [
          [
            [
              19,
              140
            ],
            [
              18,
              141
            ],
            [
              18,
              142
            ],
            [
              17,
              143
            ],
            [
              17,
              145
            ],
            [
              18,
              146
            ],
            [
              18,
              147
            ],
            [
              19,
              148
            ],
            [
              19,
              149
            ],
            [
              25,
              149
            ],
            [
              25,
              148
            ],
            [
              26,
              147
            ],
            [
              26,
              143
            ],
            [
              24,
              141
            ],
            [
              23,
              141
            ],
            [
              22,
              140
            ],
            [
              19,
              140
            ]
          ]
        ]
      },
      "properties": {
        "objectType": "annotation",
        "classification": {
          "name": "Inflammatory",
          "color": [
            0,
            0,
            255
          ]
        },
        "isLocked": false,
        "measurements": []
      }
    },
    {
      "type": "Feature",
      "id": "PathAnnotationObject",
      "geometry": {
        "type": "Polygon",
        "coordinates": [
          [
            [
              232,
              143
            ],
            [
              230,
              145
            ],
            [
              230,
              148
            ],
            [
              229,
              149
            ],
            [
              230,
              150
            ],
            [
              230,
              151
            ],
            [
              237,
              151
            ],
            [
              239,
              149
            ],
            [
              238,
              148
            ],
            [
              239,
              147
            ],
            [
              238,
              146
            ],
            [
              238,
              145
            ],
            [
              236,
              143
            ],
            [
              232,
              143
            ]
          ]
        ]
      },
      "properties": {
        "objectType": "annotation",
        "classification": {
          "name": "Inflammatory",
          "color": [
            0,
            0,
            255
          ]
        },
        "isLocked": false,
        "measurements": []
      }
    },
    {
      "type": "Feature",
      "id": "PathAnnotationObject",
      "geometry": {
        "type": "Polygon",
        "coordinates": [
          [
            [
              55,
              149
            ],
            [
              55,
              152
            ],
            [
              56,
              152
            ],
            [
              58,
              155
            ],
            [
              59,
              155
            ],
            [
              62,
              157
            ],
            [
              65,
              156
            ],
            [
              64,
              155
            ],
            [
              66,
              152
            ],
            [
              67,
              153
            ],
            [
              67,
              154
            ],
            [
              68,
              154
            ],
            [
              69,
              155
            ],
            [
              69,
              147
            ],
            [
              67,
              147
            ],
            [
              66,
              148
            ],
            [
              65,
              147
            ],
            [
              57,
              147
            ],
            [
              55,
              149
            ]
          ]
        ]
      },
      "properties": {
        "objectType": "annotation",
        "classification": {
          "name": "Inflammatory",
          "color": [
            0,
            0,
            255
          ]
        },
        "isLocked": false,
        "measurements": []
      }
    },
    {
      "type": "Feature",
      "id": "PathAnnotationObject",
      "geometry": {
        "type": "Polygon",
        "coordinates": [
          [
            [
              113,
              148
            ],
            [
              113,
              151
            ],
            [
              116,
              154
            ],
            [
              121,
              154
            ],
            [
              123,
              152
            ],
            [
              125,
              152
            ],
            [
              125,
              149
            ],
            [
              120,
              149
            ],
            [
              119,
              148
            ],
            [
              117,
              148
            ],
            [
              114,
              146
            ],
            [
              114,
              147
            ],
            [
              113,
              148
            ]
          ]
        ]
      },
      "properties": {
        "objectType": "annotation",
        "classification": {
          "name": "Inflammatory",
          "color": [
            0,
            0,
            255
          ]
        },
        "isLocked": false,
        "measurements": []
      }
    },
    {
      "type": "Feature",
      "id": "PathAnnotationObject",
      "geometry": {
        "type": "Polygon",
        "coordinates": [
          [
            [
              30,
              147
            ],
            [
              28,
              149
            ],
            [
              28,
              151
            ],
            [
              27,
              152
            ],
            [
              28,
              153
            ],
            [
              28,
              154
            ],
            [
              29,
              154
            ],
            [
              30,
              155
            ],
            [
              32,
              155
            ],
            [
              35,
              152
            ],
            [
              35,
              148
            ],
            [
              33,
              148
            ],
            [
              32,
              147
            ],
            [
              30,
              147
            ]
          ]
        ]
      },
      "properties": {
        "objectType": "annotation",
        "classification": {
          "name": "Inflammatory",
          "color": [
            0,
            0,
            255
          ]
        },
        "isLocked": false,
        "measurements": []
      }
    },
    {
      "type": "Feature",
      "id": "PathAnnotationObject",
      "geometry": {
        "type": "Polygon",
        "coordinates": [
          [
            [
              53,
              148
            ],
            [
              52,
              148
            ],
            [
              51,
              147
            ],
            [
              48,
              147
            ],
            [
              47,
              148
            ],
            [
              45,
              148
            ],
            [
              45,
              149
            ],
            [
              42,
              151
            ],
            [
              42,
              152
            ],
            [
              43,
              153
            ],
            [
              43,
              156
            ],
            [
              45,
              158
            ],
            [
              48,
              158
            ],
            [
              48,
              157
            ],
            [
              51,
              154
            ],
            [
              52,
              154
            ],
            [
              52,
              153
            ],
            [
              54,
              151
            ],
            [
              54,
              150
            ],
            [
              53,
              149
            ],
            [
              53,
              148
            ]
          ]
        ]
      },
      "properties": {
        "objectType": "annotation",
        "classification": {
          "name": "Inflammatory",
          "color": [
            0,
            0,
            255
          ]
        },
        "isLocked": false,
        "measurements": []
      }
    },
    {
      "type": "Feature",
      "id": "PathAnnotationObject",
      "geometry": {
        "type": "Polygon",
        "coordinates": [
          [
            [
              170,
              145
            ],
            [
              170,
              146
            ],
            [
              168,
              148
            ],
            [
              167,
              148
            ],
            [
              167,
              152
            ],
            [
              169,
              154
            ],
            [
              169,
              156
            ],
            [
              170,
              156
            ],
            [
              172,
              158
            ],
            [
              174,
              156
            ],
            [
              175,
              156
            ],
            [
              175,
              155
            ],
            [
              176,
              154
            ],
            [
              176,
              149
            ],
            [
              173,
              146
            ],
            [
              172,
              146
            ],
            [
              171,
              145
            ],
            [
              170,
              145
            ]
          ]
        ]
      },
      "properties": {
        "objectType": "annotation",
        "classification": {
          "name": "Inflammatory",
          "color": [
            0,
            0,
            255
          ]
        },
        "isLocked": false,
        "measurements": []
      }
    },
    {
      "type": "Feature",
      "id": "PathAnnotationObject",
      "geometry": {
        "type": "Polygon",
        "coordinates": [
          [
            [
              70,
              146
            ],
            [
              70,
              156
            ],
            [
              71,
              156
            ],
            [
              72,
              157
            ],
            [
              73,
              157
            ],
            [
              74,
              158
            ],
            [
              76,
              156
            ],
            [
              76,
              155
            ],
            [
              77,
              154
            ],
            [
              77,
              152
            ],
            [
              76,
              151
            ],
            [
              76,
              150
            ],
            [
              73,
              147
            ],
            [
              72,
              147
            ],
            [
              71,
              146
            ],
            [
              70,
              146
            ]
          ]
        ]
      },
      "properties": {
        "objectType": "annotation",
        "classification": {
          "name": "Inflammatory",
          "color": [
            0,
            0,
            255
          ]
        },
        "isLocked": false,
        "measurements": []
      }
    },
    {
      "type": "Feature",
      "id": "PathAnnotationObject",
      "geometry": {
        "type": "Polygon",
        "coordinates": [
          [
            [
              153,
              149
            ],
            [
              153,
              151
            ],
            [
              152,
              152
            ],
            [
              153,
              153
            ],
            [
              153,
              155
            ],
            [
              154,
              156
            ],
            [
              155,
              156
            ],
            [
              158,
              153
            ],
            [
              158,
              151
            ],
            [
              156,
              149
            ],
            [
              153,
              149
            ]
          ]
        ]
      },
      "properties": {
        "objectType": "annotation",
        "classification": {
          "name": "Inflammatory",
          "color": [
            0,
            0,
            255
          ]
        },
        "isLocked": false,
        "measurements": []
      }
    },
    {
      "type": "Feature",
      "id": "PathAnnotationObject",
      "geometry": {
        "type": "Polygon",
        "coordinates": [
          [
            [
              179,
              142
            ],
            [
              184,
              147
            ],
            [
              183,
              148
            ],
            [
              183,
              153
            ],
            [
              187,
              157
            ],
            [
              189,
              158
            ],
            [
              192,
              158
            ],
            [
              195,
              156
            ],
            [
              195,
              153
            ],
            [
              190,
              148
            ],
            [
              190,
              147
            ],
            [
              187,
              147
            ],
            [
              186,
              146
            ],
            [
              186,
              143
            ],
            [
              187,
              142
            ],
            [
              179,
              142
            ]
          ]
        ]
      },
      "properties": {
        "objectType": "annotation",
        "classification": {
          "name": "Inflammatory",
          "color": [
            0,
            0,
            255
          ]
        },
        "isLocked": false,
        "measurements": []
      }
    },
    {
      "type": "Feature",
      "id": "PathAnnotationObject",
      "geometry": {
        "type": "Polygon",
        "coordinates": [
          [
            [
              15,
              152
            ],
            [
              13,
              150
            ],
            [
              12,
              150
            ],
            [
              11,
              149
            ],
            [
              9,
              149
            ],
            [
              8,
              150
            ],
            [
              7,
              150
            ],
            [
              5,
              152
            ],
            [
              4,
              152
            ],
            [
              4,
              153
            ],
            [
              3,
              154
            ],
            [
              3,
              156
            ],
            [
              4,
              156
            ],
            [
              6,
              158
            ],
            [
              12,
              158
            ],
            [
              12,
              157
            ],
            [
              13,
              156
            ],
            [
              13,
              155
            ],
            [
              15,
              153
            ],
            [
              15,
              152
            ]
          ]
        ]
      },
      "properties": {
        "objectType": "annotation",
        "classification": {
          "name": "Inflammatory",
          "color": [
            0,
            0,
            255
          ]
        },
        "isLocked": false,
        "measurements": []
      }
    },
    {
      "type": "Feature",
      "id": "PathAnnotationObject",
      "geometry": {
        "type": "Polygon",
        "coordinates": [
          [
            [
              159,
              153
            ],
            [
              156,
              156
            ],
            [
              157,
              157
            ],
            [
              157,
              159
            ],
            [
              158,
              159
            ],
            [
              159,
              158
            ],
            [
              160,
              159
            ],
            [
              160,
              160
            ],
            [
              159,
              161
            ],
            [
              159,
              162
            ],
            [
              160,
              162
            ],
            [
              161,
              161
            ],
            [
              164,
              161
            ],
            [
              164,
              156
            ],
            [
              161,
              153
            ],
            [
              159,
              153
            ]
          ]
        ]
      },
      "properties": {
        "objectType": "annotation",
        "classification": {
          "name": "Inflammatory",
          "color": [
            0,
            0,
            255
          ]
        },
        "isLocked": false,
        "measurements": []
      }
    },
    {
      "type": "Feature",
      "id": "PathAnnotationObject",
      "geometry": {
        "type": "Polygon",
        "coordinates": [
          [
            [
              42,
              153
            ],
            [
              42,
              154
            ],
            [
              41,
              155
            ],
            [
              39,
              153
            ],
            [
              35,
              153
            ],
            [
              35,
              154
            ],
            [
              33,
              156
            ],
            [
              33,
              157
            ],
            [
              32,
              158
            ],
            [
              32,
              160
            ],
            [
              33,
              161
            ],
            [
              37,
              161
            ],
            [
              39,
              159
            ],
            [
              40,
              159
            ],
            [
              42,
              157
            ],
            [
              42,
              153
            ]
          ]
        ]
      },
      "properties": {
        "objectType": "annotation",
        "classification": {
          "name": "Inflammatory",
          "color": [
            0,
            0,
            255
          ]
        },
        "isLocked": false,
        "measurements": []
      }
    },
    {
      "type": "Feature",
      "id": "PathAnnotationObject",
      "geometry": {
        "type": "Polygon",
        "coordinates": [
          [
            [
              77,
              155
            ],
            [
              77,
              161
            ],
            [
              78,
              161
            ],
            [
              79,
              162
            ],
            [
              83,
              162
            ],
            [
              84,
              163
            ],
            [
              85,
              162
            ],
            [
              86,
              162
            ],
            [
              87,
              161
            ],
            [
              88,
              161
            ],
            [
              88,
              160
            ],
            [
              89,
              159
            ],
            [
              89,
              157
            ],
            [
              87,
              155
            ],
            [
              86,
              155
            ],
            [
              84,
              153
            ],
            [
              80,
              153
            ],
            [
              78,
              155
            ],
            [
              77,
              155
            ]
          ]
        ]
      },
      "properties": {
        "objectType": "annotation",
        "classification": {
          "name": "Inflammatory",
          "color": [
            0,
            0,
            255
          ]
        },
        "isLocked": false,
        "measurements": []
      }
    },
    {
      "type": "Feature",
      "id": "PathAnnotationObject",
      "geometry": {
        "type": "Polygon",
        "coordinates": [
          [
            [
              28,
              157
            ],
            [
              27,
              156
            ],
            [
              25,
              156
            ],
            [
              24,
              155
            ],
            [
              21,
              156
            ],
            [
              18,
              153
            ],
            [
              16,
              153
            ],
            [
              14,
              155
            ],
            [
              14,
              156
            ],
            [
              12,
              159
            ],
            [
              13,
              160
            ],
            [
              13,
              163
            ],
            [
              12,
              164
            ],
            [
              14,
              166
            ],
            [
              17,
              166
            ],
            [
              17,
              165
            ],
            [
              21,
              161
            ],
            [
              26,
              161
            ],
            [
              27,
              160
            ],
            [
              28,
              157
            ]
          ]
        ]
      },
      "properties": {
        "objectType": "annotation",
        "classification": {
          "name": "Inflammatory",
          "color": [
            0,
            0,
            255
          ]
        },
        "isLocked": false,
        "measurements": []
      }
    },
    {
      "type": "Feature",
      "id": "PathAnnotationObject",
      "geometry": {
        "type": "Polygon",
        "coordinates": [
          [
            [
              220,
              156
            ],
            [
              214,
              160
            ],
            [
              214,
              167
            ],
            [
              216,
              169
            ],
            [
              216,
              171
            ],
            [
              217,
              171
            ],
            [
              219,
              173
            ],
            [
              224,
              173
            ],
            [
              227,
              170
            ],
            [
              227,
              168
            ],
            [
              228,
              167
            ],
            [
              228,
              160
            ],
            [
              226,
              158
            ],
            [
              225,
              158
            ],
            [
              222,
              156
            ],
            [
              220,
              156
            ]
          ]
        ]
      },
      "properties": {
        "objectType": "annotation",
        "classification": {
          "name": "Neoplastic",
          "color": [
            255,
            0,
            0
          ]
        },
        "isLocked": false,
        "measurements": []
      }
    },
    {
      "type": "Feature",
      "id": "PathAnnotationObject",
      "geometry": {
        "type": "Polygon",
        "coordinates": [
          [
            [
              48,
              159
            ],
            [
              47,
              160
            ],
            [
              47,
              161
            ],
            [
              46,
              162
            ],
            [
              46,
              163
            ],
            [
              47,
              164
            ],
            [
              47,
              165
            ],
            [
              48,
              166
            ],
            [
              48,
              167
            ],
            [
              50,
              169
            ],
            [
              50,
              170
            ],
            [
              54,
              170
            ],
            [
              55,
              169
            ],
            [
              56,
              169
            ],
            [
              57,
              168
            ],
            [
              57,
              161
            ],
            [
              56,
              160
            ],
            [
              56,
              159
            ],
            [
              48,
              159
            ]
          ]
        ]
      },
      "properties": {
        "objectType": "annotation",
        "classification": {
          "name": "Connective",
          "color": [
            0,
            255,
            0
          ]
        },
        "isLocked": false,
        "measurements": []
      }
    },
    {
      "type": "Feature",
      "id": "PathAnnotationObject",
      "geometry": {
        "type": "Polygon",
        "coordinates": [
          [
            [
              194,
              166
            ],
            [
              196,
              168
            ],
            [
              196,
              169
            ],
            [
              197,
              169
            ],
            [
              199,
              171
            ],
            [
              200,
              171
            ],
            [
              201,
              170
            ],
            [
              206,
              168
            ],
            [
              208,
              166
            ],
            [
              208,
              164
            ],
            [
              210,
              162
            ],
            [
              210,
              161
            ],
            [
              209,
              160
            ],
            [
              208,
              161
            ],
            [
              205,
              159
            ],
            [
              197,
              159
            ],
            [
              194,
              162
            ],
            [
              194,
              166
            ]
          ]
        ]
      },
      "properties": {
        "objectType": "annotation",
        "classification": {
          "name": "Neoplastic",
          "color": [
            255,
            0,
            0
          ]
        },
        "isLocked": false,
        "measurements": []
      }
    },
    {
      "type": "Feature",
      "id": "PathAnnotationObject",
      "geometry": {
        "type": "Polygon",
        "coordinates": [
          [
            [
              0,
              157
            ],
            [
              0,
              172
            ],
            [
              5,
              172
            ],
            [
              6,
              171
            ],
            [
              7,
              171
            ],
            [
              9,
              169
            ],
            [
              10,
              169
            ],
            [
              12,
              167
            ],
            [
              12,
              165
            ],
            [
              9,
              162
            ],
            [
              5,
              162
            ],
            [
              0,
              157
            ]
          ]
        ]
      },
      "properties": {
        "objectType": "annotation",
        "classification": {
          "name": "Connective",
          "color": [
            0,
            255,
            0
          ]
        },
        "isLocked": false,
        "measurements": []
      }
    },
    {
      "type": "Feature",
      "id": "PathAnnotationObject",
      "geometry": {
        "type": "Polygon",
        "coordinates": [
          [
            [
              42,
              164
            ],
            [
              38,
              167
            ],
            [
              37,
              170
            ],
            [
              38,
              171
            ],
            [
              38,
              172
            ],
            [
              39,
              172
            ],
            [
              42,
              174
            ],
            [
              40,
              176
            ],
            [
              40,
              178
            ],
            [
              41,
              178
            ],
            [
              42,
              179
            ],
            [
              47,
              179
            ],
            [
              48,
              178
            ],
            [
              49,
              178
            ],
            [
              49,
              175
            ],
            [
              50,
              174
            ],
            [
              49,
              173
            ],
            [
              49,
              169
            ],
            [
              47,
              167
            ],
            [
              46,
              164
            ],
            [
              42,
              164
            ]
          ]
        ]
      },
      "properties": {
        "objectType": "annotation",
        "classification": {
          "name": "Inflammatory",
          "color": [
            0,
            0,
            255
          ]
        },
        "isLocked": false,
        "measurements": []
      }
    },
    {
      "type": "Feature",
      "id": "PathAnnotationObject",
      "geometry": {
        "type": "Polygon",
        "coordinates": [
          [
            [
              140,
              165
            ],
            [
              140,
              173
            ],
            [
              143,
              173
            ],
            [
              145,
              171
            ],
            [
              145,
              169
            ],
            [
              144,
              168
            ],
            [
              144,
              167
            ],
            [
              143,
              167
            ],
            [
              142,
              166
            ],
            [
              142,
              165
            ],
            [
              140,
              165
            ]
          ]
        ]
      },
      "properties": {
        "objectType": "annotation",
        "classification": {
          "name": "Inflammatory",
          "color": [
            0,
            0,
            255
          ]
        },
        "isLocked": false,
        "measurements": []
      }
    },
    {
      "type": "Feature",
      "id": "PathAnnotationObject",
      "geometry": {
        "type": "Polygon",
        "coordinates": [
          [
            [
              237,
              163
            ],
            [
              237,
              165
            ],
            [
              235,
              167
            ],
            [
              237,
              169
            ],
            [
              237,
              170
            ],
            [
              238,
              171
            ],
            [
              241,
              171
            ],
            [
              242,
              170
            ],
            [
              242,
              166
            ],
            [
              240,
              168
            ],
            [
              239,
              168
            ],
            [
              238,
              167
            ],
            [
              238,
              163
            ],
            [
              237,
              163
            ]
          ]
        ]
      },
      "properties": {
        "objectType": "annotation",
        "classification": {
          "name": "Neoplastic",
          "color": [
            255,
            0,
            0
          ]
        },
        "isLocked": false,
        "measurements": []
      }
    },
    {
      "type": "Feature",
      "id": "PathAnnotationObject",
      "geometry": {
        "type": "Polygon",
        "coordinates": [
          [
            [
              120,
              162
            ],
            [
              116,
              162
            ],
            [
              116,
              163
            ],
            [
              115,
              164
            ],
            [
              113,
              164
            ],
            [
              110,
              167
            ],
            [
              109,
              167
            ],
            [
              109,
              168
            ],
            [
              108,
              169
            ],
            [
              108,
              174
            ],
            [
              109,
              175
            ],
            [
              109,
              176
            ],
            [
              110,
              176
            ],
            [
              111,
              177
            ],
            [
              114,
              177
            ],
            [
              115,
              176
            ],
            [
              116,
              176
            ],
            [
              118,
              174
            ],
            [
              119,
              174
            ],
            [
              119,
              173
            ],
            [
              120,
              172
            ],
            [
              120,
              170
            ],
            [
              122,
              167
            ],
            [
              122,
              164
            ],
            [
              120,
              162
            ]
          ]
        ]
      },
      "properties": {
        "objectType": "annotation",
        "classification": {
          "name": "Neoplastic",
          "color": [
            255,
            0,
            0
          ]
        },
        "isLocked": false,
        "measurements": []
      }
    },
    {
      "type": "Feature",
      "id": "PathAnnotationObject",
      "geometry": {
        "type": "Polygon",
        "coordinates": [
          [
            [
              129,
              162
            ],
            [
              127,
              163
            ],
            [
              123,
              168
            ],
            [
              123,
              176
            ],
            [
              127,
              181
            ],
            [
              131,
              182
            ],
            [
              136,
              177
            ],
            [
              136,
              174
            ],
            [
              137,
              173
            ],
            [
              139,
              173
            ],
            [
              139,
              165
            ],
            [
              138,
              165
            ],
            [
              138,
              166
            ],
            [
              136,
              167
            ],
            [
              134,
              164
            ],
            [
              129,
              162
            ]
          ]
        ]
      },
      "properties": {
        "objectType": "annotation",
        "classification": {
          "name": "Neoplastic",
          "color": [
            255,
            0,
            0
          ]
        },
        "isLocked": false,
        "measurements": []
      }
    },
    {
      "type": "Feature",
      "id": "PathAnnotationObject",
      "geometry": {
        "type": "Polygon",
        "coordinates": [
          [
            [
              247,
              167
            ],
            [
              247,
              169
            ],
            [
              245,
              171
            ],
            [
              245,
              173
            ],
            [
              246,
              173
            ],
            [
              247,
              174
            ],
            [
              249,
              174
            ],
            [
              251,
              176
            ],
            [
              252,
              176
            ],
            [
              252,
              175
            ],
            [
              253,
              174
            ],
            [
              253,
              173
            ],
            [
              254,
              172
            ],
            [
              253,
              171
            ],
            [
              253,
              170
            ],
            [
              252,
              169
            ],
            [
              252,
              168
            ],
            [
              251,
              167
            ],
            [
              247,
              167
            ]
          ]
        ]
      },
      "properties": {
        "objectType": "annotation",
        "classification": {
          "name": "Inflammatory",
          "color": [
            0,
            0,
            255
          ]
        },
        "isLocked": false,
        "measurements": []
      }
    },
    {
      "type": "Feature",
      "id": "PathAnnotationObject",
      "geometry": {
        "type": "Polygon",
        "coordinates": [
          [
            [
              178,
              164
            ],
            [
              175,
              166
            ],
            [
              175,
              173
            ],
            [
              176,
              174
            ],
            [
              176,
              177
            ],
            [
              177,
              178
            ],
            [
              179,
              183
            ],
            [
              182,
              184
            ],
            [
              183,
              183
            ],
            [
              185,
              183
            ],
            [
              185,
              182
            ],
            [
              186,
              181
            ],
            [
              186,
              179
            ],
            [
              187,
              178
            ],
            [
              187,
              174
            ],
            [
              186,
              173
            ],
            [
              186,
              170
            ],
            [
              185,
              169
            ],
            [
              185,
              167
            ],
            [
              182,
              164
            ],
            [
              178,
              164
            ]
          ]
        ]
      },
      "properties": {
        "objectType": "annotation",
        "classification": {
          "name": "Neoplastic",
          "color": [
            255,
            0,
            0
          ]
        },
        "isLocked": false,
        "measurements": []
      }
    },
    {
      "type": "Feature",
      "id": "PathAnnotationObject",
      "geometry": {
        "type": "Polygon",
        "coordinates": [
          [
            [
              150,
              169
            ],
            [
              146,
              175
            ],
            [
              146,
              178
            ],
            [
              149,
              182
            ],
            [
              149,
              183
            ],
            [
              160,
              183
            ],
            [
              159,
              183
            ],
            [
              158,
              182
            ],
            [
              158,
              180
            ],
            [
              160,
              178
            ],
            [
              161,
              178
            ],
            [
              161,
              176
            ],
            [
              162,
              175
            ],
            [
              162,
              173
            ],
            [
              161,
              172
            ],
            [
              161,
              171
            ],
            [
              158,
              169
            ],
            [
              150,
              169
            ]
          ]
        ]
      },
      "properties": {
        "objectType": "annotation",
        "classification": {
          "name": "Neoplastic",
          "color": [
            255,
            0,
            0
          ]
        },
        "isLocked": false,
        "measurements": []
      }
    },
    {
      "type": "Feature",
      "id": "PathAnnotationObject",
      "geometry": {
        "type": "Polygon",
        "coordinates": [
          [
            [
              28,
              174
            ],
            [
              28,
              179
            ],
            [
              29,
              180
            ],
            [
              30,
              180
            ],
            [
              31,
              181
            ],
            [
              32,
              181
            ],
            [
              33,
              182
            ],
            [
              33,
              183
            ],
            [
              34,
              183
            ],
            [
              36,
              181
            ],
            [
              37,
              181
            ],
            [
              37,
              178
            ],
            [
              38,
              177
            ],
            [
              37,
              176
            ],
            [
              37,
              175
            ],
            [
              36,
              175
            ],
            [
              35,
              174
            ],
            [
              33,
              174
            ],
            [
              32,
              173
            ],
            [
              30,
              173
            ],
            [
              29,
              174
            ],
            [
              28,
              174
            ]
          ]
        ]
      },
      "properties": {
        "objectType": "annotation",
        "classification": {
          "name": "Inflammatory",
          "color": [
            0,
            0,
            255
          ]
        },
        "isLocked": false,
        "measurements": []
      }
    },
    {
      "type": "Feature",
      "id": "PathAnnotationObject",
      "geometry": {
        "type": "Polygon",
        "coordinates": [
          [
            [
              84,
              174
            ],
            [
              86,
              175
            ],
            [
              84,
              178
            ],
            [
              86,
              181
            ],
            [
              86,
              183
            ],
            [
              84,
              184
            ],
            [
              84,
              185
            ],
            [
              86,
              186
            ],
            [
              87,
              185
            ],
            [
              96,
              185
            ],
            [
              96,
              184
            ],
            [
              93,
              181
            ],
            [
              94,
              180
            ],
            [
              92,
              177
            ],
            [
              93,
              176
            ],
            [
              95,
              176
            ],
            [
              98,
              181
            ],
            [
              100,
              181
            ],
            [
              100,
              179
            ],
            [
              97,
              175
            ],
            [
              87,
              175
            ],
            [
              86,
              174
            ],
            [
              86,
              172
            ],
            [
              86,
              173
            ],
            [
              84,
              174
            ]
          ]
        ]
      },
      "properties": {
        "objectType": "annotation",
        "classification": {
          "name": "Neoplastic",
          "color": [
            255,
            0,
            0
          ]
        },
        "isLocked": false,
        "measurements": []
      }
    },
    {
      "type": "Feature",
      "id": "PathAnnotationObject",
      "geometry": {
        "type": "Polygon",
        "coordinates": [
          [
            [
              14,
              181
            ],
            [
              12,
              183
            ],
            [
              12,
              185
            ],
            [
              13,
              186
            ],
            [
              13,
              188
            ],
            [
              14,
              189
            ],
            [
              14,
              190
            ],
            [
              20,
              190
            ],
            [
              20,
              189
            ],
            [
              22,
              187
            ],
            [
              22,
              185
            ],
            [
              23,
              184
            ],
            [
              22,
              183
            ],
            [
              22,
              180
            ],
            [
              16,
              180
            ],
            [
              15,
              181
            ],
            [
              14,
              181
            ]
          ]
        ]
      },
      "properties": {
        "objectType": "annotation",
        "classification": {
          "name": "Neoplastic",
          "color": [
            255,
            0,
            0
          ]
        },
        "isLocked": false,
        "measurements": []
      }
    },
    {
      "type": "Feature",
      "id": "PathAnnotationObject",
      "geometry": {
        "type": "Polygon",
        "coordinates": [
          [
            [
              30,
              183
            ],
            [
              25,
              183
            ],
            [
              23,
              185
            ],
            [
              23,
              187
            ],
            [
              21,
              189
            ],
            [
              21,
              190
            ],
            [
              20,
              191
            ],
            [
              20,
              192
            ],
            [
              21,
              193
            ],
            [
              22,
              193
            ],
            [
              23,
              194
            ],
            [
              23,
              195
            ],
            [
              24,
              195
            ],
            [
              25,
              196
            ],
            [
              26,
              195
            ],
            [
              28,
              195
            ],
            [
              30,
              193
            ],
            [
              31,
              193
            ],
            [
              32,
              192
            ],
            [
              32,
              189
            ],
            [
              33,
              188
            ],
            [
              33,
              186
            ],
            [
              32,
              185
            ],
            [
              31,
              185
            ],
            [
              30,
              184
            ],
            [
              30,
              183
            ]
          ]
        ]
      },
      "properties": {
        "objectType": "annotation",
        "classification": {
          "name": "Neoplastic",
          "color": [
            255,
            0,
            0
          ]
        },
        "isLocked": false,
        "measurements": []
      }
    },
    {
      "type": "Feature",
      "id": "PathAnnotationObject",
      "geometry": {
        "type": "Polygon",
        "coordinates": [
          [
            [
              42,
              185
            ],
            [
              41,
              185
            ],
            [
              38,
              188
            ],
            [
              38,
              189
            ],
            [
              36,
              192
            ],
            [
              36,
              195
            ],
            [
              37,
              195
            ],
            [
              38,
              196
            ],
            [
              38,
              197
            ],
            [
              39,
              197
            ],
            [
              40,
              196
            ],
            [
              41,
              196
            ],
            [
              42,
              195
            ],
            [
              43,
              195
            ],
            [
              45,
              192
            ],
            [
              45,
              189
            ],
            [
              44,
              188
            ],
            [
              44,
              186
            ],
            [
              43,
              186
            ],
            [
              42,
              185
            ]
          ]
        ]
      },
      "properties": {
        "objectType": "annotation",
        "classification": {
          "name": "Inflammatory",
          "color": [
            0,
            0,
            255
          ]
        },
        "isLocked": false,
        "measurements": []
      }
    },
    {
      "type": "Feature",
      "id": "PathAnnotationObject",
      "geometry": {
        "type": "Polygon",
        "coordinates": [
          [
            [
              62,
              186
            ],
            [
              60,
              184
            ],
            [
              55,
              184
            ],
            [
              52,
              186
            ],
            [
              48,
              186
            ],
            [
              47,
              187
            ],
            [
              47,
              193
            ],
            [
              48,
              194
            ],
            [
              48,
              195
            ],
            [
              49,
              195
            ],
            [
              50,
              196
            ],
            [
              53,
              196
            ],
            [
              54,
              195
            ],
            [
              55,
              195
            ],
            [
              57,
              193
            ],
            [
              58,
              193
            ],
            [
              61,
              190
            ],
            [
              61,
              189
            ],
            [
              62,
              188
            ],
            [
              62,
              186
            ]
          ]
        ]
      },
      "properties": {
        "objectType": "annotation",
        "classification": {
          "name": "Connective",
          "color": [
            0,
            255,
            0
          ]
        },
        "isLocked": false,
        "measurements": []
      }
    },
    {
      "type": "Feature",
      "id": "PathAnnotationObject",
      "geometry": {
        "type": "Polygon",
        "coordinates": [
          [
            [
              150,
              184
            ],
            [
              147,
              189
            ],
            [
              147,
              195
            ],
            [
              148,
              196
            ],
            [
              148,
              198
            ],
            [
              152,
              201
            ],
            [
              158,
              201
            ],
            [
              158,
              200
            ],
            [
              163,
              196
            ],
            [
              163,
              192
            ],
            [
              164,
              191
            ],
            [
              164,
              189
            ],
            [
              163,
              188
            ],
            [
              163,
              185
            ],
            [
              162,
              184
            ],
            [
              150,
              184
            ]
          ]
        ]
      },
      "properties": {
        "objectType": "annotation",
        "classification": {
          "name": "Neoplastic",
          "color": [
            255,
            0,
            0
          ]
        },
        "isLocked": false,
        "measurements": []
      }
    },
    {
      "type": "Feature",
      "id": "PathAnnotationObject",
      "geometry": {
        "type": "Polygon",
        "coordinates": [
          [
            [
              109,
              187
            ],
            [
              107,
              190
            ],
            [
              107,
              192
            ],
            [
              109,
              195
            ],
            [
              109,
              200
            ],
            [
              112,
              203
            ],
            [
              113,
              203
            ],
            [
              116,
              207
            ],
            [
              120,
              207
            ],
            [
              125,
              202
            ],
            [
              125,
              194
            ],
            [
              122,
              192
            ],
            [
              122,
              188
            ],
            [
              119,
              186
            ],
            [
              113,
              186
            ],
            [
              112,
              187
            ],
            [
              109,
              187
            ]
          ]
        ]
      },
      "properties": {
        "objectType": "annotation",
        "classification": {
          "name": "Neoplastic",
          "color": [
            255,
            0,
            0
          ]
        },
        "isLocked": false,
        "measurements": []
      }
    },
    {
      "type": "Feature",
      "id": "PathAnnotationObject",
      "geometry": {
        "type": "Polygon",
        "coordinates": [
          [
            [
              0,
              189
            ],
            [
              0,
              204
            ],
            [
              1,
              204
            ],
            [
              4,
              207
            ],
            [
              11,
              207
            ],
            [
              12,
              206
            ],
            [
              12,
              198
            ],
            [
              10,
              195
            ],
            [
              11,
              193
            ],
            [
              10,
              190
            ],
            [
              9,
              189
            ],
            [
              0,
              189
            ]
          ]
        ]
      },
      "properties": {
        "objectType": "annotation",
        "classification": {
          "name": "Inflammatory",
          "color": [
            0,
            0,
            255
          ]
        },
        "isLocked": false,
        "measurements": []
      }
    },
    {
      "type": "Feature",
      "id": "PathAnnotationObject",
      "geometry": {
        "type": "Polygon",
        "coordinates": [
          [
            [
              60,
              194
            ],
            [
              60,
              195
            ],
            [
              59,
              196
            ],
            [
              58,
              196
            ],
            [
              56,
              198
            ],
            [
              53,
              199
            ],
            [
              53,
              202
            ],
            [
              55,
              202
            ],
            [
              56,
              203
            ],
            [
              57,
              203
            ],
            [
              59,
              205
            ],
            [
              60,
              205
            ],
            [
              61,
              206
            ],
            [
              63,
              206
            ],
            [
              64,
              205
            ],
            [
              64,
              204
            ],
            [
              66,
              202
            ],
            [
              66,
              200
            ],
            [
              64,
              198
            ],
            [
              64,
              196
            ],
            [
              63,
              195
            ],
            [
              63,
              194
            ],
            [
              60,
              194
            ]
          ]
        ]
      },
      "properties": {
        "objectType": "annotation",
        "classification": {
          "name": "Connective",
          "color": [
            0,
            255,
            0
          ]
        },
        "isLocked": false,
        "measurements": []
      }
    },
    {
      "type": "Feature",
      "id": "PathAnnotationObject",
      "geometry": {
        "type": "Polygon",
        "coordinates": [
          [
            [
              212,
              192
            ],
            [
              208,
              193
            ],
            [
              207,
              194
            ],
            [
              204,
              194
            ],
            [
              203,
              195
            ],
            [
              203,
              199
            ],
            [
              202,
              200
            ],
            [
              202,
              203
            ],
            [
              203,
              204
            ],
            [
              203,
              212
            ],
            [
              206,
              214
            ],
            [
              210,
              214
            ],
            [
              211,
              213
            ],
            [
              215,
              213
            ],
            [
              216,
              212
            ],
            [
              215,
              210
            ],
            [
              217,
              208
            ],
            [
              217,
              203
            ],
            [
              218,
              202
            ],
            [
              218,
              199
            ],
            [
              216,
              195
            ],
            [
              212,
              192
            ]
          ]
        ]
      },
      "properties": {
        "objectType": "annotation",
        "classification": {
          "name": "Neoplastic",
          "color": [
            255,
            0,
            0
          ]
        },
        "isLocked": false,
        "measurements": []
      }
    },
    {
      "type": "Feature",
      "id": "PathAnnotationObject",
      "geometry": {
        "type": "Polygon",
        "coordinates": [
          [
            [
              26,
              196
            ],
            [
              26,
              197
            ],
            [
              25,
              198
            ],
            [
              25,
              202
            ],
            [
              27,
              204
            ],
            [
              27,
              205
            ],
            [
              29,
              208
            ],
            [
              30,
              207
            ],
            [
              31,
              207
            ],
            [
              34,
              204
            ],
            [
              34,
              199
            ],
            [
              31,
              196
            ],
            [
              26,
              196
            ]
          ]
        ]
      },
      "properties": {
        "objectType": "annotation",
        "classification": {
          "name": "Inflammatory",
          "color": [
            0,
            0,
            255
          ]
        },
        "isLocked": false,
        "measurements": []
      }
    },
    {
      "type": "Feature",
      "id": "PathAnnotationObject",
      "geometry": {
        "type": "Polygon",
        "coordinates": [
          [
            [
              16,
              194
            ],
            [
              15,
              195
            ],
            [
              15,
              197
            ],
            [
              13,
              199
            ],
            [
              13,
              205
            ],
            [
              14,
              204
            ],
            [
              19,
              209
            ],
            [
              22,
              209
            ],
            [
              23,
              208
            ],
            [
              24,
              208
            ],
            [
              24,
              206
            ],
            [
              25,
              205
            ],
            [
              25,
              203
            ],
            [
              24,
              202
            ],
            [
              24,
              198
            ],
            [
              23,
              197
            ],
            [
              24,
              196
            ],
            [
              21,
              196
            ],
            [
              20,
              195
            ],
            [
              20,
              194
            ],
            [
              16,
              194
            ]
          ]
        ]
      },
      "properties": {
        "objectType": "annotation",
        "classification": {
          "name": "Neoplastic",
          "color": [
            255,
            0,
            0
          ]
        },
        "isLocked": false,
        "measurements": []
      }
    },
    {
      "type": "Feature",
      "id": "PathAnnotationObject",
      "geometry": {
        "type": "Polygon",
        "coordinates": [
          [
            [
              96,
              193
            ],
            [
              91,
              197
            ],
            [
              91,
              200
            ],
            [
              92,
              201
            ],
            [
              95,
              201
            ],
            [
              96,
              202
            ],
            [
              95,
              203
            ],
            [
              95,
              206
            ],
            [
              94,
              207
            ],
            [
              96,
              209
            ],
            [
              96,
              210
            ],
            [
              102,
              210
            ],
            [
              104,
              208
            ],
            [
              107,
              207
            ],
            [
              108,
              205
            ],
            [
              108,
              203
            ],
            [
              105,
              200
            ],
            [
              105,
              199
            ],
            [
              103,
              199
            ],
            [
              101,
              198
            ],
            [
              98,
              195
            ],
            [
              98,
              194
            ],
            [
              96,
              193
            ]
          ]
        ]
      },
      "properties": {
        "objectType": "annotation",
        "classification": {
          "name": "Neoplastic",
          "color": [
            255,
            0,
            0
          ]
        },
        "isLocked": false,
        "measurements": []
      }
    },
    {
      "type": "Feature",
      "id": "PathAnnotationObject",
      "geometry": {
        "type": "Polygon",
        "coordinates": [
          [
            [
              30,
              211
            ],
            [
              29,
              211
            ],
            [
              28,
              212
            ],
            [
              27,
              212
            ],
            [
              27,
              213
            ],
            [
              26,
              214
            ],
            [
              23,
              214
            ],
            [
              23,
              215
            ],
            [
              25,
              217
            ],
            [
              29,
              217
            ],
            [
              29,
              216
            ],
            [
              30,
              215
            ],
            [
              30,
              211
            ]
          ]
        ]
      },
      "properties": {
        "objectType": "annotation",
        "classification": {
          "name": "Inflammatory",
          "color": [
            0,
            0,
            255
          ]
        },
        "isLocked": false,
        "measurements": []
      }
    },
    {
      "type": "Feature",
      "id": "PathAnnotationObject",
      "geometry": {
        "type": "Polygon",
        "coordinates": [
          [
            [
              71,
              216
            ],
            [
              70,
              217
            ],
            [
              70,
              219
            ],
            [
              71,
              220
            ],
            [
              72,
              220
            ],
            [
              75,
              223
            ],
            [
              75,
              224
            ],
            [
              78,
              225
            ],
            [
              79,
              226
            ],
            [
              79,
              227
            ],
            [
              80,
              226
            ],
            [
              78,
              224
            ],
            [
              78,
              220
            ],
            [
              79,
              219
            ],
            [
              81,
              219
            ],
            [
              80,
              218
            ],
            [
              79,
              218
            ],
            [
              76,
              216
            ],
            [
              75,
              216
            ],
            [
              74,
              217
            ],
            [
              71,
              216
            ]
          ]
        ]
      },
      "properties": {
        "objectType": "annotation",
        "classification": {
          "name": "Neoplastic",
          "color": [
            255,
            0,
            0
          ]
        },
        "isLocked": false,
        "measurements": []
      }
    },
    {
      "type": "Feature",
      "id": "PathAnnotationObject",
      "geometry": {
        "type": "Polygon",
        "coordinates": [
          [
            [
              236,
              216
            ],
            [
              235,
              217
            ],
            [
              235,
              219
            ],
            [
              234,
              220
            ],
            [
              238,
              224
            ],
            [
              240,
              224
            ],
            [
              241,
              225
            ],
            [
              243,
              225
            ],
            [
              245,
              227
            ],
            [
              247,
              225
            ],
            [
              247,
              222
            ],
            [
              246,
              221
            ],
            [
              245,
              221
            ],
            [
              244,
              220
            ],
            [
              243,
              220
            ],
            [
              242,
              219
            ],
            [
              242,
              218
            ],
            [
              241,
              217
            ],
            [
              241,
              216
            ],
            [
              236,
              216
            ]
          ]
        ]
      },
      "properties": {
        "objectType": "annotation",
        "classification": {
          "name": "Connective",
          "color": [
            0,
            255,
            0
          ]
        },
        "isLocked": false,
        "measurements": []
      }
    },
    {
      "type": "Feature",
      "id": "PathAnnotationObject",
      "geometry": {
        "type": "Polygon",
        "coordinates": [
          [
            [
              15,
              219
            ],
            [
              13,
              219
            ],
            [
              11,
              221
            ],
            [
              11,
              222
            ],
            [
              10,
              223
            ],
            [
              10,
              224
            ],
            [
              12,
              226
            ],
            [
              14,
              226
            ],
            [
              16,
              224
            ],
            [
              16,
              223
            ],
            [
              17,
              222
            ],
            [
              16,
              221
            ],
            [
              16,
              220
            ],
            [
              15,
              219
            ]
          ]
        ]
      },
      "properties": {
        "objectType": "annotation",
        "classification": {
          "name": "Inflammatory",
          "color": [
            0,
            0,
            255
          ]
        },
        "isLocked": false,
        "measurements": []
      }
    },
    {
      "type": "Feature",
      "id": "PathAnnotationObject",
      "geometry": {
        "type": "Polygon",
        "coordinates": [
          [
            [
              129,
              213
            ],
            [
              126,
              216
            ],
            [
              126,
              220
            ],
            [
              127,
              220
            ],
            [
              131,
              225
            ],
            [
              133,
              231
            ],
            [
              136,
              232
            ],
            [
              139,
              236
            ],
            [
              142,
              235
            ],
            [
              146,
              230
            ],
            [
              146,
              226
            ],
            [
              147,
              225
            ],
            [
              146,
              224
            ],
            [
              146,
              220
            ],
            [
              144,
              218
            ],
            [
              144,
              216
            ],
            [
              139,
              213
            ],
            [
              129,
              213
            ]
          ]
        ]
      },
      "properties": {
        "objectType": "annotation",
        "classification": {
          "name": "Neoplastic",
          "color": [
            255,
            0,
            0
          ]
        },
        "isLocked": false,
        "measurements": []
      }
    },
    {
      "type": "Feature",
      "id": "PathAnnotationObject",
      "geometry": {
        "type": "Polygon",
        "coordinates": [
          [
            [
              159,
              217
            ],
            [
              158,
              218
            ],
            [
              157,
              218
            ],
            [
              157,
              219
            ],
            [
              156,
              220
            ],
            [
              153,
              221
            ],
            [
              153,
              225
            ],
            [
              155,
              228
            ],
            [
              158,
              229
            ],
            [
              159,
              230
            ],
            [
              159,
              231
            ],
            [
              160,
              232
            ],
            [
              161,
              232
            ],
            [
              161,
              231
            ],
            [
              164,
              228
            ],
            [
              164,
              226
            ],
            [
              166,
              224
            ],
            [
              166,
              220
            ],
            [
              164,
              218
            ],
            [
              163,
              218
            ],
            [
              162,
              217
            ],
            [
              159,
              217
            ]
          ]
        ]
      },
      "properties": {
        "objectType": "annotation",
        "classification": {
          "name": "Neoplastic",
          "color": [
            255,
            0,
            0
          ]
        },
        "isLocked": false,
        "measurements": []
      }
    },
    {
      "type": "Feature",
      "id": "PathAnnotationObject",
      "geometry": {
        "type": "Polygon",
        "coordinates": [
          [
            [
              209,
              225
            ],
            [
              209,
              228
            ],
            [
              210,
              229
            ],
            [
              218,
              229
            ],
            [
              219,
              228
            ],
            [
              219,
              224
            ],
            [
              218,
              223
            ],
            [
              212,
              223
            ],
            [
              210,
              225
            ],
            [
              209,
              225
            ]
          ]
        ]
      },
      "properties": {
        "objectType": "annotation",
        "classification": {
          "name": "Connective",
          "color": [
            0,
            255,
            0
          ]
        },
        "isLocked": false,
        "measurements": []
      }
    },
    {
      "type": "Feature",
      "id": "PathAnnotationObject",
      "geometry": {
        "type": "Polygon",
        "coordinates": [
          [
            [
              194,
              230
            ],
            [
              194,
              236
            ],
            [
              197,
              239
            ],
            [
              201,
              239
            ],
            [
              202,
              240
            ],
            [
              204,
              240
            ],
            [
              205,
              239
            ],
            [
              210,
              239
            ],
            [
              212,
              237
            ],
            [
              212,
              232
            ],
            [
              210,
              232
            ],
            [
              208,
              230
            ],
            [
              206,
              230
            ],
            [
              203,
              228
            ],
            [
              196,
              228
            ],
            [
              194,
              230
            ]
          ]
        ]
      },
      "properties": {
        "objectType": "annotation",
        "classification": {
          "name": "Neoplastic",
          "color": [
            255,
            0,
            0
          ]
        },
        "isLocked": false,
        "measurements": []
      }
    },
    {
      "type": "Feature",
      "id": "PathAnnotationObject",
      "geometry": {
        "type": "Polygon",
        "coordinates": [
          [
            [
              85,
              235
            ],
            [
              85,
              236
            ],
            [
              84,
              237
            ],
            [
              84,
              239
            ],
            [
              85,
              240
            ],
            [
              86,
              240
            ],
            [
              87,
              241
            ],
            [
              89,
              241
            ],
            [
              90,
              240
            ],
            [
              90,
              235
            ],
            [
              85,
              235
            ]
          ]
        ]
      },
      "properties": {
        "objectType": "annotation",
        "classification": {
          "name": "Neoplastic",
          "color": [
            255,
            0,
            0
          ]
        },
        "isLocked": false,
        "measurements": []
      }
    },
    {
      "type": "Feature",
      "id": "PathAnnotationObject",
      "geometry": {
        "type": "Polygon",
        "coordinates": [
          [
            [
              108,
              235
            ],
            [
              108,
              241
            ],
            [
              110,
              243
            ],
            [
              111,
              243
            ],
            [
              113,
              245
            ],
            [
              113,
              246
            ],
            [
              123,
              246
            ],
            [
              127,
              241
            ],
            [
              127,
              232
            ],
            [
              125,
              230
            ],
            [
              116,
              230
            ],
            [
              115,
              231
            ],
            [
              113,
              231
            ],
            [
              108,
              235
            ]
          ]
        ]
      },
      "properties": {
        "objectType": "annotation",
        "classification": {
          "name": "Neoplastic",
          "color": [
            255,
            0,
            0
          ]
        },
        "isLocked": false,
        "measurements": []
      }
    },
    {
      "type": "Feature",
      "id": "PathAnnotationObject",
      "geometry": {
        "type": "Polygon",
        "coordinates": [
          [
            [
              230,
              237
            ],
            [
              230,
              239
            ],
            [
              231,
              239
            ],
            [
              233,
              242
            ],
            [
              236,
              242
            ],
            [
              237,
              243
            ],
            [
              239,
              242
            ],
            [
              243,
              245
            ],
            [
              246,
              245
            ],
            [
              246,
              244
            ],
            [
              251,
              240
            ],
            [
              251,
              237
            ],
            [
              250,
              237
            ],
            [
              249,
              235
            ],
            [
              248,
              235
            ],
            [
              246,
              233
            ],
            [
              242,
              233
            ],
            [
              241,
              232
            ],
            [
              235,
              232
            ],
            [
              233,
              233
            ],
            [
              230,
              237
            ]
          ]
        ]
      },
      "properties": {
        "objectType": "annotation",
        "classification": {
          "name": "Neoplastic",
          "color": [
            255,
            0,
            0
          ]
        },
        "isLocked": false,
        "measurements": []
      }
    },
    {
      "type": "Feature",
      "id": "PathAnnotationObject",
      "geometry": {
        "type": "Polygon",
        "coordinates": [
          [
            [
              49,
              231
            ],
            [
              45,
              235
            ],
            [
              45,
              241
            ],
            [
              47,
              243
            ],
            [
              47,
              245
            ],
            [
              50,
              249
            ],
            [
              51,
              249
            ],
            [
              53,
              251
            ],
            [
              58,
              251
            ],
            [
              60,
              249
            ],
            [
              61,
              249
            ],
            [
              61,
              248
            ],
            [
              63,
              246
            ],
            [
              63,
              242
            ],
            [
              61,
              240
            ],
            [
              61,
              237
            ],
            [
              59,
              237
            ],
            [
              56,
              234
            ],
            [
              53,
              233
            ],
            [
              51,
              231
            ],
            [
              49,
              231
            ]
          ]
        ]
      },
      "properties": {
        "objectType": "annotation",
        "classification": {
          "name": "Neoplastic",
          "color": [
            255,
            0,
            0
          ]
        },
        "isLocked": false,
        "measurements": []
      }
    },
    {
      "type": "Feature",
      "id": "PathAnnotationObject",
      "geometry": {
        "type": "Polygon",
        "coordinates": [
          [
            [
              195,
              242
            ],
            [
              191,
              242
            ],
            [
              190,
              243
            ],
            [
              189,
              243
            ],
            [
              189,
              244
            ],
            [
              187,
              247
            ],
            [
              187,
              249
            ],
            [
              188,
              249
            ],
            [
              189,
              250
            ],
            [
              189,
              252
            ],
            [
              191,
              255
            ],
            [
              193,
              255
            ],
            [
              196,
              252
            ],
            [
              197,
              252
            ],
            [
              199,
              249
            ],
            [
              200,
              249
            ],
            [
              200,
              245
            ],
            [
              199,
              245
            ],
            [
              198,
              244
            ],
            [
              198,
              243
            ],
            [
              196,
              243
            ],
            [
              195,
              242
            ]
          ]
        ]
      },
      "properties": {
        "objectType": "annotation",
        "classification": {
          "name": "Neoplastic",
          "color": [
            255,
            0,
            0
          ]
        },
        "isLocked": false,
        "measurements": []
      }
    },
    {
      "type": "Feature",
      "id": "PathAnnotationObject",
      "geometry": {
        "type": "Polygon",
        "coordinates": [
          [
            [
              128,
              244
            ],
            [
              127,
              249
            ],
            [
              131,
              252
            ],
            [
              135,
              254
            ],
            [
              142,
              254
            ],
            [
              143,
              255
            ],
            [
              147,
              255
            ],
            [
              146,
              254
            ],
            [
              146,
              250
            ],
            [
              142,
              246
            ],
            [
              142,
              243
            ],
            [
              140,
              244
            ],
            [
              139,
              243
            ],
            [
              137,
              243
            ],
            [
              136,
              242
            ],
            [
              133,
              242
            ],
            [
              132,
              241
            ],
            [
              128,
              244
            ]
          ]
        ]
      },
      "properties": {
        "objectType": "annotation",
        "classification": {
          "name": "Neoplastic",
          "color": [
            255,
            0,
            0
          ]
        },
        "isLocked": false,
        "measurements": []
      }
    },
    {
      "type": "Feature",
      "id": "PathAnnotationObject",
      "geometry": {
        "type": "Polygon",
        "coordinates": [
          [
            [
              156,
              245
            ],
            [
              156,
              249
            ],
            [
              162,
              254
            ],
            [
              168,
              254
            ],
            [
              169,
              255
            ],
            [
              178,
              255
            ],
            [
              178,
              249
            ],
            [
              177,
              249
            ],
            [
              170,
              243
            ],
            [
              167,
              243
            ],
            [
              166,
              242
            ],
            [
              160,
              242
            ],
            [
              156,
              245
            ]
          ]
        ]
      },
      "properties": {
        "objectType": "annotation",
        "classification": {
          "name": "Neoplastic",
          "color": [
            255,
            0,
            0
          ]
        },
        "isLocked": false,
        "measurements": []
      }
    },
    {
      "type": "Feature",
      "id": "PathAnnotationObject",
      "geometry": {
        "type": "Polygon",
        "coordinates": [
          [
            [
              67,
              244
            ],
            [
              66,
              245
            ],
            [
              65,
              245
            ],
            [
              65,
              249
            ],
            [
              64,
              250
            ],
            [
              64,
              251
            ],
            [
              65,
              252
            ],
            [
              65,
              253
            ],
            [
              66,
              254
            ],
            [
              67,
              254
            ],
            [
              68,
              255
            ],
            [
              71,
              255
            ],
            [
              71,
              246
            ],
            [
              69,
              244
            ],
            [
              67,
              244
            ]
          ]
        ]
      },
      "properties": {
        "objectType": "annotation",
        "classification": {
          "name": "Neoplastic",
          "color": [
            255,
            0,
            0
          ]
        },
        "isLocked": false,
        "measurements": []
      }
    },
    {
      "type": "Feature",
      "id": "PathAnnotationObject",
      "geometry": {
        "type": "Polygon",
        "coordinates": [
          [
            [
              37,
              243
            ],
            [
              36,
              243
            ],
            [
              35,
              241
            ],
            [
              32,
              239
            ],
            [
              30,
              239
            ],
            [
              28,
              240
            ],
            [
              22,
              247
            ],
            [
              22,
              249
            ],
            [
              21,
              250
            ],
            [
              21,
              255
            ],
            [
              38,
              255
            ],
            [
              39,
              254
            ],
            [
              39,
              250
            ],
            [
              37,
              247
            ],
            [
              37,
              243
            ]
          ]
        ]
      },
      "properties": {
        "objectType": "annotation",
        "classification": {
          "name": "Neoplastic",
          "color": [
            255,
            0,
            0
          ]
        },
        "isLocked": false,
        "measurements": []
      }
    },
    {
      "type": "Feature",
      "id": "PathAnnotationObject",
      "geometry": {
        "type": "Polygon",
        "coordinates": [
          [
            [
              206,
              248
            ],
            [
              206,
              249
            ],
            [
              205,
              250
            ],
            [
              205,
              251
            ],
            [
              204,
              252
            ],
            [
              205,
              253
            ],
            [
              205,
              254
            ],
            [
              206,
              255
            ],
            [
              214,
              255
            ],
            [
              214,
              252
            ],
            [
              213,
              251
            ],
            [
              213,
              250
            ],
            [
              212,
              249
            ],
            [
              212,
              248
            ],
            [
              211,
              248
            ],
            [
              210,
              247
            ],
            [
              208,
              247
            ],
            [
              207,
              248
            ],
            [
              206,
              248
            ]
          ]
        ]
      },
      "properties": {
        "objectType": "annotation",
        "classification": {
          "name": "Neoplastic",
          "color": [
            255,
            0,
            0
          ]
        },
        "isLocked": false,
        "measurements": []
      }
    },
    {
      "type": "Feature",
      "id": "PathAnnotationObject",
      "geometry": {
        "type": "Polygon",
        "coordinates": [
          [
            [
              205,
              49
            ],
            [
              202,
              50
            ],
            [
              200,
              52
            ],
            [
              200,
              53
            ],
            [
              199,
              54
            ],
            [
              199,
              56
            ],
            [
              198,
              57
            ],
            [
              198,
              61
            ],
            [
              199,
              62
            ],
            [
              199,
              64
            ],
            [
              203,
              68
            ],
            [
              205,
              68
            ],
            [
              206,
              67
            ],
            [
              206,
              65
            ],
            [
              207,
              64
            ],
            [
              207,
              63
            ],
            [
              209,
              61
            ],
            [
              212,
              60
            ],
            [
              212,
              59
            ],
            [
              211,
              58
            ],
            [
              211,
              56
            ],
            [
              209,
              54
            ],
            [
              209,
              53
            ],
            [
              205,
              49
            ]
          ]
        ]
      },
      "properties": {
        "objectType": "annotation",
        "classification": {
          "name": "Neoplastic",
          "color": [
            255,
            0,
            0
          ]
        },
        "isLocked": false,
        "measurements": []
      }
    },
    {
      "type": "Feature",
      "id": "PathAnnotationObject",
      "geometry": {
        "type": "Polygon",
        "coordinates": [
          [
            [
              206,
              70
            ],
            [
              208,
              72
            ],
            [
              212,
              72
            ],
            [
              213,
              71
            ],
            [
              217,
              71
            ],
            [
              218,
              70
            ],
            [
              222,
              70
            ],
            [
              224,
              68
            ],
            [
              223,
              67
            ],
            [
              222,
              64
            ],
            [
              219,
              64
            ],
            [
              215,
              60
            ],
            [
              213,
              60
            ],
            [
              208,
              63
            ],
            [
              208,
              64
            ],
            [
              207,
              65
            ],
            [
              207,
              67
            ],
            [
              206,
              68
            ],
            [
              206,
              70
            ]
          ]
        ]
      },
      "properties": {
        "objectType": "annotation",
        "classification": {
          "name": "Neoplastic",
          "color": [
            255,
            0,
            0
          ]
        },
        "isLocked": false,
        "measurements": []
      }
    },
    {
      "type": "Feature",
      "id": "PathAnnotationObject",
      "geometry": {
        "type": "Polygon",
        "coordinates": [
          [
            [
              215,
              57
            ],
            [
              215,
              58
            ],
            [
              216,
              59
            ],
            [
              216,
              60
            ],
            [
              219,
              63
            ],
            [
              226,
              63
            ],
            [
              226,
              62
            ],
            [
              227,
              61
            ],
            [
              227,
              60
            ],
            [
              226,
              59
            ],
            [
              226,
              58
            ],
            [
              225,
              57
            ],
            [
              225,
              56
            ],
            [
              224,
              55
            ],
            [
              218,
              55
            ],
            [
              217,
              56
            ],
            [
              216,
              56
            ],
            [
              215,
              57
            ]
          ]
        ]
      },
      "properties": {
        "objectType": "annotation",
        "classification": {
          "name": "Inflammatory",
          "color": [
            0,
            0,
            255
          ]
        },
        "isLocked": false,
        "measurements": []
      }
    },
    {
      "type": "Feature",
      "id": "PathAnnotationObject",
      "geometry": {
        "type": "Polygon",
        "coordinates": [
          [
            [
              213,
              73
            ],
            [
              213,
              76
            ],
            [
              215,
              78
            ],
            [
              216,
              78
            ],
            [
              217,
              79
            ],
            [
              222,
              79
            ],
            [
              224,
              77
            ],
            [
              224,
              76
            ],
            [
              223,
              75
            ],
            [
              223,
              74
            ],
            [
              222,
              73
            ],
            [
              222,
              72
            ],
            [
              221,
              71
            ],
            [
              218,
              71
            ],
            [
              217,
              72
            ],
            [
              214,
              72
            ],
            [
              213,
              73
            ]
          ]
        ]
      },
      "properties": {
        "objectType": "annotation",
        "classification": {
          "name": "Inflammatory",
          "color": [
            0,
            0,
            255
          ]
        },
        "isLocked": false,
        "measurements": []
      }
    },
    {
      "type": "Feature",
      "id": "PathAnnotationObject",
      "geometry": {
        "type": "Polygon",
        "coordinates": [
          [
            [
              197,
              34
            ],
            [
              196,
              35
            ],
            [
              195,
              35
            ],
            [
              194,
              36
            ],
            [
              195,
              37
            ],
            [
              195,
              39
            ],
            [
              194,
              40
            ],
            [
              194,
              41
            ],
            [
              193,
              42
            ],
            [
              193,
              43
            ],
            [
              194,
              43
            ],
            [
              196,
              45
            ],
            [
              197,
              45
            ],
            [
              198,
              44
            ],
            [
              200,
              44
            ],
            [
              201,
              43
            ],
            [
              201,
              39
            ],
            [
              200,
              38
            ],
            [
              200,
              37
            ],
            [
              199,
              36
            ],
            [
              199,
              35
            ],
            [
              198,
              35
            ],
            [
              197,
              34
            ]
          ]
        ]
      },
      "properties": {
        "objectType": "annotation",
        "classification": {
          "name": "Inflammatory",
          "color": [
            0,
            0,
            255
          ]
        },
        "isLocked": false,
        "measurements": []
      }
    },
    {
      "type": "Feature",
      "id": "PathAnnotationObject",
      "geometry": {
        "type": "Polygon",
        "coordinates": [
          [
            [
              173,
              37
            ],
            [
              173,
              40
            ],
            [
              174,
              42
            ],
            [
              176,
              44
            ],
            [
              180,
              46
            ],
            [
              185,
              46
            ],
            [
              186,
              45
            ],
            [
              189,
              45
            ],
            [
              194,
              39
            ],
            [
              194,
              37
            ],
            [
              192,
              34
            ],
            [
              192,
              32
            ],
            [
              189,
              30
            ],
            [
              181,
              30
            ],
            [
              177,
              32
            ],
            [
              173,
              37
            ]
          ]
        ]
      },
      "properties": {
        "objectType": "annotation",
        "classification": {
          "name": "Neoplastic",
          "color": [
            255,
            0,
            0
          ]
        },
        "isLocked": false,
        "measurements": []
      }
    },
    {
      "type": "Feature",
      "id": "PathAnnotationObject",
      "geometry": {
        "type": "Polygon",
        "coordinates": [
          [
            [
              172,
              22
            ],
            [
              169,
              19
            ],
            [
              168,
              20
            ],
            [
              167,
              20
            ],
            [
              166,
              21
            ],
            [
              164,
              21
            ],
            [
              163,
              22
            ],
            [
              163,
              24
            ],
            [
              164,
              25
            ],
            [
              164,
              26
            ],
            [
              171,
              26
            ],
            [
              171,
              25
            ],
            [
              172,
              24
            ],
            [
              172,
              22
            ]
          ]
        ]
      },
      "properties": {
        "objectType": "annotation",
        "classification": {
          "name": "Neoplastic",
          "color": [
            255,
            0,
            0
          ]
        },
        "isLocked": false,
        "measurements": []
      }
    },
    {
      "type": "Feature",
      "id": "PathAnnotationObject",
      "geometry": {
        "type": "Polygon",
        "coordinates": [
          [
            [
              165,
              27
            ],
            [
              164,
              28
            ],
            [
              164,
              30
            ],
            [
              163,
              31
            ],
            [
              163,
              32
            ],
            [
              165,
              34
            ],
            [
              169,
              34
            ],
            [
              171,
              32
            ],
            [
              171,
              31
            ],
            [
              172,
              30
            ],
            [
              171,
              29
            ],
            [
              171,
              28
            ],
            [
              170,
              27
            ],
            [
              165,
              27
            ]
          ]
        ]
      },
      "properties": {
        "objectType": "annotation",
        "classification": {
          "name": "Neoplastic",
          "color": [
            255,
            0,
            0
          ]
        },
        "isLocked": false,
        "measurements": []
      }
    },
    {
      "type": "Feature",
      "id": "PathAnnotationObject",
      "geometry": {
        "type": "Polygon",
        "coordinates": [
          [
            [
              185,
              89
            ],
            [
              182,
              92
            ],
            [
              180,
              92
            ],
            [
              179,
              91
            ],
            [
              179,
              94
            ],
            [
              180,
              95
            ],
            [
              181,
              95
            ],
            [
              182,
              96
            ],
            [
              184,
              96
            ],
            [
              184,
              95
            ],
            [
              185,
              94
            ],
            [
              185,
              89
            ]
          ]
        ]
      },
      "properties": {
        "objectType": "annotation",
        "classification": {
          "name": "Inflammatory",
          "color": [
            0,
            0,
            255
          ]
        },
        "isLocked": false,
        "measurements": []
      }
    },
    {
      "type": "Feature",
      "id": "PathAnnotationObject",
      "geometry": {
        "type": "Polygon",
        "coordinates": [
          [
            [
              180,
              82
            ],
            [
              179,
              83
            ],
            [
              179,
              84
            ],
            [
              178,
              85
            ],
            [
              178,
              86
            ],
            [
              176,
              88
            ],
            [
              178,
              90
            ],
            [
              179,
              90
            ],
            [
              180,
              91
            ],
            [
              182,
              91
            ],
            [
              186,
              87
            ],
            [
              185,
              86
            ],
            [
              185,
              85
            ],
            [
              184,
              84
            ],
            [
              184,
              83
            ],
            [
              183,
              82
            ],
            [
              180,
              82
            ]
          ]
        ]
      },
      "properties": {
        "objectType": "annotation",
        "classification": {
          "name": "Inflammatory",
          "color": [
            0,
            0,
            255
          ]
        },
        "isLocked": false,
        "measurements": []
      }
    },
    {
      "type": "Feature",
      "id": "PathAnnotationObject",
      "geometry": {
        "type": "Polygon",
        "coordinates": [
          [
            [
              174,
              79
            ],
            [
              173,
              80
            ],
            [
              172,
              80
            ],
            [
              175,
              83
            ],
            [
              175,
              85
            ],
            [
              176,
              86
            ],
            [
              176,
              87
            ],
            [
              177,
              86
            ],
            [
              177,
              85
            ],
            [
              178,
              84
            ],
            [
              178,
              83
            ],
            [
              179,
              82
            ],
            [
              178,
              81
            ],
            [
              178,
              80
            ],
            [
              177,
              79
            ],
            [
              174,
              79
            ]
          ]
        ]
      },
      "properties": {
        "objectType": "annotation",
        "classification": {
          "name": "Inflammatory",
          "color": [
            0,
            0,
            255
          ]
        },
        "isLocked": false,
        "measurements": []
      }
    },
    {
      "type": "Feature",
      "id": "PathAnnotationObject",
      "geometry": {
        "type": "Polygon",
        "coordinates": [
          [
            [
              168,
              78
            ],
            [
              167,
              79
            ],
            [
              166,
              79
            ],
            [
              166,
              80
            ],
            [
              165,
              81
            ],
            [
              165,
              86
            ],
            [
              167,
              86
            ],
            [
              169,
              88
            ],
            [
              169,
              90
            ],
            [
              170,
              91
            ],
            [
              169,
              92
            ],
            [
              170,
              93
            ],
            [
              171,
              93
            ],
            [
              174,
              90
            ],
            [
              174,
              89
            ],
            [
              175,
              88
            ],
            [
              175,
              86
            ],
            [
              174,
              85
            ],
            [
              174,
              83
            ],
            [
              171,
              80
            ],
            [
              172,
              79
            ],
            [
              171,
              78
            ],
            [
              168,
              78
            ]
          ]
        ]
      },
      "properties": {
        "objectType": "annotation",
        "classification": {
          "name": "Neoplastic",
          "color": [
            255,
            0,
            0
          ]
        },
        "isLocked": false,
        "measurements": []
      }
    },
    {
      "type": "Feature",
      "id": "PathAnnotationObject",
      "geometry": {
        "type": "Polygon",
        "coordinates": [
          [
            [
              167,
              87
            ],
            [
              164,
              87
            ],
            [
              163,
              88
            ],
            [
              162,
              88
            ],
            [
              160,
              90
            ],
            [
              160,
              95
            ],
            [
              161,
              95
            ],
            [
              162,
              96
            ],
            [
              166,
              96
            ],
            [
              166,
              95
            ],
            [
              167,
              94
            ],
            [
              167,
              93
            ],
            [
              169,
              91
            ],
            [
              168,
              90
            ],
            [
              168,
              88
            ],
            [
              167,
              87
            ]
          ]
        ]
      },
      "properties": {
        "objectType": "annotation",
        "classification": {
          "name": "Neoplastic",
          "color": [
            255,
            0,
            0
          ]
        },
        "isLocked": false,
        "measurements": []
      }
    },
    {
      "type": "Feature",
      "id": "PathAnnotationObject",
      "geometry": {
        "type": "Polygon",
        "coordinates": [
          [
            [
              111,
              140
            ],
            [
              111,
              142
            ],
            [
              112,
              143
            ],
            [
              112,
              144
            ],
            [
              117,
              147
            ],
            [
              119,
              147
            ],
            [
              120,
              148
            ],
            [
              125,
              148
            ],
            [
              125,
              147
            ],
            [
              126,
              146
            ],
            [
              126,
              144
            ],
            [
              125,
              143
            ],
            [
              125,
              141
            ],
            [
              122,
              139
            ],
            [
              118,
              139
            ],
            [
              117,
              138
            ],
            [
              113,
              138
            ],
            [
              111,
              140
            ]
          ]
        ]
      },
      "properties": {
        "objectType": "annotation",
        "classification": {
          "name": "Neoplastic",
          "color": [
            255,
            0,
            0
          ]
        },
        "isLocked": false,
        "measurements": []
      }
    },
    {
      "type": "Feature",
      "id": "PathAnnotationObject",
      "geometry": {
        "type": "Polygon",
        "coordinates": [
          [
            [
              98,
              138
            ],
            [
              97,
              138
            ],
            [
              96,
              139
            ],
            [
              95,
              139
            ],
            [
              93,
              141
            ],
            [
              93,
              142
            ],
            [
              92,
              143
            ],
            [
              92,
              145
            ],
            [
              93,
              146
            ],
            [
              93,
              147
            ],
            [
              94,
              148
            ],
            [
              94,
              150
            ],
            [
              98,
              150
            ],
            [
              99,
              149
            ],
            [
              99,
              148
            ],
            [
              100,
              147
            ],
            [
              100,
              145
            ],
            [
              99,
              144
            ],
            [
              99,
              140
            ],
            [
              98,
              139
            ],
            [
              98,
              138
            ]
          ]
        ]
      },
      "properties": {
        "objectType": "annotation",
        "classification": {
          "name": "Neoplastic",
          "color": [
            255,
            0,
            0
          ]
        },
        "isLocked": false,
        "measurements": []
      }
    },
    {
      "type": "Feature",
      "id": "PathAnnotationObject",
      "geometry": {
        "type": "Polygon",
        "coordinates": [
          [
            [
              96,
              71
            ],
            [
              96,
              75
            ],
            [
              98,
              77
            ],
            [
              103,
              78
            ],
            [
              104,
              79
            ],
            [
              109,
              79
            ],
            [
              110,
              78
            ],
            [
              120,
              77
            ],
            [
              122,
              76
            ],
            [
              124,
              72
            ],
            [
              122,
              69
            ],
            [
              123,
              68
            ],
            [
              117,
              67
            ],
            [
              116,
              66
            ],
            [
              108,
              66
            ],
            [
              106,
              67
            ],
            [
              103,
              71
            ],
            [
              100,
              69
            ],
            [
              96,
              71
            ]
          ]
        ]
      },
      "properties": {
        "objectType": "annotation",
        "classification": {
          "name": "Neoplastic",
          "color": [
            255,
            0,
            0
          ]
        },
        "isLocked": false,
        "measurements": []
      }
    }
  ]
}