{
  "type": "FeatureCollection",
  "features": [
    {
      "type": "Feature",
      "id": "PathAnnotationObject",
      "geometry": {
        "type": "Polygon",
        "coordinates": [
          [
            [
              42,
              0
            ],
            [
              35,
              0
            ],
            [
              34,
              1
            ],
            [
              33,
              1
            ],
            [
              33,
              5
            ],
            [
              34,
              6
            ],
            [
              34,
              7
            ],
            [
              35,
              7
            ],
            [
              36,
              8
            ],
            [
              37,
              7
            ],
            [
              39,
              7
            ],
            [
              41,
              5
            ],
            [
              41,
              4
            ],
            [
              42,
              3
            ],
            [
              42,
              0
            ]
          ]
        ]
      },
      "properties": {
        "objectType": "annotation",
        "classification": {
          "name": "Inflammatory",
          "color": [
            0,
            0,
            255
          ]
        },
        "isLocked": false,
        "measurements": []
      }
    },
    {
      "type": "Feature",
      "id": "PathAnnotationObject",
      "geometry": {
        "type": "Polygon",
        "coordinates": [
          [
            [
              52,
              1
            ],
            [
              48,
              1
            ],
            [
              48,
              2
            ],
            [
              46,
              4
            ],
            [
              46,
              6
            ],
            [
              48,
              8
            ],
            [
              50,
              8
            ],
            [
              51,
              7
            ],
            [
              52,
              7
            ],
            [
              52,
              1
            ]
          ]
        ]
      },
      "properties": {
        "objectType": "annotation",
        "classification": {
          "name": "Inflammatory",
          "color": [
            0,
            0,
            255
          ]
        },
        "isLocked": false,
        "measurements": []
      }
    },
    {
      "type": "Feature",
      "id": "PathAnnotationObject",
      "geometry": {
        "type": "Polygon",
        "coordinates": [
          [
            [
              58,
              0
            ],
            [
              58,
              4
            ],
            [
              59,
              5
            ],
            [
              62,
              5
            ],
            [
              64,
              3
            ],
            [
              64,
              0
            ],
            [
              58,
              0
            ]
          ]
        ]
      },
      "properties": {
        "objectType": "annotation",
        "classification": {
          "name": "Inflammatory",
          "color": [
            0,
            0,
            255
          ]
        },
        "isLocked": false,
        "measurements": []
      }
    },
    {
      "type": "Feature",
      "id": "PathAnnotationObject",
      "geometry": {
        "type": "Polygon",
        "coordinates": [
          [
            [
              95,
              10
            ],
            [
              96,
              11
            ],
            [
              100,
              11
            ],
            [
              102,
              9
            ],
            [
              107,
              8
            ],
            [
              108,
              7
            ],
            [
              108,
              5
            ],
            [
              110,
              3
            ],
            [
              112,
              4
            ],
            [
              114,
              2
            ],
            [
              115,
              2
            ],
            [
              116,
              0
            ],
            [
              101,
              0
            ],
            [
              96,
              4
            ],
            [
              96,
              6
            ],
            [
              95,
              7
            ],
            [
              95,
              10
            ]
          ]
        ]
      },
      "properties": {
        "objectType": "annotation",
        "classification": {
          "name": "Inflammatory",
          "color": [
            0,
            0,
            255
          ]
        },
        "isLocked": false,
        "measurements": []
      }
    },
    {
      "type": "Feature",
      "id": "PathAnnotationObject",
      "geometry": {
        "type": "Polygon",
        "coordinates": [
          [
            [
              132,
              7
            ],
            [
              135,
              9
            ],
            [
              137,
              9
            ],
            [
              142,
              5
            ],
            [
              144,
              5
            ],
            [
              144,
              4
            ],
            [
              146,
              3
            ],
            [
              146,
              1
            ],
            [
              147,
              0
            ],
            [
              149,
              0
            ],
            [
              150,
              1
            ],
            [
              150,
              3
            ],
            [
              158,
              3
            ],
            [
              159,
              2
            ],
            [
              159,
              0
            ],
            [
              133,
              0
            ],
            [
              132,
              2
            ],
            [
              132,
              7
            ]
          ]
        ]
      },
      "properties": {
        "objectType": "annotation",
        "classification": {
          "name": "Inflammatory",
          "color": [
            0,
            0,
            255
          ]
        },
        "isLocked": false,
        "measurements": []
      }
    },
    {
      "type": "Feature",
      "id": "PathAnnotationObject",
      "geometry": {
        "type": "Polygon",
        "coordinates": [
          [
            [
              203,
              0
            ],
            [
              203,
              3
            ],
            [
              202,
              4
            ],
            [
              203,
              5
            ],
            [
              205,
              5
            ],
            [
              206,
              6
            ],
            [
              205,
              7
            ],
            [
              204,
              7
            ],
            [
              207,
              10
            ],
            [
              209,
              10
            ],
            [
              212,
              7
            ],
            [
              212,
              2
            ],
            [
              211,
              1
            ],
            [
              211,
              0
            ],
            [
              203,
              0
            ]
          ]
        ]
      },
      "properties": {
        "objectType": "annotation",
        "classification": {
          "name": "Connective",
          "color": [
            0,
            255,
            0
          ]
        },
        "isLocked": false,
        "measurements": []
      }
    },
    {
      "type": "Feature",
      "id": "PathAnnotationObject",
      "geometry": {
        "type": "Polygon",
        "coordinates": [
          [
            [
              241,
              0
            ],
            [
              235,
              0
            ],
            [
              234,
              1
            ],
            [
              233,
              1
            ],
            [
              230,
              4
            ],
            [
              228,
              4
            ],
            [
              228,
              7
            ],
            [
              230,
              7
            ],
            [
              231,
              8
            ],
            [
              236,
              8
            ],
            [
              237,
              7
            ],
            [
              238,
              8
            ],
            [
              239,
              7
            ],
            [
              239,
              4
            ],
            [
              241,
              2
            ],
            [
              241,
              0
            ]
          ]
        ]
      },
      "properties": {
        "objectType": "annotation",
        "classification": {
          "name": "Inflammatory",
          "color": [
            0,
            0,
            255
          ]
        },
        "isLocked": false,
        "measurements": []
      }
    },
    {
      "type": "Feature",
      "id": "PathAnnotationObject",
      "geometry": {
        "type": "Polygon",
        "coordinates": [
          [
            [
              218,
              3
            ],
            [
              218,
              6
            ],
            [
              219,
              7
            ],
            [
              220,
              7
            ],
            [
              221,
              8
            ],
            [
              224,
              8
            ],
            [
              225,
              7
            ],
            [
              227,
              7
            ],
            [
              227,
              4
            ],
            [
              223,
              4
            ],
            [
              221,
              2
            ],
            [
              219,
              2
            ],
            [
              218,
              3
            ]
          ]
        ]
      },
      "properties": {
        "objectType": "annotation",
        "classification": {
          "name": "Connective",
          "color": [
            0,
            255,
            0
          ]
        },
        "isLocked": false,
        "measurements": []
      }
    },
    {
      "type": "Feature",
      "id": "PathAnnotationObject",
      "geometry": {
        "type": "Polygon",
        "coordinates": [
          [
            [
              116,
              4
            ],
            [
              116,
              7
            ],
            [
              121,
              11
            ],
            [
              123,
              11
            ],
            [
              124,
              12
            ],
            [
              125,
              12
            ],
            [
              126,
              11
            ],
            [
              128,
              11
            ],
            [
              130,
              8
            ],
            [
              130,
              6
            ],
            [
              129,
              5
            ],
            [
              129,
              4
            ],
            [
              127,
              2
            ],
            [
              125,
              2
            ],
            [
              124,
              1
            ],
            [
              121,
              1
            ],
            [
              119,
              3
            ],
            [
              116,
              4
            ]
          ]
        ]
      },
      "properties": {
        "objectType": "annotation",
        "classification": {
          "name": "Connective",
          "color": [
            0,
            255,
            0
          ]
        },
        "isLocked": false,
        "measurements": []
      }
    },
    {
      "type": "Feature",
      "id": "PathAnnotationObject",
      "geometry": {
        "type": "Polygon",
        "coordinates": [
          [
            [
              19,
              4
            ],
            [
              19,
              7
            ],
            [
              20,
              8
            ],
            [
              20,
              9
            ],
            [
              21,
              10
            ],
            [
              21,
              11
            ],
            [
              25,
              15
            ],
            [
              27,
              15
            ],
            [
              27,
              14
            ],
            [
              28,
              13
            ],
            [
              29,
              13
            ],
            [
              29,
              6
            ],
            [
              27,
              4
            ],
            [
              27,
              3
            ],
            [
              21,
              3
            ],
            [
              20,
              4
            ],
            [
              19,
              4
            ]
          ]
        ]
      },
      "properties": {
        "objectType": "annotation",
        "classification": {
          "name": "Connective",
          "color": [
            0,
            255,
            0
          ]
        },
        "isLocked": false,
        "measurements": []
      }
    },
    {
      "type": "Feature",
      "id": "PathAnnotationObject",
      "geometry": {
        "type": "Polygon",
        "coordinates": [
          [
            [
              241,
              3
            ],
            [
              240,
              4
            ],
            [
              240,
              7
            ],
            [
              238,
              9
            ],
            [
              239,
              10
            ],
            [
              239,
              11
            ],
            [
              240,
              12
            ],
            [
              242,
              12
            ],
            [
              243,
              13
            ],
            [
              244,
              13
            ],
            [
              245,
              12
            ],
            [
              246,
              12
            ],
            [
              247,
              11
            ],
            [
              247,
              4
            ],
            [
              246,
              4
            ],
            [
              245,
              3
            ],
            [
              243,
              3
            ],
            [
              242,
              4
            ],
            [
              241,
              3
            ]
          ]
        ]
      },
      "properties": {
        "objectType": "annotation",
        "classification": {
          "name": "Connective",
          "color": [
            0,
            255,
            0
          ]
        },
        "isLocked": false,
        "measurements": []
      }
    },
    {
      "type": "Feature",
      "id": "PathAnnotationObject",
      "geometry": {
        "type": "Polygon",
        "coordinates": [
          [
            [
              147,
              1
            ],
            [
              147,
              3
            ],
            [
              146,
              4
            ],
            [
              145,
              4
            ],
            [
              145,
              8
            ],
            [
              144,
              9
            ],
            [
              145,
              12
            ],
            [
              146,
              13
            ],
            [
              152,
              13
            ],
            [
              153,
              12
            ],
            [
              154,
              12
            ],
            [
              153,
              11
            ],
            [
              153,
              8
            ],
            [
              152,
              7
            ],
            [
              152,
              6
            ],
            [
              151,
              5
            ],
            [
              150,
              5
            ],
            [
              148,
              3
            ],
            [
              149,
              2
            ],
            [
              149,
              1
            ],
            [
              147,
              1
            ]
          ]
        ]
      },
      "properties": {
        "objectType": "annotation",
        "classification": {
          "name": "Inflammatory",
          "color": [
            0,
            0,
            255
          ]
        },
        "isLocked": false,
        "measurements": []
      }
    },
    {
      "type": "Feature",
      "id": "PathAnnotationObject",
      "geometry": {
        "type": "Polygon",
        "coordinates": [
          [
            [
              66,
              6
            ],
            [
              64,
              8
            ],
            [
              64,
              11
            ],
            [
              65,
              12
            ],
            [
              65,
              13
            ],
            [
              69,
              17
            ],
            [
              74,
              17
            ],
            [
              74,
              16
            ],
            [
              75,
              15
            ],
            [
              75,
              13
            ],
            [
              74,
              12
            ],
            [
              74,
              9
            ],
            [
              71,
              6
            ],
            [
              70,
              6
            ],
            [
              69,
              5
            ],
            [
              68,
              5
            ],
            [
              67,
              6
            ],
            [
              66,
              6
            ]
          ]
        ]
      },
      "properties": {
        "objectType": "annotation",
        "classification": {
          "name": "Connective",
          "color": [
            0,
            255,
            0
          ]
        },
        "isLocked": false,
        "measurements": []
      }
    },
    {
      "type": "Feature",
      "id": "PathAnnotationObject",
      "geometry": {
        "type": "Polygon",
        "coordinates": [
          [
            [
              196,
              7
            ],
            [
              196,
              8
            ],
            [
              195,
              9
            ],
            [
              195,
              10
            ],
            [
              196,
              11
            ],
            [
              196,
              13
            ],
            [
              197,
              14
            ],
            [
              197,
              15
            ],
            [
              198,
              15
            ],
            [
              199,
              16
            ],
            [
              205,
              16
            ],
            [
              206,
              15
            ],
            [
              207,
              15
            ],
            [
              207,
              11
            ],
            [
              203,
              7
            ],
            [
              203,
              6
            ],
            [
              202,
              5
            ],
            [
              199,
              5
            ],
            [
              196,
              7
            ]
          ]
        ]
      },
      "properties": {
        "objectType": "annotation",
        "classification": {
          "name": "Connective",
          "color": [
            0,
            255,
            0
          ]
        },
        "isLocked": false,
        "measurements": []
      }
    },
    {
      "type": "Feature",
      "id": "PathAnnotationObject",
      "geometry": {
        "type": "Polygon",
        "coordinates": [
          [
            [
              179,
              4
            ],
            [
              177,
              4
            ],
            [
              174,
              6
            ],
            [
              170,
              6
            ],
            [
              169,
              8
            ],
            [
              169,
              16
            ],
            [
              167,
              18
            ],
            [
              166,
              18
            ],
            [
              166,
              20
            ],
            [
              167,
              22
            ],
            [
              173,
              22
            ],
            [
              175,
              20
            ],
            [
              178,
              20
            ],
            [
              180,
              18
            ],
            [
              181,
              18
            ],
            [
              181,
              14
            ],
            [
              182,
              13
            ],
            [
              182,
              11
            ],
            [
              181,
              10
            ],
            [
              181,
              6
            ],
            [
              179,
              4
            ]
          ]
        ]
      },
      "properties": {
        "objectType": "annotation",
        "classification": {
          "name": "Connective",
          "color": [
            0,
            255,
            0
          ]
        },
        "isLocked": false,
        "measurements": []
      }
    },
    {
      "type": "Feature",
      "id": "PathAnnotationObject",
      "geometry": {
        "type": "Polygon",
        "coordinates": [
          [
            [
              232,
              10
            ],
            [
              231,
              11
            ],
            [
              231,
              12
            ],
            [
              230,
              13
            ],
            [
              230,
              15
            ],
            [
              229,
              16
            ],
            [
              230,
              17
            ],
            [
              230,
              18
            ],
            [
              231,
              19
            ],
            [
              235,
              19
            ],
            [
              238,
              16
            ],
            [
              237,
              15
            ],
            [
              237,
              13
            ],
            [
              236,
              12
            ],
            [
              235,
              12
            ],
            [
              233,
              10
            ],
            [
              232,
              10
            ]
          ]
        ]
      },
      "properties": {
        "objectType": "annotation",
        "classification": {
          "name": "Inflammatory",
          "color": [
            0,
            0,
            255
          ]
        },
        "isLocked": false,
        "measurements": []
      }
    },
    {
      "type": "Feature",
      "id": "PathAnnotationObject",
      "geometry": {
        "type": "Polygon",
        "coordinates": [
          [
            [
              195,
              11
            ],
            [
              194,
              11
            ],
            [
              192,
              13
            ],
            [
              188,
              13
            ],
            [
              187,
              14
            ],
            [
              186,
              14
            ],
            [
              186,
              17
            ],
            [
              187,
              18
            ],
            [
              188,
              18
            ],
            [
              190,
              20
            ],
            [
              193,
              20
            ],
            [
              194,
              19
            ],
            [
              194,
              18
            ],
            [
              195,
              17
            ],
            [
              195,
              16
            ],
            [
              196,
              15
            ],
            [
              196,
              14
            ],
            [
              195,
              13
            ],
            [
              195,
              11
            ]
          ]
        ]
      },
      "properties": {
        "objectType": "annotation",
        "classification": {
          "name": "Inflammatory",
          "color": [
            0,
            0,
            255
          ]
        },
        "isLocked": false,
        "measurements": []
      }
    },
    {
      "type": "Feature",
      "id": "PathAnnotationObject",
      "geometry": {
        "type": "Polygon",
        "coordinates": [
          [
            [
              37,
              13
            ],
            [
              37,
              14
            ],
            [
              36,
              15
            ],
            [
              36,
              18
            ],
            [
              37,
              19
            ],
            [
              37,
              20
            ],
            [
              39,
              22
            ],
            [
              43,
              22
            ],
            [
              43,
              21
            ],
            [
              44,
              20
            ],
            [
              44,
              17
            ],
            [
              43,
              16
            ],
            [
              43,
              14
            ],
            [
              41,
              12
            ],
            [
              39,
              12
            ],
            [
              38,
              13
            ],
            [
              37,
              13
            ]
          ]
        ]
      },
      "properties": {
        "objectType": "annotation",
        "classification": {
          "name": "Inflammatory",
          "color": [
            0,
            0,
            255
          ]
        },
        "isLocked": false,
        "measurements": []
      }
    },
    {
      "type": "Feature",
      "id": "PathAnnotationObject",
      "geometry": {
        "type": "Polygon",
        "coordinates": [
          [
            [
              113,
              13
            ],
            [
              113,
              15
            ],
            [
              112,
              16
            ],
            [
              113,
              17
            ],
            [
              113,
              21
            ],
            [
              114,
              22
            ],
            [
              119,
              22
            ],
            [
              121,
              20
            ],
            [
              121,
              19
            ],
            [
              122,
              18
            ],
            [
              122,
              16
            ],
            [
              119,
              13
            ],
            [
              118,
              13
            ],
            [
              117,
              12
            ],
            [
              115,
              12
            ],
            [
              114,
              13
            ],
            [
              113,
              13
            ]
          ]
        ]
      },
      "properties": {
        "objectType": "annotation",
        "classification": {
          "name": "Inflammatory",
          "color": [
            0,
            0,
            255
          ]
        },
        "isLocked": false,
        "measurements": []
      }
    },
    {
      "type": "Feature",
      "id": "PathAnnotationObject",
      "geometry": {
        "type": "Polygon",
        "coordinates": [
          [
            [
              153,
              13
            ],
            [
              152,
              14
            ],
            [
              150,
              14
            ],
            [
              150,
              16
            ],
            [
              149,
              17
            ],
            [
              149,
              22
            ],
            [
              150,
              23
            ],
            [
              150,
              24
            ],
            [
              151,
              24
            ],
            [
              152,
              25
            ],
            [
              155,
              25
            ],
            [
              156,
              24
            ],
            [
              156,
              22
            ],
            [
              158,
              20
            ],
            [
              158,
              16
            ],
            [
              156,
              14
            ],
            [
              155,
              14
            ],
            [
              154,
              13
            ],
            [
              153,
              13
            ]
          ]
        ]
      },
      "properties": {
        "objectType": "annotation",
        "classification": {
          "name": "Inflammatory",
          "color": [
            0,
            0,
            255
          ]
        },
        "isLocked": false,
        "measurements": []
      }
    },
    {
      "type": "Feature",
      "id": "PathAnnotationObject",
      "geometry": {
        "type": "Polygon",
        "coordinates": [
          [
            [
              142,
              17
            ],
            [
              139,
              15
            ],
            [
              134,
              15
            ],
            [
              133,
              16
            ],
            [
              132,
              16
            ],
            [
              130,
              19
            ],
            [
              130,
              22
            ],
            [
              131,
              23
            ],
            [
              131,
              24
            ],
            [
              132,
              25
            ],
            [
              135,
              25
            ],
            [
              136,
              24
            ],
            [
              137,
              24
            ],
            [
              139,
              22
            ],
            [
              139,
              21
            ],
            [
              142,
              19
            ],
            [
              142,
              17
            ]
          ]
        ]
      },
      "properties": {
        "objectType": "annotation",
        "classification": {
          "name": "Inflammatory",
          "color": [
            0,
            0,
            255
          ]
        },
        "isLocked": false,
        "measurements": []
      }
    },
    {
      "type": "Feature",
      "id": "PathAnnotationObject",
      "geometry": {
        "type": "Polygon",
        "coordinates": [
          [
            [
              18,
              18
            ],
            [
              18,
              22
            ],
            [
              20,
              22
            ],
            [
              21,
              23
            ],
            [
              24,
              23
            ],
            [
              25,
              22
            ],
            [
              25,
              19
            ],
            [
              24,
              19
            ],
            [
              23,
              18
            ],
            [
              18,
              18
            ]
          ]
        ]
      },
      "properties": {
        "objectType": "annotation",
        "classification": {
          "name": "Inflammatory",
          "color": [
            0,
            0,
            255
          ]
        },
        "isLocked": false,
        "measurements": []
      }
    },
    {
      "type": "Feature",
      "id": "PathAnnotationObject",
      "geometry": {
        "type": "Polygon",
        "coordinates": [
          [
            [
              239,
              16
            ],
            [
              238,
              17
            ],
            [
              239,
              18
            ],
            [
              238,
              19
            ],
            [
              238,
              23
            ],
            [
              239,
              23
            ],
            [
              240,
              24
            ],
            [
              245,
              24
            ],
            [
              245,
              23
            ],
            [
              246,
              22
            ],
            [
              246,
              18
            ],
            [
              244,
              16
            ],
            [
              239,
              16
            ]
          ]
        ]
      },
      "properties": {
        "objectType": "annotation",
        "classification": {
          "name": "Inflammatory",
          "color": [
            0,
            0,
            255
          ]
        },
        "isLocked": false,
        "measurements": []
      }
    },
    {
      "type": "Feature",
      "id": "PathAnnotationObject",
      "geometry": {
        "type": "Polygon",
        "coordinates": [
          [
            [
              182,
              19
            ],
            [
              182,
              21
            ],
            [
              183,
              22
            ],
            [
              183,
              23
            ],
            [
              184,
              24
            ],
            [
              184,
              25
            ],
            [
              188,
              25
            ],
            [
              189,
              24
            ],
            [
              190,
              24
            ],
            [
              190,
              21
            ],
            [
              188,
              21
            ],
            [
              187,
              20
            ],
            [
              187,
              19
            ],
            [
              186,
              18
            ],
            [
              184,
              18
            ],
            [
              183,
              19
            ],
            [
              182,
              19
            ]
          ]
        ]
      },
      "properties": {
        "objectType": "annotation",
        "classification": {
          "name": "Inflammatory",
          "color": [
            0,
            0,
            255
          ]
        },
        "isLocked": false,
        "measurements": []
      }
    },
    {
      "type": "Feature",
      "id": "PathAnnotationObject",
      "geometry": {
        "type": "Polygon",
        "coordinates": [
          [
            [
              231,
              20
            ],
            [
              231,
              22
            ],
            [
              230,
              23
            ],
            [
              230,
              24
            ],
            [
              231,
              25
            ],
            [
              231,
              26
            ],
            [
              232,
              27
            ],
            [
              234,
              27
            ],
            [
              235,
              28
            ],
            [
              236,
              27
            ],
            [
              236,
              26
            ],
            [
              237,
              25
            ],
            [
              237,
              24
            ],
            [
              236,
              23
            ],
            [
              236,
              22
            ],
            [
              235,
              22
            ],
            [
              234,
              21
            ],
            [
              234,
              20
            ],
            [
              231,
              20
            ]
          ]
        ]
      },
      "properties": {
        "objectType": "annotation",
        "classification": {
          "name": "Inflammatory",
          "color": [
            0,
            0,
            255
          ]
        },
        "isLocked": false,
        "measurements": []
      }
    },
    {
      "type": "Feature",
      "id": "PathAnnotationObject",
      "geometry": {
        "type": "Polygon",
        "coordinates": [
          [
            [
              161,
              21
            ],
            [
              159,
              23
            ],
            [
              159,
              27
            ],
            [
              164,
              27
            ],
            [
              164,
              24
            ],
            [
              165,
              23
            ],
            [
              164,
              23
            ],
            [
              163,
              22
            ],
            [
              163,
              21
            ],
            [
              161,
              21
            ]
          ]
        ]
      },
      "properties": {
        "objectType": "annotation",
        "classification": {
          "name": "Inflammatory",
          "color": [
            0,
            0,
            255
          ]
        },
        "isLocked": false,
        "measurements": []
      }
    },
    {
      "type": "Feature",
      "id": "PathAnnotationObject",
      "geometry": {
        "type": "Polygon",
        "coordinates": [
          [
            [
              41,
              23
            ],
            [
              39,
              23
            ],
            [
              37,
              21
            ],
            [
              36,
              22
            ],
            [
              33,
              22
            ],
            [
              31,
              25
            ],
            [
              31,
              30
            ],
            [
              32,
              30
            ],
            [
              33,
              31
            ],
            [
              34,
              31
            ],
            [
              35,
              30
            ],
            [
              37,
              30
            ],
            [
              38,
              29
            ],
            [
              39,
              29
            ],
            [
              39,
              24
            ],
            [
              40,
              23
            ],
            [
              41,
              23
            ]
          ]
        ]
      },
      "properties": {
        "objectType": "annotation",
        "classification": {
          "name": "Inflammatory",
          "color": [
            0,
            0,
            255
          ]
        },
        "isLocked": false,
        "measurements": []
      }
    },
    {
      "type": "Feature",
      "id": "PathAnnotationObject",
      "geometry": {
        "type": "Polygon",
        "coordinates": [
          [
            [
              49,
              23
            ],
            [
              47,
              25
            ],
            [
              47,
              28
            ],
            [
              48,
              29
            ],
            [
              48,
              30
            ],
            [
              49,
              29
            ],
            [
              51,
              29
            ],
            [
              52,
              30
            ],
            [
              52,
              35
            ],
            [
              52,
              31
            ],
            [
              53,
              30
            ],
            [
              56,
              31
            ],
            [
              56,
              30
            ],
            [
              55,
              30
            ],
            [
              52,
              27
            ],
            [
              52,
              23
            ],
            [
              49,
              23
            ]
          ]
        ]
      },
      "properties": {
        "objectType": "annotation",
        "classification": {
          "name": "Inflammatory",
          "color": [
            0,
            0,
            255
          ]
        },
        "isLocked": false,
        "measurements": []
      }
    },
    {
      "type": "Feature",
      "id": "PathAnnotationObject",
      "geometry": {
        "type": "Polygon",
        "coordinates": [
          [
            [
              236,
              28
            ],
            [
              236,
              30
            ],
            [
              237,
              31
            ],
            [
              237,
              32
            ],
            [
              240,
              32
            ],
            [
              241,
              31
            ],
            [
              242,
              31
            ],
            [
              243,
              30
            ],
            [
              244,
              30
            ],
            [
              245,
              29
            ],
            [
              245,
              28
            ],
            [
              244,
              27
            ],
            [
              244,
              25
            ],
            [
              240,
              25
            ],
            [
              239,
              24
            ],
            [
              238,
              24
            ],
            [
              238,
              25
            ],
            [
              237,
              26
            ],
            [
              237,
              27
            ],
            [
              236,
              28
            ]
          ]
        ]
      },
      "properties": {
        "objectType": "annotation",
        "classification": {
          "name": "Inflammatory",
          "color": [
            0,
            0,
            255
          ]
        },
        "isLocked": false,
        "measurements": []
      }
    },
    {
      "type": "Feature",
      "id": "PathAnnotationObject",
      "geometry": {
        "type": "Polygon",
        "coordinates": [
          [
            [
              172,
              25
            ],
            [
              171,
              26
            ],
            [
              171,
              29
            ],
            [
              172,
              30
            ],
            [
              172,
              32
            ],
            [
              175,
              35
            ],
            [
              176,
              35
            ],
            [
              179,
              37
            ],
            [
              183,
              37
            ],
            [
              183,
              35
            ],
            [
              182,
              35
            ],
            [
              181,
              34
            ],
            [
              181,
              33
            ],
            [
              179,
              31
            ],
            [
              179,
              28
            ],
            [
              178,
              27
            ],
            [
              178,
              25
            ],
            [
              175,
              25
            ],
            [
              174,
              24
            ],
            [
              173,
              25
            ],
            [
              172,
              25
            ]
          ]
        ]
      },
      "properties": {
        "objectType": "annotation",
        "classification": {
          "name": "Inflammatory",
          "color": [
            0,
            0,
            255
          ]
        },
        "isLocked": false,
        "measurements": []
      }
    },
    {
      "type": "Feature",
      "id": "PathAnnotationObject",
      "geometry": {
        "type": "Polygon",
        "coordinates": [
          [
            [
              76,
              26
            ],
            [
              75,
              26
            ],
            [
              73,
              24
            ],
            [
              69,
              24
            ],
            [
              68,
              25
            ],
            [
              65,
              25
            ],
            [
              60,
              29
            ],
            [
              58,
              29
            ],
            [
              56,
              32
            ],
            [
              53,
              31
            ],
            [
              53,
              35
            ],
            [
              55,
              34
            ],
            [
              57,
              34
            ],
            [
              58,
              35
            ],
            [
              66,
              35
            ],
            [
              70,
              30
            ],
            [
              75,
              29
            ],
            [
              76,
              28
            ],
            [
              76,
              26
            ]
          ]
        ]
      },
      "properties": {
        "objectType": "annotation",
        "classification": {
          "name": "Inflammatory",
          "color": [
            0,
            0,
            255
          ]
        },
        "isLocked": false,
        "measurements": []
      }
    },
    {
      "type": "Feature",
      "id": "PathAnnotationObject",
      "geometry": {
        "type": "Polygon",
        "coordinates": [
          [
            [
              139,
              28
            ],
            [
              138,
              28
            ],
            [
              137,
              27
            ],
            [
              135,
              27
            ],
            [
              134,
              28
            ],
            [
              133,
              28
            ],
            [
              131,
              30
            ],
            [
              131,
              33
            ],
            [
              132,
              34
            ],
            [
              133,
              34
            ],
            [
              134,
              35
            ],
            [
              136,
              35
            ],
            [
              137,
              34
            ],
            [
              138,
              34
            ],
            [
              139,
              33
            ],
            [
              139,
              30
            ],
            [
              140,
              29
            ],
            [
              139,
              28
            ]
          ]
        ]
      },
      "properties": {
        "objectType": "annotation",
        "classification": {
          "name": "Inflammatory",
          "color": [
            0,
            0,
            255
          ]
        },
        "isLocked": false,
        "measurements": []
      }
    },
    {
      "type": "Feature",
      "id": "PathAnnotationObject",
      "geometry": {
        "type": "Polygon",
        "coordinates": [
          [
            [
              145,
              29
            ],
            [
              145,
              34
            ],
            [
              146,
              34
            ],
            [
              147,
              35
            ],
            [
              151,
              35
            ],
            [
              152,
              34
            ],
            [
              158,
              34
            ],
            [
              159,
              33
            ],
            [
              159,
              30
            ],
            [
              158,
              30
            ],
            [
              157,
              29
            ],
            [
              155,
              29
            ],
            [
              154,
              28
            ],
            [
              152,
              28
            ],
            [
              150,
              26
            ],
            [
              147,
              27
            ],
            [
              145,
              29
            ]
          ]
        ]
      },
      "properties": {
        "objectType": "annotation",
        "classification": {
          "name": "Inflammatory",
          "color": [
            0,
            0,
            255
          ]
        },
        "isLocked": false,
        "measurements": []
      }
    },
    {
      "type": "Feature",
      "id": "PathAnnotationObject",
      "geometry": {
        "type": "Polygon",
        "coordinates": [
          [
            [
              21,
              28
            ],
            [
              19,
              30
            ],
            [
              19,
              32
            ],
            [
              20,
              32
            ],
            [
              21,
              33
            ],
            [
              21,
              34
            ],
            [
              24,
              37
            ],
            [
              26,
              37
            ],
            [
              27,
              36
            ],
            [
              27,
              35
            ],
            [
              28,
              34
            ],
            [
              28,
              32
            ],
            [
              27,
              31
            ],
            [
              27,
              28
            ],
            [
              26,
              27
            ],
            [
              24,
              27
            ],
            [
              23,
              28
            ],
            [
              21,
              28
            ]
          ]
        ]
      },
      "properties": {
        "objectType": "annotation",
        "classification": {
          "name": "Connective",
          "color": [
            0,
            255,
            0
          ]
        },
        "isLocked": false,
        "measurements": []
      }
    },
    {
      "type": "Feature",
      "id": "PathAnnotationObject",
      "geometry": {
        "type": "Polygon",
        "coordinates": [
          [
            [
              45,
              30
            ],
            [
              44,
              31
            ],
            [
              43,
              31
            ],
            [
              43,
              32
            ],
            [
              42,
              33
            ],
            [
              42,
              34
            ],
            [
              43,
              35
            ],
            [
              44,
              35
            ],
            [
              45,
              36
            ],
            [
              45,
              37
            ],
            [
              47,
              37
            ],
            [
              49,
              35
            ],
            [
              50,
              35
            ],
            [
              51,
              34
            ],
            [
              51,
              33
            ],
            [
              49,
              31
            ],
            [
              48,
              31
            ],
            [
              47,
              30
            ],
            [
              45,
              30
            ]
          ]
        ]
      },
      "properties": {
        "objectType": "annotation",
        "classification": {
          "name": "Inflammatory",
          "color": [
            0,
            0,
            255
          ]
        },
        "isLocked": false,
        "measurements": []
      }
    },
    {
      "type": "Feature",
      "id": "PathAnnotationObject",
      "geometry": {
        "type": "Polygon",
        "coordinates": [
          [
            [
              86,
              31
            ],
            [
              84,
              33
            ],
            [
              84,
              34
            ],
            [
              83,
              35
            ],
            [
              83,
              37
            ],
            [
              84,
              38
            ],
            [
              84,
              40
            ],
            [
              85,
              39
            ],
            [
              86,
              39
            ],
            [
              87,
              40
            ],
            [
              88,
              40
            ],
            [
              89,
              41
            ],
            [
              90,
              41
            ],
            [
              91,
              40
            ],
            [
              91,
              35
            ],
            [
              89,
              33
            ],
            [
              88,
              33
            ],
            [
              86,
              31
            ]
          ]
        ]
      },
      "properties": {
        "objectType": "annotation",
        "classification": {
          "name": "Connective",
          "color": [
            0,
            255,
            0
          ]
        },
        "isLocked": false,
        "measurements": []
      }
    },
    {
      "type": "Feature",
      "id": "PathAnnotationObject",
      "geometry": {
        "type": "Polygon",
        "coordinates": [
          [
            [
              201,
              35
            ],
            [
              201,
              36
            ],
            [
              202,
              37
            ],
            [
              202,
              39
            ],
            [
              203,
              40
            ],
            [
              203,
              42
            ],
            [
              204,
              43
            ],
            [
              206,
              43
            ],
            [
              206,
              42
            ],
            [
              207,
              41
            ],
            [
              210,
              41
            ],
            [
              211,
              40
            ],
            [
              214,
              40
            ],
            [
              215,
              39
            ],
            [
              215,
              37
            ],
            [
              213,
              35
            ],
            [
              212,
              35
            ],
            [
              208,
              31
            ],
            [
              204,
              31
            ],
            [
              202,
              33
            ],
            [
              202,
              34
            ],
            [
              201,
              35
            ]
          ]
        ]
      },
      "properties": {
        "objectType": "annotation",
        "classification": {
          "name": "Connective",
          "color": [
            0,
            255,
            0
          ]
        },
        "isLocked": false,
        "measurements": []
      }
    },
    {
      "type": "Feature",
      "id": "PathAnnotationObject",
      "geometry": {
        "type": "Polygon",
        "coordinates": [
          [
            [
              243,
              31
            ],
            [
              242,
              32
            ],
            [
              241,
              32
            ],
            [
              240,
              33
            ],
            [
              239,
              33
            ],
            [
              238,
              34
            ],
            [
              238,
              37
            ],
            [
              242,
              41
            ],
            [
              245,
              41
            ],
            [
              247,
              39
            ],
            [
              247,
              33
            ],
            [
              246,
              32
            ],
            [
              245,
              32
            ],
            [
              244,
              31
            ],
            [
              243,
              31
            ]
          ]
        ]
      },
      "properties": {
        "objectType": "annotation",
        "classification": {
          "name": "Inflammatory",
          "color": [
            0,
            0,
            255
          ]
        },
        "isLocked": false,
        "measurements": []
      }
    },
    {
      "type": "Feature",
      "id": "PathAnnotationObject",
      "geometry": {
        "type": "Polygon",
        "coordinates": [
          [
            [
              33,
              32
            ],
            [
              31,
              34
            ],
            [
              31,
              38
            ],
            [
              34,
              41
            ],
            [
              39,
              41
            ],
            [
              39,
              40
            ],
            [
              40,
              39
            ],
            [
              41,
              39
            ],
            [
              41,
              35
            ],
            [
              40,
              34
            ],
            [
              39,
              34
            ],
            [
              38,
              33
            ],
            [
              36,
              33
            ],
            [
              35,
              32
            ],
            [
              33,
              32
            ]
          ]
        ]
      },
      "properties": {
        "objectType": "annotation",
        "classification": {
          "name": "Inflammatory",
          "color": [
            0,
            0,
            255
          ]
        },
        "isLocked": false,
        "measurements": []
      }
    },
    {
      "type": "Feature",
      "id": "PathAnnotationObject",
      "geometry": {
        "type": "Polygon",
        "coordinates": [
          [
            [
              74,
              35
            ],
            [
              73,
              36
            ],
            [
              72,
              36
            ],
            [
              72,
              37
            ],
            [
              71,
              38
            ],
            [
              71,
              39
            ],
            [
              72,
              40
            ],
            [
              72,
              41
            ],
            [
              73,
              41
            ],
            [
              74,
              42
            ],
            [
              76,
              42
            ],
            [
              76,
              41
            ],
            [
              77,
              40
            ],
            [
              77,
              38
            ],
            [
              76,
              37
            ],
            [
              76,
              36
            ],
            [
              75,
              36
            ],
            [
              74,
              35
            ]
          ]
        ]
      },
      "properties": {
        "objectType": "annotation",
        "classification": {
          "name": "Inflammatory",
          "color": [
            0,
            0,
            255
          ]
        },
        "isLocked": false,
        "measurements": []
      }
    },
    {
      "type": "Feature",
      "id": "PathAnnotationObject",
      "geometry": {
        "type": "Polygon",
        "coordinates": [
          [
            [
              16,
              36
            ],
            [
              14,
              38
            ],
            [
              14,
              44
            ],
            [
              15,
              44
            ],
            [
              16,
              45
            ],
            [
              16,
              46
            ],
            [
              18,
              46
            ],
            [
              18,
              45
            ],
            [
              19,
              44
            ],
            [
              20,
              44
            ],
            [
              21,
              43
            ],
            [
              21,
              42
            ],
            [
              22,
              41
            ],
            [
              22,
              39
            ],
            [
              21,
              38
            ],
            [
              20,
              38
            ],
            [
              18,
              36
            ],
            [
              16,
              36
            ]
          ]
        ]
      },
      "properties": {
        "objectType": "annotation",
        "classification": {
          "name": "Inflammatory",
          "color": [
            0,
            0,
            255
          ]
        },
        "isLocked": false,
        "measurements": []
      }
    },
    {
      "type": "Feature",
      "id": "PathAnnotationObject",
      "geometry": {
        "type": "Polygon",
        "coordinates": [
          [
            [
              57,
              35
            ],
            [
              55,
              35
            ],
            [
              55,
              36
            ],
            [
              52,
              38
            ],
            [
              52,
              44
            ],
            [
              50,
              46
            ],
            [
              50,
              50
            ],
            [
              51,
              51
            ],
            [
              55,
              51
            ],
            [
              57,
              49
            ],
            [
              57,
              48
            ],
            [
              58,
              47
            ],
            [
              59,
              47
            ],
            [
              59,
              37
            ],
            [
              57,
              35
            ]
          ]
        ]
      },
      "properties": {
        "objectType": "annotation",
        "classification": {
          "name": "Inflammatory",
          "color": [
            0,
            0,
            255
          ]
        },
        "isLocked": false,
        "measurements": []
      }
    },
    {
      "type": "Feature",
      "id": "PathAnnotationObject",
      "geometry": {
        "type": "Polygon",
        "coordinates": [
          [
            [
              248,
              36
            ],
            [
              248,
              39
            ],
            [
              246,
              41
            ],
            [
              247,
              41
            ],
            [
              248,
              42
            ],
            [
              248,
              43
            ],
            [
              250,
              45
            ],
            [
              254,
              45
            ],
            [
              255,
              44
            ],
            [
              255,
              41
            ],
            [
              252,
              38
            ],
            [
              249,
              38
            ],
            [
              248,
              37
            ],
            [
              248,
              36
            ]
          ]
        ]
      },
      "properties": {
        "objectType": "annotation",
        "classification": {
          "name": "Neoplastic",
          "color": [
            255,
            0,
            0
          ]
        },
        "isLocked": false,
        "measurements": []
      }
    },
    {
      "type": "Feature",
      "id": "PathAnnotationObject",
      "geometry": {
        "type": "Polygon",
        "coordinates": [
          [
            [
              194,
              38
            ],
            [
              194,
              39
            ],
            [
              193,
              40
            ],
            [
              192,
              40
            ],
            [
              192,
              44
            ],
            [
              195,
              47
            ],
            [
              196,
              46
            ],
            [
              197,
              46
            ],
            [
              199,
              44
            ],
            [
              200,
              44
            ],
            [
              200,
              43
            ],
            [
              195,
              38
            ],
            [
              194,
              38
            ]
          ]
        ]
      },
      "properties": {
        "objectType": "annotation",
        "classification": {
          "name": "Inflammatory",
          "color": [
            0,
            0,
            255
          ]
        },
        "isLocked": false,
        "measurements": []
      }
    },
    {
      "type": "Feature",
      "id": "PathAnnotationObject",
      "geometry": {
        "type": "Polygon",
        "coordinates": [
          [
            [
              126,
              38
            ],
            [
              126,
              40
            ],
            [
              125,
              41
            ],
            [
              126,
              44
            ],
            [
              131,
              49
            ],
            [
              132,
              49
            ],
            [
              133,
              50
            ],
            [
              133,
              51
            ],
            [
              137,
              51
            ],
            [
              137,
              50
            ],
            [
              138,
              49
            ],
            [
              138,
              44
            ],
            [
              137,
              43
            ],
            [
              136,
              40
            ],
            [
              134,
              38
            ],
            [
              126,
              38
            ]
          ]
        ]
      },
      "properties": {
        "objectType": "annotation",
        "classification": {
          "name": "Connective",
          "color": [
            0,
            255,
            0
          ]
        },
        "isLocked": false,
        "measurements": []
      }
    },
    {
      "type": "Feature",
      "id": "PathAnnotationObject",
      "geometry": {
        "type": "Polygon",
        "coordinates": [
          [
            [
              147,
              38
            ],
            [
              145,
              40
            ],
            [
              145,
              42
            ],
            [
              146,
              42
            ],
            [
              147,
              43
            ],
            [
              148,
              46
            ],
            [
              149,
              46
            ],
            [
              150,
              47
            ],
            [
              150,
              48
            ],
            [
              151,
              48
            ],
            [
              153,
              50
            ],
            [
              157,
              50
            ],
            [
              159,
              48
            ],
            [
              159,
              42
            ],
            [
              157,
              42
            ],
            [
              156,
              41
            ],
            [
              156,
              40
            ],
            [
              154,
              38
            ],
            [
              147,
              38
            ]
          ]
        ]
      },
      "properties": {
        "objectType": "annotation",
        "classification": {
          "name": "Inflammatory",
          "color": [
            0,
            0,
            255
          ]
        },
        "isLocked": false,
        "measurements": []
      }
    },
    {
      "type": "Feature",
      "id": "PathAnnotationObject",
      "geometry": {
        "type": "Polygon",
        "coordinates": [
          [
            [
              179,
              40
            ],
            [
              179,
              41
            ],
            [
              178,
              42
            ],
            [
              178,
              44
            ],
            [
              179,
              45
            ],
            [
              179,
              46
            ],
            [
              181,
              46
            ],
            [
              182,
              47
            ],
            [
              184,
              47
            ],
            [
              185,
              46
            ],
            [
              185,
              45
            ],
            [
              186,
              44
            ],
            [
              186,
              43
            ],
            [
              185,
              42
            ],
            [
              184,
              42
            ],
            [
              182,
              40
            ],
            [
              179,
              40
            ]
          ]
        ]
      },
      "properties": {
        "objectType": "annotation",
        "classification": {
          "name": "Inflammatory",
          "color": [
            0,
            0,
            255
          ]
        },
        "isLocked": false,
        "measurements": []
      }
    },
    {
      "type": "Feature",
      "id": "PathAnnotationObject",
      "geometry": {
        "type": "Polygon",
        "coordinates": [
          [
            [
              75,
              47
            ],
            [
              76,
              47
            ],
            [
              77,
              48
            ],
            [
              80,
              48
            ],
            [
              82,
              46
            ],
            [
              85,
              46
            ],
            [
              86,
              45
            ],
            [
              86,
              43
            ],
            [
              85,
              42
            ],
            [
              84,
              42
            ],
            [
              83,
              41
            ],
            [
              83,
              40
            ],
            [
              78,
              40
            ],
            [
              77,
              41
            ],
            [
              77,
              42
            ],
            [
              75,
              44
            ],
            [
              75,
              47
            ]
          ]
        ]
      },
      "properties": {
        "objectType": "annotation",
        "classification": {
          "name": "Inflammatory",
          "color": [
            0,
            0,
            255
          ]
        },
        "isLocked": false,
        "measurements": []
      }
    },
    {
      "type": "Feature",
      "id": "PathAnnotationObject",
      "geometry": {
        "type": "Polygon",
        "coordinates": [
          [
            [
              64,
              43
            ],
            [
              64,
              47
            ],
            [
              65,
              47
            ],
            [
              67,
              49
            ],
            [
              72,
              49
            ],
            [
              73,
              48
            ],
            [
              73,
              45
            ],
            [
              72,
              45
            ],
            [
              71,
              44
            ],
            [
              71,
              43
            ],
            [
              69,
              43
            ],
            [
              68,
              42
            ],
            [
              65,
              42
            ],
            [
              64,
              43
            ]
          ]
        ]
      },
      "properties": {
        "objectType": "annotation",
        "classification": {
          "name": "Inflammatory",
          "color": [
            0,
            0,
            255
          ]
        },
        "isLocked": false,
        "measurements": []
      }
    },
    {
      "type": "Feature",
      "id": "PathAnnotationObject",
      "geometry": {
        "type": "Polygon",
        "coordinates": [
          [
            [
              117,
              43
            ],
            [
              116,
              42
            ],
            [
              115,
              42
            ],
            [
              114,
              41
            ],
            [
              113,
              42
            ],
            [
              111,
              42
            ],
            [
              108,
              45
            ],
            [
              108,
              47
            ],
            [
              111,
              47
            ],
            [
              112,
              48
            ],
            [
              116,
              48
            ],
            [
              117,
              47
            ],
            [
              117,
              43
            ]
          ]
        ]
      },
      "properties": {
        "objectType": "annotation",
        "classification": {
          "name": "Inflammatory",
          "color": [
            0,
            0,
            255
          ]
        },
        "isLocked": false,
        "measurements": []
      }
    },
    {
      "type": "Feature",
      "id": "PathAnnotationObject",
      "geometry": {
        "type": "Polygon",
        "coordinates": [
          [
            [
              226,
              38
            ],
            [
              226,
              44
            ],
            [
              225,
              45
            ],
            [
              225,
              49
            ],
            [
              226,
              49
            ],
            [
              228,
              51
            ],
            [
              232,
              51
            ],
            [
              232,
              50
            ],
            [
              233,
              49
            ],
            [
              233,
              48
            ],
            [
              234,
              47
            ],
            [
              234,
              46
            ],
            [
              232,
              44
            ],
            [
              232,
              43
            ],
            [
              230,
              41
            ],
            [
              230,
              39
            ],
            [
              229,
              38
            ],
            [
              226,
              38
            ]
          ]
        ]
      },
      "properties": {
        "objectType": "annotation",
        "classification": {
          "name": "Inflammatory",
          "color": [
            0,
            0,
            255
          ]
        },
        "isLocked": false,
        "measurements": []
      }
    },
    {
      "type": "Feature",
      "id": "PathAnnotationObject",
      "geometry": {
        "type": "Polygon",
        "coordinates": [
          [
            [
              221,
              45
            ],
            [
              219,
              45
            ],
            [
              216,
              48
            ],
            [
              216,
              49
            ],
            [
              217,
              49
            ],
            [
              219,
              51
            ],
            [
              220,
              51
            ],
            [
              222,
              49
            ],
            [
              223,
              49
            ],
            [
              224,
              48
            ],
            [
              224,
              47
            ],
            [
              223,
              46
            ],
            [
              222,
              46
            ],
            [
              221,
              45
            ]
          ]
        ]
      },
      "properties": {
        "objectType": "annotation",
        "classification": {
          "name": "Neoplastic",
          "color": [
            255,
            0,
            0
          ]
        },
        "isLocked": false,
        "measurements": []
      }
    },
    {
      "type": "Feature",
      "id": "PathAnnotationObject",
      "geometry": {
        "type": "Polygon",
        "coordinates": [
          [
            [
              196,
              47
            ],
            [
              198,
              49
            ],
            [
              198,
              51
            ],
            [
              199,
              52
            ],
            [
              203,
              52
            ],
            [
              204,
              51
            ],
            [
              204,
              49
            ],
            [
              202,
              47
            ],
            [
              200,
              47
            ],
            [
              199,
              46
            ],
            [
              199,
              45
            ],
            [
              197,
              47
            ],
            [
              196,
              47
            ]
          ]
        ]
      },
      "properties": {
        "objectType": "annotation",
        "classification": {
          "name": "Inflammatory",
          "color": [
            0,
            0,
            255
          ]
        },
        "isLocked": false,
        "measurements": []
      }
    },
    {
      "type": "Feature",
      "id": "PathAnnotationObject",
      "geometry": {
        "type": "Polygon",
        "coordinates": [
          [
            [
              237,
              45
            ],
            [
              234,
              48
            ],
            [
              234,
              49
            ],
            [
              233,
              50
            ],
            [
              233,
              51
            ],
            [
              234,
              51
            ],
            [
              235,
              52
            ],
            [
              236,
              52
            ],
            [
              237,
              53
            ],
            [
              237,
              54
            ],
            [
              241,
              54
            ],
            [
              241,
              53
            ],
            [
              243,
              51
            ],
            [
              243,
              49
            ],
            [
              242,
              48
            ],
            [
              242,
              46
            ],
            [
              241,
              45
            ],
            [
              237,
              45
            ]
          ]
        ]
      },
      "properties": {
        "objectType": "annotation",
        "classification": {
          "name": "Inflammatory",
          "color": [
            0,
            0,
            255
          ]
        },
        "isLocked": false,
        "measurements": []
      }
    },
    {
      "type": "Feature",
      "id": "PathAnnotationObject",
      "geometry": {
        "type": "Polygon",
        "coordinates": [
          [
            [
              255,
              47
            ],
            [
              253,
              47
            ],
            [
              252,
              46
            ],
            [
              251,
              47
            ],
            [
              247,
              47
            ],
            [
              246,
              48
            ],
            [
              246,
              50
            ],
            [
              245,
              51
            ],
            [
              246,
              51
            ],
            [
              248,
              53
            ],
            [
              249,
              53
            ],
            [
              250,
              54
            ],
            [
              254,
              54
            ],
            [
              255,
              53
            ],
            [
              255,
              47
            ]
          ]
        ]
      },
      "properties": {
        "objectType": "annotation",
        "classification": {
          "name": "Inflammatory",
          "color": [
            0,
            0,
            255
          ]
        },
        "isLocked": false,
        "measurements": []
      }
    },
    {
      "type": "Feature",
      "id": "PathAnnotationObject",
      "geometry": {
        "type": "Polygon",
        "coordinates": [
          [
            [
              207,
              48
            ],
            [
              206,
              49
            ],
            [
              206,
              50
            ],
            [
              204,
              52
            ],
            [
              204,
              53
            ],
            [
              205,
              52
            ],
            [
              206,
              53
            ],
            [
              206,
              54
            ],
            [
              205,
              55
            ],
            [
              205,
              56
            ],
            [
              206,
              57
            ],
            [
              206,
              59
            ],
            [
              208,
              61
            ],
            [
              211,
              61
            ],
            [
              212,
              60
            ],
            [
              212,
              58
            ],
            [
              213,
              57
            ],
            [
              213,
              52
            ],
            [
              214,
              51
            ],
            [
              214,
              50
            ],
            [
              213,
              49
            ],
            [
              213,
              48
            ],
            [
              207,
              48
            ]
          ]
        ]
      },
      "properties": {
        "objectType": "annotation",
        "classification": {
          "name": "Inflammatory",
          "color": [
            0,
            0,
            255
          ]
        },
        "isLocked": false,
        "measurements": []
      }
    },
    {
      "type": "Feature",
      "id": "PathAnnotationObject",
      "geometry": {
        "type": "Polygon",
        "coordinates": [
          [
            [
              14,
              52
            ],
            [
              14,
              56
            ],
            [
              18,
              60
            ],
            [
              18,
              61
            ],
            [
              19,
              61
            ],
            [
              20,
              62
            ],
            [
              21,
              62
            ],
            [
              22,
              61
            ],
            [
              22,
              60
            ],
            [
              23,
              59
            ],
            [
              23,
              55
            ],
            [
              22,
              54
            ],
            [
              22,
              53
            ],
            [
              21,
              52
            ],
            [
              20,
              52
            ],
            [
              19,
              51
            ],
            [
              16,
              51
            ],
            [
              15,
              52
            ],
            [
              14,
              52
            ]
          ]
        ]
      },
      "properties": {
        "objectType": "annotation",
        "classification": {
          "name": "Inflammatory",
          "color": [
            0,
            0,
            255
          ]
        },
        "isLocked": false,
        "measurements": []
      }
    },
    {
      "type": "Feature",
      "id": "PathAnnotationObject",
      "geometry": {
        "type": "Polygon",
        "coordinates": [
          [
            [
              33,
              49
            ],
            [
              32,
              50
            ],
            [
              32,
              52
            ],
            [
              31,
              53
            ],
            [
              31,
              56
            ],
            [
              33,
              58
            ],
            [
              33,
              59
            ],
            [
              35,
              59
            ],
            [
              37,
              57
            ],
            [
              37,
              52
            ],
            [
              36,
              52
            ],
            [
              35,
              51
            ],
            [
              35,
              50
            ],
            [
              34,
              49
            ],
            [
              33,
              49
            ]
          ]
        ]
      },
      "properties": {
        "objectType": "annotation",
        "classification": {
          "name": "Connective",
          "color": [
            0,
            255,
            0
          ]
        },
        "isLocked": false,
        "measurements": []
      }
    },
    {
      "type": "Feature",
      "id": "PathAnnotationObject",
      "geometry": {
        "type": "Polygon",
        "coordinates": [
          [
            [
              167,
              49
            ],
            [
              166,
              50
            ],
            [
              165,
              50
            ],
            [
              162,
              53
            ],
            [
              161,
              53
            ],
            [
              160,
              54
            ],
            [
              160,
              56
            ],
            [
              164,
              60
            ],
            [
              166,
              60
            ],
            [
              167,
              59
            ],
            [
              171,
              59
            ],
            [
              171,
              58
            ],
            [
              172,
              57
            ],
            [
              172,
              55
            ],
            [
              171,
              54
            ],
            [
              171,
              53
            ],
            [
              169,
              51
            ],
            [
              169,
              50
            ],
            [
              168,
              50
            ],
            [
              167,
              49
            ]
          ]
        ]
      },
      "properties": {
        "objectType": "annotation",
        "classification": {
          "name": "Inflammatory",
          "color": [
            0,
            0,
            255
          ]
        },
        "isLocked": false,
        "measurements": []
      }
    },
    {
      "type": "Feature",
      "id": "PathAnnotationObject",
      "geometry": {
        "type": "Polygon",
        "coordinates": [
          [
            [
              186,
              50
            ],
            [
              182,
              50
            ],
            [
              182,
              51
            ],
            [
              181,
              52
            ],
            [
              181,
              53
            ],
            [
              179,
              55
            ],
            [
              179,
              56
            ],
            [
              178,
              57
            ],
            [
              178,
              58
            ],
            [
              179,
              59
            ],
            [
              183,
              59
            ],
            [
              185,
              57
            ],
            [
              186,
              57
            ],
            [
              186,
              55
            ],
            [
              187,
              54
            ],
            [
              187,
              53
            ],
            [
              186,
              52
            ],
            [
              186,
              50
            ]
          ]
        ]
      },
      "properties": {
        "objectType": "annotation",
        "classification": {
          "name": "Connective",
          "color": [
            0,
            255,
            0
          ]
        },
        "isLocked": false,
        "measurements": []
      }
    },
    {
      "type": "Feature",
      "id": "PathAnnotationObject",
      "geometry": {
        "type": "Polygon",
        "coordinates": [
          [
            [
              58,
              51
            ],
            [
              56,
              53
            ],
            [
              55,
              53
            ],
            [
              55,
              54
            ],
            [
              54,
              55
            ],
            [
              53,
              55
            ],
            [
              53,
              59
            ],
            [
              58,
              63
            ],
            [
              59,
              63
            ],
            [
              60,
              64
            ],
            [
              63,
              64
            ],
            [
              64,
              63
            ],
            [
              64,
              55
            ],
            [
              62,
              52
            ],
            [
              61,
              52
            ],
            [
              60,
              51
            ],
            [
              58,
              51
            ]
          ]
        ]
      },
      "properties": {
        "objectType": "annotation",
        "classification": {
          "name": "Connective",
          "color": [
            0,
            255,
            0
          ]
        },
        "isLocked": false,
        "measurements": []
      }
    },
    {
      "type": "Feature",
      "id": "PathAnnotationObject",
      "geometry": {
        "type": "Polygon",
        "coordinates": [
          [
            [
              47,
              57
            ],
            [
              43,
              57
            ],
            [
              41,
              59
            ],
            [
              42,
              60
            ],
            [
              42,
              63
            ],
            [
              43,
              64
            ],
            [
              45,
              64
            ],
            [
              46,
              63
            ],
            [
              46,
              62
            ],
            [
              47,
              61
            ],
            [
              47,
              57
            ]
          ]
        ]
      },
      "properties": {
        "objectType": "annotation",
        "classification": {
          "name": "Inflammatory",
          "color": [
            0,
            0,
            255
          ]
        },
        "isLocked": false,
        "measurements": []
      }
    },
    {
      "type": "Feature",
      "id": "PathAnnotationObject",
      "geometry": {
        "type": "Polygon",
        "coordinates": [
          [
            [
              152,
              55
            ],
            [
              152,
              56
            ],
            [
              151,
              57
            ],
            [
              150,
              57
            ],
            [
              149,
              58
            ],
            [
              149,
              59
            ],
            [
              150,
              60
            ],
            [
              150,
              61
            ],
            [
              151,
              62
            ],
            [
              154,
              62
            ],
            [
              155,
              61
            ],
            [
              156,
              61
            ],
            [
              158,
              59
            ],
            [
              158,
              58
            ],
            [
              156,
              56
            ],
            [
              155,
              56
            ],
            [
              154,
              55
            ],
            [
              152,
              55
            ]
          ]
        ]
      },
      "properties": {
        "objectType": "annotation",
        "classification": {
          "name": "Inflammatory",
          "color": [
            0,
            0,
            255
          ]
        },
        "isLocked": false,
        "measurements": []
      }
    },
    {
      "type": "Feature",
      "id": "PathAnnotationObject",
      "geometry": {
        "type": "Polygon",
        "coordinates": [
          [
            [
              84,
              58
            ],
            [
              84,
              60
            ],
            [
              83,
              61
            ],
            [
              84,
              62
            ],
            [
              84,
              63
            ],
            [
              87,
              66
            ],
            [
              89,
              66
            ],
            [
              91,
              68
            ],
            [
              93,
              68
            ],
            [
              93,
              67
            ],
            [
              94,
              66
            ],
            [
              94,
              65
            ],
            [
              93,
              64
            ],
            [
              93,
              60
            ],
            [
              90,
              57
            ],
            [
              89,
              57
            ],
            [
              88,
              56
            ],
            [
              87,
              57
            ],
            [
              86,
              57
            ],
            [
              85,
              58
            ],
            [
              84,
              58
            ]
          ]
        ]
      },
      "properties": {
        "objectType": "annotation",
        "classification": {
          "name": "Inflammatory",
          "color": [
            0,
            0,
            255
          ]
        },
        "isLocked": false,
        "measurements": []
      }
    },
    {
      "type": "Feature",
      "id": "PathAnnotationObject",
      "geometry": {
        "type": "Polygon",
        "coordinates": [
          [
            [
              248,
              57
            ],
            [
              245,
              59
            ],
            [
              245,
              64
            ],
            [
              246,
              65
            ],
            [
              249,
              65
            ],
            [
              250,
              66
            ],
            [
              249,
              68
            ],
            [
              247,
              68
            ],
            [
              247,
              73
            ],
            [
              250,
              76
            ],
            [
              255,
              76
            ],
            [
              255,
              69
            ],
            [
              252,
              66
            ],
            [
              252,
              65
            ],
            [
              255,
              63
            ],
            [
              255,
              61
            ],
            [
              253,
              58
            ],
            [
              251,
              57
            ],
            [
              248,
              57
            ]
          ]
        ]
      },
      "properties": {
        "objectType": "annotation",
        "classification": {
          "name": "Inflammatory",
          "color": [
            0,
            0,
            255
          ]
        },
        "isLocked": false,
        "measurements": []
      }
    },
    {
      "type": "Feature",
      "id": "PathAnnotationObject",
      "geometry": {
        "type": "Polygon",
        "coordinates": [
          [
            [
              31,
              61
            ],
            [
              30,
              61
            ],
            [
              29,
              62
            ],
            [
              28,
              62
            ],
            [
              28,
              67
            ],
            [
              26,
              69
            ],
            [
              27,
              70
            ],
            [
              28,
              70
            ],
            [
              29,
              71
            ],
            [
              29,
              72
            ],
            [
              30,
              71
            ],
            [
              31,
              71
            ],
            [
              32,
              70
            ],
            [
              32,
              69
            ],
            [
              34,
              67
            ],
            [
              35,
              67
            ],
            [
              35,
              66
            ],
            [
              34,
              65
            ],
            [
              34,
              63
            ],
            [
              33,
              62
            ],
            [
              32,
              62
            ],
            [
              31,
              61
            ]
          ]
        ]
      },
      "properties": {
        "objectType": "annotation",
        "classification": {
          "name": "Inflammatory",
          "color": [
            0,
            0,
            255
          ]
        },
        "isLocked": false,
        "measurements": []
      }
    },
    {
      "type": "Feature",
      "id": "PathAnnotationObject",
      "geometry": {
        "type": "Polygon",
        "coordinates": [
          [
            [
              69,
              61
            ],
            [
              68,
              62
            ],
            [
              67,
              62
            ],
            [
              67,
              67
            ],
            [
              68,
              68
            ],
            [
              69,
              68
            ],
            [
              70,
              69
            ],
            [
              70,
              71
            ],
            [
              72,
              71
            ],
            [
              72,
              70
            ],
            [
              73,
              69
            ],
            [
              73,
              67
            ],
            [
              74,
              66
            ],
            [
              74,
              65
            ],
            [
              75,
              64
            ],
            [
              74,
              63
            ],
            [
              74,
              62
            ],
            [
              72,
              62
            ],
            [
              71,
              61
            ],
            [
              69,
              61
            ]
          ]
        ]
      },
      "properties": {
        "objectType": "annotation",
        "classification": {
          "name": "Inflammatory",
          "color": [
            0,
            0,
            255
          ]
        },
        "isLocked": false,
        "measurements": []
      }
    },
    {
      "type": "Feature",
      "id": "PathAnnotationObject",
      "geometry": {
        "type": "Polygon",
        "coordinates": [
          [
            [
              168,
              60
            ],
            [
              167,
              60
            ],
            [
              166,
              61
            ],
            [
              165,
              61
            ],
            [
              165,
              63
            ],
            [
              164,
              64
            ],
            [
              164,
              65
            ],
            [
              165,
              66
            ],
            [
              165,
              69
            ],
            [
              167,
              69
            ],
            [
              168,
              68
            ],
            [
              171,
              68
            ],
            [
              172,
              67
            ],
            [
              172,
              66
            ],
            [
              173,
              65
            ],
            [
              172,
              65
            ],
            [
              171,
              64
            ],
            [
              171,
              63
            ],
            [
              170,
              62
            ],
            [
              168,
              62
            ],
            [
              167,
              61
            ],
            [
              168,
              60
            ]
          ]
        ]
      },
      "properties": {
        "objectType": "annotation",
        "classification": {
          "name": "Inflammatory",
          "color": [
            0,
            0,
            255
          ]
        },
        "isLocked": false,
        "measurements": []
      }
    },
    {
      "type": "Feature",
      "id": "PathAnnotationObject",
      "geometry": {
        "type": "Polygon",
        "coordinates": [
          [
            [
              186,
              58
            ],
            [
              186,
              59
            ],
            [
              185,
              60
            ],
            [
              184,
              60
            ],
            [
              184,
              61
            ],
            [
              183,
              62
            ],
            [
              182,
              62
            ],
            [
              182,
              63
            ],
            [
              181,
              64
            ],
            [
              181,
              67
            ],
            [
              183,
              69
            ],
            [
              184,
              69
            ],
            [
              185,
              70
            ],
            [
              189,
              70
            ],
            [
              190,
              69
            ],
            [
              191,
              69
            ],
            [
              191,
              68
            ],
            [
              192,
              67
            ],
            [
              193,
              64
            ],
            [
              192,
              63
            ],
            [
              192,
              62
            ],
            [
              189,
              59
            ],
            [
              187,
              59
            ],
            [
              186,
              58
            ]
          ]
        ]
      },
      "properties": {
        "objectType": "annotation",
        "classification": {
          "name": "Inflammatory",
          "color": [
            0,
            0,
            255
          ]
        },
        "isLocked": false,
        "measurements": []
      }
    },
    {
      "type": "Feature",
      "id": "PathAnnotationObject",
      "geometry": {
        "type": "Polygon",
        "coordinates": [
          [
            [
              53,
              62
            ],
            [
              49,
              62
            ],
            [
              47,
              64
            ],
            [
              46,
              64
            ],
            [
              45,
              65
            ],
            [
              45,
              66
            ],
            [
              46,
              67
            ],
            [
              46,
              68
            ],
            [
              47,
              69
            ],
            [
              47,
              71
            ],
            [
              51,
              71
            ],
            [
              52,
              70
            ],
            [
              52,
              69
            ],
            [
              53,
              68
            ],
            [
              54,
              68
            ],
            [
              54,
              63
            ],
            [
              53,
              62
            ]
          ]
        ]
      },
      "properties": {
        "objectType": "annotation",
        "classification": {
          "name": "Inflammatory",
          "color": [
            0,
            0,
            255
          ]
        },
        "isLocked": false,
        "measurements": []
      }
    },
    {
      "type": "Feature",
      "id": "PathAnnotationObject",
      "geometry": {
        "type": "Polygon",
        "coordinates": [
          [
            [
              246,
              66
            ],
            [
              244,
              64
            ],
            [
              244,
              62
            ],
            [
              243,
              63
            ],
            [
              242,
              62
            ],
            [
              237,
              62
            ],
            [
              237,
              65
            ],
            [
              236,
              66
            ],
            [
              235,
              66
            ],
            [
              233,
              64
            ],
            [
              230,
              64
            ],
            [
              226,
              67
            ],
            [
              226,
              69
            ],
            [
              236,
              69
            ],
            [
              237,
              70
            ],
            [
              241,
              70
            ],
            [
              242,
              71
            ],
            [
              244,
              69
            ],
            [
              246,
              69
            ],
            [
              246,
              66
            ]
          ]
        ]
      },
      "properties": {
        "objectType": "annotation",
        "classification": {
          "name": "Connective",
          "color": [
            0,
            255,
            0
          ]
        },
        "isLocked": false,
        "measurements": []
      }
    },
    {
      "type": "Feature",
      "id": "PathAnnotationObject",
      "geometry": {
        "type": "Polygon",
        "coordinates": [
          [
            [
              158,
              62
            ],
            [
              157,
              63
            ],
            [
              157,
              64
            ],
            [
              156,
              65
            ],
            [
              156,
              66
            ],
            [
              157,
              67
            ],
            [
              157,
              68
            ],
            [
              158,
              69
            ],
            [
              157,
              70
            ],
            [
              157,
              71
            ],
            [
              163,
              71
            ],
            [
              163,
              70
            ],
            [
              164,
              69
            ],
            [
              164,
              66
            ],
            [
              163,
              65
            ],
            [
              163,
              63
            ],
            [
              161,
              63
            ],
            [
              160,
              62
            ],
            [
              158,
              62
            ]
          ]
        ]
      },
      "properties": {
        "objectType": "annotation",
        "classification": {
          "name": "Inflammatory",
          "color": [
            0,
            0,
            255
          ]
        },
        "isLocked": false,
        "measurements": []
      }
    },
    {
      "type": "Feature",
      "id": "PathAnnotationObject",
      "geometry": {
        "type": "Polygon",
        "coordinates": [
          [
            [
              76,
              64
            ],
            [
              75,
              65
            ],
            [
              75,
              66
            ],
            [
              74,
              67
            ],
            [
              74,
              69
            ],
            [
              73,
              70
            ],
            [
              74,
              71
            ],
            [
              78,
              71
            ],
            [
              79,
              72
            ],
            [
              80,
              71
            ],
            [
              81,
              71
            ],
            [
              81,
              69
            ],
            [
              82,
              68
            ],
            [
              82,
              65
            ],
            [
              80,
              65
            ],
            [
              79,
              64
            ],
            [
              76,
              64
            ]
          ]
        ]
      },
      "properties": {
        "objectType": "annotation",
        "classification": {
          "name": "Inflammatory",
          "color": [
            0,
            0,
            255
          ]
        },
        "isLocked": false,
        "measurements": []
      }
    },
    {
      "type": "Feature",
      "id": "PathAnnotationObject",
      "geometry": {
        "type": "Polygon",
        "coordinates": [
          [
            [
              193,
              66
            ],
            [
              193,
              68
            ],
            [
              194,
              69
            ],
            [
              194,
              71
            ],
            [
              196,
              73
            ],
            [
              200,
              73
            ],
            [
              202,
              71
            ],
            [
              202,
              70
            ],
            [
              203,
              69
            ],
            [
              202,
              68
            ],
            [
              202,
              65
            ],
            [
              201,
              65
            ],
            [
              200,
              64
            ],
            [
              196,
              64
            ],
            [
              194,
              66
            ],
            [
              193,
              66
            ]
          ]
        ]
      },
      "properties": {
        "objectType": "annotation",
        "classification": {
          "name": "Inflammatory",
          "color": [
            0,
            0,
            255
          ]
        },
        "isLocked": false,
        "measurements": []
      }
    },
    {
      "type": "Feature",
      "id": "PathAnnotationObject",
      "geometry": {
        "type": "Polygon",
        "coordinates": [
          [
            [
              226,
              70
            ],
            [
              226,
              72
            ],
            [
              227,
              73
            ],
            [
              227,
              74
            ],
            [
              230,
              77
            ],
            [
              233,
              77
            ],
            [
              236,
              74
            ],
            [
              236,
              72
            ],
            [
              237,
              71
            ],
            [
              236,
              70
            ],
            [
              226,
              70
            ]
          ]
        ]
      },
      "properties": {
        "objectType": "annotation",
        "classification": {
          "name": "Neoplastic",
          "color": [
            255,
            0,
            0
          ]
        },
        "isLocked": false,
        "measurements": []
      }
    },
    {
      "type": "Feature",
      "id": "PathAnnotationObject",
      "geometry": {
        "type": "Polygon",
        "coordinates": [
          [
            [
              8,
              67
            ],
            [
              8,
              68
            ],
            [
              7,
              69
            ],
            [
              7,
              71
            ],
            [
              8,
              72
            ],
            [
              8,
              74
            ],
            [
              11,
              74
            ],
            [
              12,
              73
            ],
            [
              12,
              72
            ],
            [
              13,
              71
            ],
            [
              13,
              69
            ],
            [
              12,
              68
            ],
            [
              11,
              68
            ],
            [
              10,
              67
            ],
            [
              8,
              67
            ]
          ]
        ]
      },
      "properties": {
        "objectType": "annotation",
        "classification": {
          "name": "Inflammatory",
          "color": [
            0,
            0,
            255
          ]
        },
        "isLocked": false,
        "measurements": []
      }
    },
    {
      "type": "Feature",
      "id": "PathAnnotationObject",
      "geometry": {
        "type": "Polygon",
        "coordinates": [
          [
            [
              134,
              67
            ],
            [
              134,
              68
            ],
            [
              133,
              69
            ],
            [
              133,
              76
            ],
            [
              135,
              78
            ],
            [
              135,
              80
            ],
            [
              136,
              81
            ],
            [
              137,
              81
            ],
            [
              139,
              83
            ],
            [
              145,
              79
            ],
            [
              144,
              78
            ],
            [
              144,
              73
            ],
            [
              142,
              71
            ],
            [
              142,
              70
            ],
            [
              141,
              69
            ],
            [
              138,
              69
            ],
            [
              137,
              68
            ],
            [
              137,
              67
            ],
            [
              134,
              67
            ]
          ]
        ]
      },
      "properties": {
        "objectType": "annotation",
        "classification": {
          "name": "Connective",
          "color": [
            0,
            255,
            0
          ]
        },
        "isLocked": false,
        "measurements": []
      }
    },
    {
      "type": "Feature",
      "id": "PathAnnotationObject",
      "geometry": {
        "type": "Polygon",
        "coordinates": [
          [
            [
              24,
              66
            ],
            [
              22,
              66
            ],
            [
              21,
              67
            ],
            [
              21,
              69
            ],
            [
              20,
              70
            ],
            [
              18,
              70
            ],
            [
              14,
              74
            ],
            [
              14,
              80
            ],
            [
              17,
              81
            ],
            [
              18,
              82
            ],
            [
              18,
              83
            ],
            [
              22,
              83
            ],
            [
              24,
              81
            ],
            [
              25,
              81
            ],
            [
              25,
              80
            ],
            [
              26,
              79
            ],
            [
              26,
              78
            ],
            [
              25,
              77
            ],
            [
              26,
              76
            ],
            [
              26,
              75
            ],
            [
              27,
              74
            ],
            [
              28,
              74
            ],
            [
              28,
              71
            ],
            [
              27,
              71
            ],
            [
              25,
              69
            ],
            [
              25,
              67
            ],
            [
              24,
              66
            ]
          ]
        ]
      },
      "properties": {
        "objectType": "annotation",
        "classification": {
          "name": "Connective",
          "color": [
            0,
            255,
            0
          ]
        },
        "isLocked": false,
        "measurements": []
      }
    },
    {
      "type": "Feature",
      "id": "PathAnnotationObject",
      "geometry": {
        "type": "Polygon",
        "coordinates": [
          [
            [
              30,
              72
            ],
            [
              29,
              73
            ],
            [
              29,
              74
            ],
            [
              28,
              75
            ],
            [
              27,
              75
            ],
            [
              28,
              76
            ],
            [
              28,
              79
            ],
            [
              30,
              81
            ],
            [
              35,
              81
            ],
            [
              36,
              80
            ],
            [
              36,
              78
            ],
            [
              37,
              77
            ],
            [
              37,
              76
            ],
            [
              34,
              73
            ],
            [
              32,
              73
            ],
            [
              31,
              72
            ],
            [
              30,
              72
            ]
          ]
        ]
      },
      "properties": {
        "objectType": "annotation",
        "classification": {
          "name": "Inflammatory",
          "color": [
            0,
            0,
            255
          ]
        },
        "isLocked": false,
        "measurements": []
      }
    },
    {
      "type": "Feature",
      "id": "PathAnnotationObject",
      "geometry": {
        "type": "Polygon",
        "coordinates": [
          [
            [
              169,
              72
            ],
            [
              168,
              72
            ],
            [
              167,
              71
            ],
            [
              166,
              72
            ],
            [
              165,
              72
            ],
            [
              165,
              73
            ],
            [
              163,
              75
            ],
            [
              163,
              81
            ],
            [
              169,
              81
            ],
            [
              170,
              80
            ],
            [
              171,
              80
            ],
            [
              171,
              75
            ],
            [
              169,
              73
            ],
            [
              169,
              72
            ]
          ]
        ]
      },
      "properties": {
        "objectType": "annotation",
        "classification": {
          "name": "Inflammatory",
          "color": [
            0,
            0,
            255
          ]
        },
        "isLocked": false,
        "measurements": []
      }
    },
    {
      "type": "Feature",
      "id": "PathAnnotationObject",
      "geometry": {
        "type": "Polygon",
        "coordinates": [
          [
            [
              85,
              75
            ],
            [
              84,
              76
            ],
            [
              84,
              81
            ],
            [
              86,
              83
            ],
            [
              88,
              83
            ],
            [
              89,
              82
            ],
            [
              90,
              82
            ],
            [
              92,
              80
            ],
            [
              92,
              77
            ],
            [
              91,
              76
            ],
            [
              91,
              75
            ],
            [
              85,
              75
            ]
          ]
        ]
      },
      "properties": {
        "objectType": "annotation",
        "classification": {
          "name": "Inflammatory",
          "color": [
            0,
            0,
            255
          ]
        },
        "isLocked": false,
        "measurements": []
      }
    },
    {
      "type": "Feature",
      "id": "PathAnnotationObject",
      "geometry": {
        "type": "Polygon",
        "coordinates": [
          [
            [
              109,
              74
            ],
            [
              108,
              75
            ],
            [
              104,
              75
            ],
            [
              102,
              77
            ],
            [
              101,
              77
            ],
            [
              101,
              78
            ],
            [
              100,
              79
            ],
            [
              101,
              80
            ],
            [
              101,
              81
            ],
            [
              103,
              81
            ],
            [
              104,
              82
            ],
            [
              104,
              83
            ],
            [
              107,
              83
            ],
            [
              107,
              82
            ],
            [
              108,
              81
            ],
            [
              108,
              78
            ],
            [
              109,
              77
            ],
            [
              109,
              74
            ]
          ]
        ]
      },
      "properties": {
        "objectType": "annotation",
        "classification": {
          "name": "Inflammatory",
          "color": [
            0,
            0,
            255
          ]
        },
        "isLocked": false,
        "measurements": []
      }
    },
    {
      "type": "Feature",
      "id": "PathAnnotationObject",
      "geometry": {
        "type": "Polygon",
        "coordinates": [
          [
            [
              38,
              76
            ],
            [
              38,
              77
            ],
            [
              37,
              78
            ],
            [
              37,
              81
            ],
            [
              38,
              81
            ],
            [
              40,
              83
            ],
            [
              42,
              83
            ],
            [
              43,
              84
            ],
            [
              43,
              85
            ],
            [
              46,
              85
            ],
            [
              46,
              77
            ],
            [
              45,
              77
            ],
            [
              43,
              75
            ],
            [
              42,
              76
            ],
            [
              38,
              76
            ]
          ]
        ]
      },
      "properties": {
        "objectType": "annotation",
        "classification": {
          "name": "Inflammatory",
          "color": [
            0,
            0,
            255
          ]
        },
        "isLocked": false,
        "measurements": []
      }
    },
    {
      "type": "Feature",
      "id": "PathAnnotationObject",
      "geometry": {
        "type": "Polygon",
        "coordinates": [
          [
            [
              111,
              74
            ],
            [
              110,
              75
            ],
            [
              110,
              77
            ],
            [
              109,
              78
            ],
            [
              109,
              81
            ],
            [
              111,
              83
            ],
            [
              115,
              83
            ],
            [
              117,
              81
            ],
            [
              117,
              77
            ],
            [
              115,
              75
            ],
            [
              114,
              75
            ],
            [
              113,
              74
            ],
            [
              111,
              74
            ]
          ]
        ]
      },
      "properties": {
        "objectType": "annotation",
        "classification": {
          "name": "Inflammatory",
          "color": [
            0,
            0,
            255
          ]
        },
        "isLocked": false,
        "measurements": []
      }
    },
    {
      "type": "Feature",
      "id": "PathAnnotationObject",
      "geometry": {
        "type": "Polygon",
        "coordinates": [
          [
            [
              64,
              77
            ],
            [
              62,
              79
            ],
            [
              62,
              80
            ],
            [
              66,
              84
            ],
            [
              67,
              83
            ],
            [
              68,
              83
            ],
            [
              68,
              82
            ],
            [
              69,
              81
            ],
            [
              69,
              78
            ],
            [
              67,
              78
            ],
            [
              66,
              77
            ],
            [
              64,
              77
            ]
          ]
        ]
      },
      "properties": {
        "objectType": "annotation",
        "classification": {
          "name": "Inflammatory",
          "color": [
            0,
            0,
            255
          ]
        },
        "isLocked": false,
        "measurements": []
      }
    },
    {
      "type": "Feature",
      "id": "PathAnnotationObject",
      "geometry": {
        "type": "Polygon",
        "coordinates": [
          [
            [
              72,
              75
            ],
            [
              72,
              76
            ],
            [
              71,
              77
            ],
            [
              70,
              77
            ],
            [
              70,
              83
            ],
            [
              73,
              83
            ],
            [
              74,
              84
            ],
            [
              75,
              83
            ],
            [
              76,
              83
            ],
            [
              76,
              82
            ],
            [
              77,
              81
            ],
            [
              79,
              81
            ],
            [
              78,
              80
            ],
            [
              78,
              79
            ],
            [
              77,
              78
            ],
            [
              77,
              77
            ],
            [
              76,
              77
            ],
            [
              74,
              75
            ],
            [
              72,
              75
            ]
          ]
        ]
      },
      "properties": {
        "objectType": "annotation",
        "classification": {
          "name": "Inflammatory",
          "color": [
            0,
            0,
            255
          ]
        },
        "isLocked": false,
        "measurements": []
      }
    },
    {
      "type": "Feature",
      "id": "PathAnnotationObject",
      "geometry": {
        "type": "Polygon",
        "coordinates": [
          [
            [
              184,
              74
            ],
            [
              183,
              75
            ],
            [
              182,
              74
            ],
            [
              181,
              75
            ],
            [
              180,
              75
            ],
            [
              179,
              76
            ],
            [
              179,
              81
            ],
            [
              180,
              81
            ],
            [
              183,
              84
            ],
            [
              184,
              83
            ],
            [
              186,
              83
            ],
            [
              186,
              76
            ],
            [
              184,
              74
            ]
          ]
        ]
      },
      "properties": {
        "objectType": "annotation",
        "classification": {
          "name": "Inflammatory",
          "color": [
            0,
            0,
            255
          ]
        },
        "isLocked": false,
        "measurements": []
      }
    },
    {
      "type": "Feature",
      "id": "PathAnnotationObject",
      "geometry": {
        "type": "Polygon",
        "coordinates": [
          [
            [
              52,
              81
            ],
            [
              52,
              86
            ],
            [
              53,
              87
            ],
            [
              53,
              88
            ],
            [
              57,
              88
            ],
            [
              58,
              89
            ],
            [
              60,
              89
            ],
            [
              63,
              86
            ],
            [
              62,
              85
            ],
            [
              62,
              84
            ],
            [
              61,
              83
            ],
            [
              61,
              82
            ],
            [
              60,
              82
            ],
            [
              59,
              81
            ],
            [
              57,
              81
            ],
            [
              56,
              80
            ],
            [
              55,
              80
            ],
            [
              54,
              81
            ],
            [
              52,
              81
            ]
          ]
        ]
      },
      "properties": {
        "objectType": "annotation",
        "classification": {
          "name": "Connective",
          "color": [
            0,
            255,
            0
          ]
        },
        "isLocked": false,
        "measurements": []
      }
    },
    {
      "type": "Feature",
      "id": "PathAnnotationObject",
      "geometry": {
        "type": "Polygon",
        "coordinates": [
          [
            [
              188,
              82
            ],
            [
              188,
              85
            ],
            [
              190,
              87
            ],
            [
              190,
              88
            ],
            [
              192,
              90
            ],
            [
              193,
              90
            ],
            [
              194,
              89
            ],
            [
              197,
              89
            ],
            [
              198,
              88
            ],
            [
              198,
              82
            ],
            [
              197,
              81
            ],
            [
              196,
              81
            ],
            [
              195,
              80
            ],
            [
              192,
              80
            ],
            [
              191,
              81
            ],
            [
              190,
              81
            ],
            [
              189,
              82
            ],
            [
              188,
              82
            ]
          ]
        ]
      },
      "properties": {
        "objectType": "annotation",
        "classification": {
          "name": "Inflammatory",
          "color": [
            0,
            0,
            255
          ]
        },
        "isLocked": false,
        "measurements": []
      }
    },
    {
      "type": "Feature",
      "id": "PathAnnotationObject",
      "geometry": {
        "type": "Polygon",
        "coordinates": [
          [
            [
              92,
              81
            ],
            [
              90,
              83
            ],
            [
              89,
              83
            ],
            [
              88,
              84
            ],
            [
              87,
              84
            ],
            [
              89,
              86
            ],
            [
              89,
              87
            ],
            [
              90,
              88
            ],
            [
              90,
              89
            ],
            [
              91,
              89
            ],
            [
              92,
              90
            ],
            [
              92,
              91
            ],
            [
              94,
              91
            ],
            [
              95,
              90
            ],
            [
              95,
              89
            ],
            [
              96,
              88
            ],
            [
              96,
              85
            ],
            [
              97,
              84
            ],
            [
              96,
              83
            ],
            [
              96,
              82
            ],
            [
              93,
              82
            ],
            [
              92,
              81
            ]
          ]
        ]
      },
      "properties": {
        "objectType": "annotation",
        "classification": {
          "name": "Inflammatory",
          "color": [
            0,
            0,
            255
          ]
        },
        "isLocked": false,
        "measurements": []
      }
    },
    {
      "type": "Feature",
      "id": "PathAnnotationObject",
      "geometry": {
        "type": "Polygon",
        "coordinates": [
          [
            [
              180,
              82
            ],
            [
              176,
              82
            ],
            [
              174,
              84
            ],
            [
              174,
              87
            ],
            [
              175,
              88
            ],
            [
              175,
              91
            ],
            [
              178,
              91
            ],
            [
              179,
              90
            ],
            [
              180,
              90
            ],
            [
              181,
              89
            ],
            [
              182,
              89
            ],
            [
              183,
              88
            ],
            [
              183,
              85
            ],
            [
              180,
              82
            ]
          ]
        ]
      },
      "properties": {
        "objectType": "annotation",
        "classification": {
          "name": "Neoplastic",
          "color": [
            255,
            0,
            0
          ]
        },
        "isLocked": false,
        "measurements": []
      }
    },
    {
      "type": "Feature",
      "id": "PathAnnotationObject",
      "geometry": {
        "type": "Polygon",
        "coordinates": [
          [
            [
              21,
              86
            ],
            [
              23,
              86
            ],
            [
              24,
              87
            ],
            [
              24,
              88
            ],
            [
              25,
              89
            ],
            [
              25,
              90
            ],
            [
              26,
              91
            ],
            [
              30,
              91
            ],
            [
              32,
              89
            ],
            [
              31,
              89
            ],
            [
              30,
              88
            ],
            [
              30,
              85
            ],
            [
              28,
              83
            ],
            [
              25,
              83
            ],
            [
              25,
              84
            ],
            [
              23,
              86
            ],
            [
              21,
              86
            ]
          ]
        ]
      },
      "properties": {
        "objectType": "annotation",
        "classification": {
          "name": "Inflammatory",
          "color": [
            0,
            0,
            255
          ]
        },
        "isLocked": false,
        "measurements": []
      }
    },
    {
      "type": "Feature",
      "id": "PathAnnotationObject",
      "geometry": {
        "type": "Polygon",
        "coordinates": [
          [
            [
              77,
              82
            ],
            [
              77,
              83
            ],
            [
              76,
              84
            ],
            [
              75,
              84
            ],
            [
              74,
              85
            ],
            [
              74,
              91
            ],
            [
              81,
              91
            ],
            [
              81,
              89
            ],
            [
              82,
              88
            ],
            [
              82,
              87
            ],
            [
              83,
              86
            ],
            [
              82,
              86
            ],
            [
              81,
              85
            ],
            [
              81,
              84
            ],
            [
              80,
              83
            ],
            [
              80,
              82
            ],
            [
              77,
              82
            ]
          ]
        ]
      },
      "properties": {
        "objectType": "annotation",
        "classification": {
          "name": "Inflammatory",
          "color": [
            0,
            0,
            255
          ]
        },
        "isLocked": false,
        "measurements": []
      }
    },
    {
      "type": "Feature",
      "id": "PathAnnotationObject",
      "geometry": {
        "type": "Polygon",
        "coordinates": [
          [
            [
              162,
              82
            ],
            [
              162,
              86
            ],
            [
              164,
              88
            ],
            [
              164,
              89
            ],
            [
              165,
              90
            ],
            [
              165,
              91
            ],
            [
              167,
              93
            ],
            [
              169,
              93
            ],
            [
              171,
              91
            ],
            [
              171,
              89
            ],
            [
              173,
              87
            ],
            [
              173,
              86
            ],
            [
              172,
              86
            ],
            [
              169,
              83
            ],
            [
              169,
              82
            ],
            [
              162,
              82
            ]
          ]
        ]
      },
      "properties": {
        "objectType": "annotation",
        "classification": {
          "name": "Inflammatory",
          "color": [
            0,
            0,
            255
          ]
        },
        "isLocked": false,
        "measurements": []
      }
    },
    {
      "type": "Feature",
      "id": "PathAnnotationObject",
      "geometry": {
        "type": "Polygon",
        "coordinates": [
          [
            [
              204,
              81
            ],
            [
              203,
              82
            ],
            [
              203,
              83
            ],
            [
              201,
              85
            ],
            [
              201,
              88
            ],
            [
              202,
              89
            ],
            [
              202,
              90
            ],
            [
              203,
              91
            ],
            [
              208,
              91
            ],
            [
              209,
              90
            ],
            [
              210,
              90
            ],
            [
              210,
              85
            ],
            [
              207,
              82
            ],
            [
              206,
              82
            ],
            [
              205,
              81
            ],
            [
              204,
              81
            ]
          ]
        ]
      },
      "properties": {
        "objectType": "annotation",
        "classification": {
          "name": "Neoplastic",
          "color": [
            255,
            0,
            0
          ]
        },
        "isLocked": false,
        "measurements": []
      }
    },
    {
      "type": "Feature",
      "id": "PathAnnotationObject",
      "geometry": {
        "type": "Polygon",
        "coordinates": [
          [
            [
              108,
              84
            ],
            [
              104,
              84
            ],
            [
              101,
              87
            ],
            [
              101,
              88
            ],
            [
              99,
              91
            ],
            [
              99,
              93
            ],
            [
              100,
              94
            ],
            [
              100,
              95
            ],
            [
              101,
              95
            ],
            [
              102,
              96
            ],
            [
              103,
              96
            ],
            [
              104,
              95
            ],
            [
              105,
              95
            ],
            [
              110,
              90
            ],
            [
              110,
              86
            ],
            [
              108,
              84
            ]
          ]
        ]
      },
      "properties": {
        "objectType": "annotation",
        "classification": {
          "name": "Connective",
          "color": [
            0,
            255,
            0
          ]
        },
        "isLocked": false,
        "measurements": []
      }
    },
    {
      "type": "Feature",
      "id": "PathAnnotationObject",
      "geometry": {
        "type": "Polygon",
        "coordinates": [
          [
            [
              145,
              80
            ],
            [
              144,
              81
            ],
            [
              143,
              81
            ],
            [
              141,
              83
            ],
            [
              140,
              83
            ],
            [
              140,
              87
            ],
            [
              139,
              88
            ],
            [
              139,
              90
            ],
            [
              143,
              94
            ],
            [
              146,
              94
            ],
            [
              151,
              89
            ],
            [
              148,
              86
            ],
            [
              148,
              85
            ],
            [
              146,
              83
            ],
            [
              145,
              80
            ]
          ]
        ]
      },
      "properties": {
        "objectType": "annotation",
        "classification": {
          "name": "Connective",
          "color": [
            0,
            255,
            0
          ]
        },
        "isLocked": false,
        "measurements": []
      }
    },
    {
      "type": "Feature",
      "id": "PathAnnotationObject",
      "geometry": {
        "type": "Polygon",
        "coordinates": [
          [
            [
              34,
              90
            ],
            [
              35,
              91
            ],
            [
              35,
              93
            ],
            [
              36,
              94
            ],
            [
              36,
              95
            ],
            [
              40,
              95
            ],
            [
              42,
              93
            ],
            [
              42,
              92
            ],
            [
              43,
              91
            ],
            [
              46,
              90
            ],
            [
              48,
              88
            ],
            [
              48,
              87
            ],
            [
              47,
              86
            ],
            [
              43,
              86
            ],
            [
              42,
              85
            ],
            [
              38,
              85
            ],
            [
              37,
              86
            ],
            [
              35,
              86
            ],
            [
              34,
              87
            ],
            [
              34,
              90
            ]
          ]
        ]
      },
      "properties": {
        "objectType": "annotation",
        "classification": {
          "name": "Inflammatory",
          "color": [
            0,
            0,
            255
          ]
        },
        "isLocked": false,
        "measurements": []
      }
    },
    {
      "type": "Feature",
      "id": "PathAnnotationObject",
      "geometry": {
        "type": "Polygon",
        "coordinates": [
          [
            [
              125,
              86
            ],
            [
              120,
              86
            ],
            [
              119,
              87
            ],
            [
              118,
              87
            ],
            [
              118,
              91
            ],
            [
              117,
              92
            ],
            [
              114,
              92
            ],
            [
              112,
              94
            ],
            [
              114,
              96
            ],
            [
              116,
              96
            ],
            [
              118,
              98
            ],
            [
              120,
              98
            ],
            [
              120,
              97
            ],
            [
              121,
              96
            ],
            [
              120,
              95
            ],
            [
              122,
              93
            ],
            [
              125,
              93
            ],
            [
              127,
              90
            ],
            [
              127,
              89
            ],
            [
              125,
              86
            ]
          ]
        ]
      },
      "properties": {
        "objectType": "annotation",
        "classification": {
          "name": "Inflammatory",
          "color": [
            0,
            0,
            255
          ]
        },
        "isLocked": false,
        "measurements": []
      }
    },
    {
      "type": "Feature",
      "id": "PathAnnotationObject",
      "geometry": {
        "type": "Polygon",
        "coordinates": [
          [
            [
              15,
              86
            ],
            [
              14,
              87
            ],
            [
              14,
              88
            ],
            [
              13,
              89
            ],
            [
              13,
              91
            ],
            [
              14,
              92
            ],
            [
              14,
              93
            ],
            [
              15,
              93
            ],
            [
              16,
              94
            ],
            [
              16,
              95
            ],
            [
              18,
              95
            ],
            [
              18,
              94
            ],
            [
              21,
              91
            ],
            [
              21,
              89
            ],
            [
              22,
              88
            ],
            [
              22,
              87
            ],
            [
              21,
              87
            ],
            [
              20,
              86
            ],
            [
              15,
              86
            ]
          ]
        ]
      },
      "properties": {
        "objectType": "annotation",
        "classification": {
          "name": "Neoplastic",
          "color": [
            255,
            0,
            0
          ]
        },
        "isLocked": false,
        "measurements": []
      }
    },
    {
      "type": "Feature",
      "id": "PathAnnotationObject",
      "geometry": {
        "type": "Polygon",
        "coordinates": [
          [
            [
              84,
              86
            ],
            [
              83,
              87
            ],
            [
              83,
              88
            ],
            [
              82,
              89
            ],
            [
              82,
              91
            ],
            [
              84,
              93
            ],
            [
              89,
              93
            ],
            [
              91,
              91
            ],
            [
              91,
              90
            ],
            [
              90,
              90
            ],
            [
              89,
              89
            ],
            [
              89,
              88
            ],
            [
              88,
              87
            ],
            [
              86,
              87
            ],
            [
              85,
              86
            ],
            [
              84,
              86
            ]
          ]
        ]
      },
      "properties": {
        "objectType": "annotation",
        "classification": {
          "name": "Inflammatory",
          "color": [
            0,
            0,
            255
          ]
        },
        "isLocked": false,
        "measurements": []
      }
    },
    {
      "type": "Feature",
      "id": "PathAnnotationObject",
      "geometry": {
        "type": "Polygon",
        "coordinates": [
          [
            [
              232,
              87
            ],
            [
              228,
              84
            ],
            [
              221,
              86
            ],
            [
              218,
              91
            ],
            [
              215,
              91
            ],
            [
              213,
              94
            ],
            [
              213,
              97
            ],
            [
              214,
              98
            ],
            [
              219,
              98
            ],
            [
              220,
              96
            ],
            [
              222,
              98
            ],
            [
              222,
              101
            ],
            [
              223,
              102
            ],
            [
              229,
              102
            ],
            [
              230,
              100
            ],
            [
              228,
              99
            ],
            [
              227,
              97
            ],
            [
              232,
              90
            ],
            [
              232,
              87
            ]
          ]
        ]
      },
      "properties": {
        "objectType": "annotation",
        "classification": {
          "name": "Inflammatory",
          "color": [
            0,
            0,
            255
          ]
        },
        "isLocked": false,
        "measurements": []
      }
    },
    {
      "type": "Feature",
      "id": "PathAnnotationObject",
      "geometry": {
        "type": "Polygon",
        "coordinates": [
          [
            [
              151,
              84
            ],
            [
              150,
              85
            ],
            [
              150,
              87
            ],
            [
              152,
              89
            ],
            [
              152,
              91
            ],
            [
              153,
              92
            ],
            [
              153,
              96
            ],
            [
              155,
              98
            ],
            [
              155,
              99
            ],
            [
              157,
              101
            ],
            [
              157,
              102
            ],
            [
              158,
              102
            ],
            [
              159,
              103
            ],
            [
              160,
              102
            ],
            [
              161,
              102
            ],
            [
              161,
              100
            ],
            [
              162,
              99
            ],
            [
              162,
              97
            ],
            [
              163,
              96
            ],
            [
              163,
              95
            ],
            [
              162,
              94
            ],
            [
              162,
              92
            ],
            [
              155,
              84
            ],
            [
              151,
              84
            ]
          ]
        ]
      },
      "properties": {
        "objectType": "annotation",
        "classification": {
          "name": "Connective",
          "color": [
            0,
            255,
            0
          ]
        },
        "isLocked": false,
        "measurements": []
      }
    },
    {
      "type": "Feature",
      "id": "PathAnnotationObject",
      "geometry": {
        "type": "Polygon",
        "coordinates": [
          [
            [
              53,
              91
            ],
            [
              52,
              92
            ],
            [
              52,
              96
            ],
            [
              53,
              97
            ],
            [
              53,
              98
            ],
            [
              54,
              98
            ],
            [
              55,
              99
            ],
            [
              55,
              100
            ],
            [
              56,
              100
            ],
            [
              57,
              101
            ],
            [
              57,
              102
            ],
            [
              60,
              102
            ],
            [
              61,
              101
            ],
            [
              61,
              100
            ],
            [
              63,
              98
            ],
            [
              63,
              97
            ],
            [
              61,
              95
            ],
            [
              61,
              94
            ],
            [
              59,
              92
            ],
            [
              58,
              92
            ],
            [
              57,
              91
            ],
            [
              53,
              91
            ]
          ]
        ]
      },
      "properties": {
        "objectType": "annotation",
        "classification": {
          "name": "Connective",
          "color": [
            0,
            255,
            0
          ]
        },
        "isLocked": false,
        "measurements": []
      }
    },
    {
      "type": "Feature",
      "id": "PathAnnotationObject",
      "geometry": {
        "type": "Polygon",
        "coordinates": [
          [
            [
              174,
              93
            ],
            [
              174,
              97
            ],
            [
              175,
              98
            ],
            [
              175,
              99
            ],
            [
              178,
              99
            ],
            [
              178,
              97
            ],
            [
              179,
              96
            ],
            [
              183,
              96
            ],
            [
              183,
              95
            ],
            [
              182,
              94
            ],
            [
              181,
              94
            ],
            [
              180,
              93
            ],
            [
              180,
              92
            ],
            [
              175,
              92
            ],
            [
              174,
              93
            ]
          ]
        ]
      },
      "properties": {
        "objectType": "annotation",
        "classification": {
          "name": "Inflammatory",
          "color": [
            0,
            0,
            255
          ]
        },
        "isLocked": false,
        "measurements": []
      }
    },
    {
      "type": "Feature",
      "id": "PathAnnotationObject",
      "geometry": {
        "type": "Polygon",
        "coordinates": [
          [
            [
              6,
              91
            ],
            [
              4,
              93
            ],
            [
              4,
              95
            ],
            [
              3,
              96
            ],
            [
              3,
              97
            ],
            [
              4,
              98
            ],
            [
              4,
              101
            ],
            [
              5,
              102
            ],
            [
              6,
              102
            ],
            [
              8,
              104
            ],
            [
              8,
              105
            ],
            [
              10,
              105
            ],
            [
              11,
              106
            ],
            [
              12,
              106
            ],
            [
              13,
              105
            ],
            [
              15,
              105
            ],
            [
              15,
              101
            ],
            [
              14,
              100
            ],
            [
              14,
              98
            ],
            [
              12,
              95
            ],
            [
              12,
              93
            ],
            [
              10,
              91
            ],
            [
              6,
              91
            ]
          ]
        ]
      },
      "properties": {
        "objectType": "annotation",
        "classification": {
          "name": "Neoplastic",
          "color": [
            255,
            0,
            0
          ]
        },
        "isLocked": false,
        "measurements": []
      }
    },
    {
      "type": "Feature",
      "id": "PathAnnotationObject",
      "geometry": {
        "type": "Polygon",
        "coordinates": [
          [
            [
              72,
              96
            ],
            [
              70,
              96
            ],
            [
              69,
              95
            ],
            [
              67,
              95
            ],
            [
              66,
              96
            ],
            [
              65,
              96
            ],
            [
              65,
              98
            ],
            [
              62,
              100
            ],
            [
              62,
              101
            ],
            [
              63,
              101
            ],
            [
              64,
              102
            ],
            [
              63,
              103
            ],
            [
              65,
              103
            ],
            [
              66,
              104
            ],
            [
              68,
              104
            ],
            [
              70,
              102
            ],
            [
              71,
              102
            ],
            [
              72,
              101
            ],
            [
              73,
              101
            ],
            [
              73,
              97
            ],
            [
              72,
              96
            ]
          ]
        ]
      },
      "properties": {
        "objectType": "annotation",
        "classification": {
          "name": "Neoplastic",
          "color": [
            255,
            0,
            0
          ]
        },
        "isLocked": false,
        "measurements": []
      }
    },
    {
      "type": "Feature",
      "id": "PathAnnotationObject",
      "geometry": {
        "type": "Polygon",
        "coordinates": [
          [
            [
              121,
              97
            ],
            [
              121,
              98
            ],
            [
              120,
              99
            ],
            [
              122,
              99
            ],
            [
              126,
              103
            ],
            [
              129,
              103
            ],
            [
              130,
              102
            ],
            [
              130,
              97
            ],
            [
              128,
              95
            ],
            [
              126,
              95
            ],
            [
              124,
              97
            ],
            [
              123,
              97
            ],
            [
              122,
              98
            ],
            [
              121,
              97
            ]
          ]
        ]
      },
      "properties": {
        "objectType": "annotation",
        "classification": {
          "name": "Inflammatory",
          "color": [
            0,
            0,
            255
          ]
        },
        "isLocked": false,
        "measurements": []
      }
    },
    {
      "type": "Feature",
      "id": "PathAnnotationObject",
      "geometry": {
        "type": "Polygon",
        "coordinates": [
          [
            [
              166,
              102
            ],
            [
              167,
              103
            ],
            [
              171,
              103
            ],
            [
              172,
              102
            ],
            [
              173,
              102
            ],
            [
              175,
              100
            ],
            [
              174,
              99
            ],
            [
              174,
              98
            ],
            [
              173,
              97
            ],
            [
              173,
              96
            ],
            [
              168,
              96
            ],
            [
              167,
              97
            ],
            [
              167,
              98
            ],
            [
              166,
              99
            ],
            [
              166,
              102
            ]
          ]
        ]
      },
      "properties": {
        "objectType": "annotation",
        "classification": {
          "name": "Inflammatory",
          "color": [
            0,
            0,
            255
          ]
        },
        "isLocked": false,
        "measurements": []
      }
    },
    {
      "type": "Feature",
      "id": "PathAnnotationObject",
      "geometry": {
        "type": "Polygon",
        "coordinates": [
          [
            [
              185,
              95
            ],
            [
              184,
              95
            ],
            [
              184,
              96
            ],
            [
              183,
              97
            ],
            [
              179,
              97
            ],
            [
              179,
              99
            ],
            [
              178,
              100
            ],
            [
              176,
              100
            ],
            [
              175,
              101
            ],
            [
              177,
              103
            ],
            [
              177,
              105
            ],
            [
              178,
              106
            ],
            [
              179,
              106
            ],
            [
              180,
              107
            ],
            [
              185,
              107
            ],
            [
              185,
              106
            ],
            [
              186,
              105
            ],
            [
              186,
              103
            ],
            [
              185,
              102
            ],
            [
              185,
              101
            ],
            [
              183,
              99
            ],
            [
              183,
              98
            ],
            [
              186,
              96
            ],
            [
              185,
              95
            ]
          ]
        ]
      },
      "properties": {
        "objectType": "annotation",
        "classification": {
          "name": "Inflammatory",
          "color": [
            0,
            0,
            255
          ]
        },
        "isLocked": false,
        "measurements": []
      }
    },
    {
      "type": "Feature",
      "id": "PathAnnotationObject",
      "geometry": {
        "type": "Polygon",
        "coordinates": [
          [
            [
              75,
              96
            ],
            [
              75,
              97
            ],
            [
              74,
              98
            ],
            [
              74,
              104
            ],
            [
              75,
              105
            ],
            [
              75,
              108
            ],
            [
              76,
              108
            ],
            [
              77,
              109
            ],
            [
              77,
              110
            ],
            [
              79,
              112
            ],
            [
              80,
              112
            ],
            [
              81,
              113
            ],
            [
              81,
              112
            ],
            [
              83,
              110
            ],
            [
              83,
              106
            ],
            [
              80,
              101
            ],
            [
              80,
              98
            ],
            [
              78,
              96
            ],
            [
              75,
              96
            ]
          ]
        ]
      },
      "properties": {
        "objectType": "annotation",
        "classification": {
          "name": "Connective",
          "color": [
            0,
            255,
            0
          ]
        },
        "isLocked": false,
        "measurements": []
      }
    },
    {
      "type": "Feature",
      "id": "PathAnnotationObject",
      "geometry": {
        "type": "Polygon",
        "coordinates": [
          [
            [
              103,
              101
            ],
            [
              99,
              101
            ],
            [
              97,
              103
            ],
            [
              94,
              103
            ],
            [
              93,
              104
            ],
            [
              93,
              108
            ],
            [
              94,
              109
            ],
            [
              95,
              109
            ],
            [
              96,
              110
            ],
            [
              98,
              110
            ],
            [
              101,
              107
            ],
            [
              102,
              107
            ],
            [
              103,
              106
            ],
            [
              103,
              101
            ]
          ]
        ]
      },
      "properties": {
        "objectType": "annotation",
        "classification": {
          "name": "Neoplastic",
          "color": [
            255,
            0,
            0
          ]
        },
        "isLocked": false,
        "measurements": []
      }
    },
    {
      "type": "Feature",
      "id": "PathAnnotationObject",
      "geometry": {
        "type": "Polygon",
        "coordinates": [
          [
            [
              109,
              96
            ],
            [
              106,
              101
            ],
            [
              106,
              102
            ],
            [
              108,
              104
            ],
            [
              107,
              106
            ],
            [
              108,
              108
            ],
            [
              108,
              110
            ],
            [
              109,
              112
            ],
            [
              117,
              112
            ],
            [
              119,
              110
            ],
            [
              119,
              104
            ],
            [
              117,
              103
            ],
            [
              116,
              101
            ],
            [
              117,
              100
            ],
            [
              119,
              100
            ],
            [
              119,
              99
            ],
            [
              118,
              99
            ],
            [
              116,
              97
            ],
            [
              114,
              97
            ],
            [
              112,
              95
            ],
            [
              111,
              96
            ],
            [
              109,
              96
            ]
          ]
        ]
      },
      "properties": {
        "objectType": "annotation",
        "classification": {
          "name": "Connective",
          "color": [
            0,
            255,
            0
          ]
        },
        "isLocked": false,
        "measurements": []
      }
    },
    {
      "type": "Feature",
      "id": "PathAnnotationObject",
      "geometry": {
        "type": "Polygon",
        "coordinates": [
          [
            [
              122,
              102
            ],
            [
              120,
              104
            ],
            [
              120,
              109
            ],
            [
              121,
              109
            ],
            [
              123,
              111
            ],
            [
              125,
              111
            ],
            [
              126,
              112
            ],
            [
              128,
              112
            ],
            [
              130,
              110
            ],
            [
              130,
              108
            ],
            [
              129,
              107
            ],
            [
              129,
              105
            ],
            [
              128,
              104
            ],
            [
              123,
              104
            ],
            [
              122,
              103
            ],
            [
              122,
              102
            ]
          ]
        ]
      },
      "properties": {
        "objectType": "annotation",
        "classification": {
          "name": "Connective",
          "color": [
            0,
            255,
            0
          ]
        },
        "isLocked": false,
        "measurements": []
      }
    },
    {
      "type": "Feature",
      "id": "PathAnnotationObject",
      "geometry": {
        "type": "Polygon",
        "coordinates": [
          [
            [
              47,
              106
            ],
            [
              44,
              109
            ],
            [
              44,
              112
            ],
            [
              45,
              113
            ],
            [
              45,
              115
            ],
            [
              52,
              115
            ],
            [
              54,
              113
            ],
            [
              54,
              112
            ],
            [
              55,
              111
            ],
            [
              55,
              109
            ],
            [
              54,
              108
            ],
            [
              54,
              107
            ],
            [
              53,
              107
            ],
            [
              52,
              106
            ],
            [
              47,
              106
            ]
          ]
        ]
      },
      "properties": {
        "objectType": "annotation",
        "classification": {
          "name": "Neoplastic",
          "color": [
            255,
            0,
            0
          ]
        },
        "isLocked": false,
        "measurements": []
      }
    },
    {
      "type": "Feature",
      "id": "PathAnnotationObject",
      "geometry": {
        "type": "Polygon",
        "coordinates": [
          [
            [
              60,
              107
            ],
            [
              60,
              113
            ],
            [
              59,
              114
            ],
            [
              60,
              115
            ],
            [
              60,
              116
            ],
            [
              61,
              116
            ],
            [
              62,
              117
            ],
            [
              64,
              117
            ],
            [
              65,
              116
            ],
            [
              67,
              116
            ],
            [
              68,
              115
            ],
            [
              70,
              115
            ],
            [
              71,
              114
            ],
            [
              72,
              115
            ],
            [
              74,
              115
            ],
            [
              74,
              112
            ],
            [
              73,
              111
            ],
            [
              72,
              108
            ],
            [
              70,
              108
            ],
            [
              68,
              106
            ],
            [
              68,
              105
            ],
            [
              63,
              104
            ],
            [
              60,
              107
            ]
          ]
        ]
      },
      "properties": {
        "objectType": "annotation",
        "classification": {
          "name": "Neoplastic",
          "color": [
            255,
            0,
            0
          ]
        },
        "isLocked": false,
        "measurements": []
      }
    },
    {
      "type": "Feature",
      "id": "PathAnnotationObject",
      "geometry": {
        "type": "Polygon",
        "coordinates": [
          [
            [
              102,
              108
            ],
            [
              101,
              109
            ],
            [
              100,
              109
            ],
            [
              99,
              110
            ],
            [
              99,
              114
            ],
            [
              100,
              115
            ],
            [
              101,
              115
            ],
            [
              103,
              117
            ],
            [
              104,
              116
            ],
            [
              104,
              114
            ],
            [
              105,
              113
            ],
            [
              105,
              109
            ],
            [
              104,
              109
            ],
            [
              103,
              108
            ],
            [
              102,
              108
            ]
          ]
        ]
      },
      "properties": {
        "objectType": "annotation",
        "classification": {
          "name": "Neoplastic",
          "color": [
            255,
            0,
            0
          ]
        },
        "isLocked": false,
        "measurements": []
      }
    },
    {
      "type": "Feature",
      "id": "PathAnnotationObject",
      "geometry": {
        "type": "Polygon",
        "coordinates": [
          [
            [
              137,
              110
            ],
            [
              135,
              110
            ],
            [
              134,
              111
            ],
            [
              132,
              111
            ],
            [
              129,
              114
            ],
            [
              130,
              115
            ],
            [
              130,
              116
            ],
            [
              133,
              119
            ],
            [
              134,
              119
            ],
            [
              135,
              120
            ],
            [
              136,
              119
            ],
            [
              139,
              119
            ],
            [
              140,
              118
            ],
            [
              141,
              118
            ],
            [
              141,
              112
            ],
            [
              140,
              112
            ],
            [
              137,
              110
            ]
          ]
        ]
      },
      "properties": {
        "objectType": "annotation",
        "classification": {
          "name": "Inflammatory",
          "color": [
            0,
            0,
            255
          ]
        },
        "isLocked": false,
        "measurements": []
      }
    },
    {
      "type": "Feature",
      "id": "PathAnnotationObject",
      "geometry": {
        "type": "Polygon",
        "coordinates": [
          [
            [
              179,
              114
            ],
            [
              181,
              116
            ],
            [
              181,
              117
            ],
            [
              183,
              119
            ],
            [
              186,
              119
            ],
            [
              187,
              118
            ],
            [
              188,
              118
            ],
            [
              188,
              116
            ],
            [
              189,
              115
            ],
            [
              189,
              113
            ],
            [
              187,
              111
            ],
            [
              183,
              111
            ],
            [
              181,
              113
            ],
            [
              180,
              113
            ],
            [
              179,
              114
            ]
          ]
        ]
      },
      "properties": {
        "objectType": "annotation",
        "classification": {
          "name": "Inflammatory",
          "color": [
            0,
            0,
            255
          ]
        },
        "isLocked": false,
        "measurements": []
      }
    },
    {
      "type": "Feature",
      "id": "PathAnnotationObject",
      "geometry": {
        "type": "Polygon",
        "coordinates": [
          [
            [
              232,
              111
            ],
            [
              230,
              113
            ],
            [
              230,
              119
            ],
            [
              236,
              119
            ],
            [
              236,
              118
            ],
            [
              237,
              117
            ],
            [
              237,
              114
            ],
            [
              236,
              113
            ],
            [
              235,
              113
            ],
            [
              234,
              112
            ],
            [
              233,
              112
            ],
            [
              232,
              111
            ]
          ]
        ]
      },
      "properties": {
        "objectType": "annotation",
        "classification": {
          "name": "Inflammatory",
          "color": [
            0,
            0,
            255
          ]
        },
        "isLocked": false,
        "measurements": []
      }
    },
    {
      "type": "Feature",
      "id": "PathAnnotationObject",
      "geometry": {
        "type": "Polygon",
        "coordinates": [
          [
            [
              7,
              111
            ],
            [
              4,
              114
            ],
            [
              5,
              117
            ],
            [
              6,
              118
            ],
            [
              7,
              118
            ],
            [
              9,
              121
            ],
            [
              10,
              121
            ],
            [
              11,
              122
            ],
            [
              14,
              122
            ],
            [
              17,
              119
            ],
            [
              17,
              116
            ],
            [
              15,
              114
            ],
            [
              15,
              113
            ],
            [
              14,
              113
            ],
            [
              13,
              112
            ],
            [
              13,
              111
            ],
            [
              7,
              111
            ]
          ]
        ]
      },
      "properties": {
        "objectType": "annotation",
        "classification": {
          "name": "Neoplastic",
          "color": [
            255,
            0,
            0
          ]
        },
        "isLocked": false,
        "measurements": []
      }
    },
    {
      "type": "Feature",
      "id": "PathAnnotationObject",
      "geometry": {
        "type": "Polygon",
        "coordinates": [
          [
            [
              246,
              112
            ],
            [
              244,
              112
            ],
            [
              242,
              114
            ],
            [
              242,
              115
            ],
            [
              241,
              116
            ],
            [
              241,
              117
            ],
            [
              240,
              118
            ],
            [
              240,
              123
            ],
            [
              242,
              125
            ],
            [
              243,
              125
            ],
            [
              244,
              124
            ],
            [
              245,
              124
            ],
            [
              245,
              123
            ],
            [
              246,
              122
            ],
            [
              246,
              120
            ],
            [
              247,
              119
            ],
            [
              247,
              113
            ],
            [
              246,
              112
            ]
          ]
        ]
      },
      "properties": {
        "objectType": "annotation",
        "classification": {
          "name": "Connective",
          "color": [
            0,
            255,
            0
          ]
        },
        "isLocked": false,
        "measurements": []
      }
    },
    {
      "type": "Feature",
      "id": "PathAnnotationObject",
      "geometry": {
        "type": "Polygon",
        "coordinates": [
          [
            [
              91,
              111
            ],
            [
              87,
              111
            ],
            [
              84,
              114
            ],
            [
              83,
              114
            ],
            [
              82,
              115
            ],
            [
              81,
              115
            ],
            [
              80,
              116
            ],
            [
              79,
              116
            ],
            [
              79,
              121
            ],
            [
              80,
              122
            ],
            [
              85,
              122
            ],
            [
              85,
              121
            ],
            [
              91,
              115
            ],
            [
              91,
              111
            ]
          ]
        ]
      },
      "properties": {
        "objectType": "annotation",
        "classification": {
          "name": "Inflammatory",
          "color": [
            0,
            0,
            255
          ]
        },
        "isLocked": false,
        "measurements": []
      }
    },
    {
      "type": "Feature",
      "id": "PathAnnotationObject",
      "geometry": {
        "type": "Polygon",
        "coordinates": [
          [
            [
              113,
              119
            ],
            [
              113,
              121
            ],
            [
              114,
              122
            ],
            [
              114,
              123
            ],
            [
              121,
              123
            ],
            [
              122,
              122
            ],
            [
              123,
              122
            ],
            [
              124,
              121
            ],
            [
              124,
              120
            ],
            [
              123,
              119
            ],
            [
              123,
              118
            ],
            [
              122,
              117
            ],
            [
              122,
              116
            ],
            [
              121,
              116
            ],
            [
              120,
              115
            ],
            [
              116,
              115
            ],
            [
              114,
              117
            ],
            [
              114,
              118
            ],
            [
              113,
              119
            ]
          ]
        ]
      },
      "properties": {
        "objectType": "annotation",
        "classification": {
          "name": "Inflammatory",
          "color": [
            0,
            0,
            255
          ]
        },
        "isLocked": false,
        "measurements": []
      }
    },
    {
      "type": "Feature",
      "id": "PathAnnotationObject",
      "geometry": {
        "type": "Polygon",
        "coordinates": [
          [
            [
              169,
              115
            ],
            [
              167,
              117
            ],
            [
              167,
              120
            ],
            [
              168,
              121
            ],
            [
              168,
              122
            ],
            [
              170,
              124
            ],
            [
              171,
              124
            ],
            [
              171,
              123
            ],
            [
              172,
              122
            ],
            [
              173,
              122
            ],
            [
              175,
              120
            ],
            [
              176,
              120
            ],
            [
              176,
              118
            ],
            [
              175,
              118
            ],
            [
              174,
              117
            ],
            [
              174,
              116
            ],
            [
              173,
              116
            ],
            [
              172,
              115
            ],
            [
              169,
              115
            ]
          ]
        ]
      },
      "properties": {
        "objectType": "annotation",
        "classification": {
          "name": "Inflammatory",
          "color": [
            0,
            0,
            255
          ]
        },
        "isLocked": false,
        "measurements": []
      }
    },
    {
      "type": "Feature",
      "id": "PathAnnotationObject",
      "geometry": {
        "type": "Polygon",
        "coordinates": [
          [
            [
              219,
              119
            ],
            [
              219,
              124
            ],
            [
              221,
              124
            ],
            [
              222,
              125
            ],
            [
              222,
              124
            ],
            [
              223,
              123
            ],
            [
              224,
              123
            ],
            [
              225,
              122
            ],
            [
              227,
              122
            ],
            [
              227,
              120
            ],
            [
              225,
              118
            ],
            [
              220,
              118
            ],
            [
              219,
              119
            ]
          ]
        ]
      },
      "properties": {
        "objectType": "annotation",
        "classification": {
          "name": "Neoplastic",
          "color": [
            255,
            0,
            0
          ]
        },
        "isLocked": false,
        "measurements": []
      }
    },
    {
      "type": "Feature",
      "id": "PathAnnotationObject",
      "geometry": {
        "type": "Polygon",
        "coordinates": [
          [
            [
              104,
              117
            ],
            [
              103,
              118
            ],
            [
              103,
              123
            ],
            [
              105,
              125
            ],
            [
              108,
              125
            ],
            [
              109,
              124
            ],
            [
              110,
              124
            ],
            [
              110,
              120
            ],
            [
              108,
              118
            ],
            [
              106,
              118
            ],
            [
              105,
              117
            ],
            [
              104,
              117
            ]
          ]
        ]
      },
      "properties": {
        "objectType": "annotation",
        "classification": {
          "name": "Inflammatory",
          "color": [
            0,
            0,
            255
          ]
        },
        "isLocked": false,
        "measurements": []
      }
    },
    {
      "type": "Feature",
      "id": "PathAnnotationObject",
      "geometry": {
        "type": "Polygon",
        "coordinates": [
          [
            [
              201,
              120
            ],
            [
              201,
              124
            ],
            [
              202,
              125
            ],
            [
              207,
              125
            ],
            [
              206,
              124
            ],
            [
              207,
              123
            ],
            [
              207,
              120
            ],
            [
              206,
              120
            ],
            [
              205,
              119
            ],
            [
              203,
              119
            ],
            [
              202,
              120
            ],
            [
              201,
              120
            ]
          ]
        ]
      },
      "properties": {
        "objectType": "annotation",
        "classification": {
          "name": "Inflammatory",
          "color": [
            0,
            0,
            255
          ]
        },
        "isLocked": false,
        "measurements": []
      }
    },
    {
      "type": "Feature",
      "id": "PathAnnotationObject",
      "geometry": {
        "type": "Polygon",
        "coordinates": [
          [
            [
              148,
              118
            ],
            [
              148,
              119
            ],
            [
              147,
              120
            ],
            [
              147,
              124
            ],
            [
              148,
              125
            ],
            [
              148,
              126
            ],
            [
              150,
              128
            ],
            [
              150,
              129
            ],
            [
              151,
              129
            ],
            [
              153,
              131
            ],
            [
              153,
              132
            ],
            [
              155,
              132
            ],
            [
              158,
              129
            ],
            [
              158,
              122
            ],
            [
              157,
              121
            ],
            [
              156,
              118
            ],
            [
              155,
              118
            ],
            [
              154,
              117
            ],
            [
              153,
              117
            ],
            [
              152,
              118
            ],
            [
              148,
              118
            ]
          ]
        ]
      },
      "properties": {
        "objectType": "annotation",
        "classification": {
          "name": "Connective",
          "color": [
            0,
            255,
            0
          ]
        },
        "isLocked": false,
        "measurements": []
      }
    },
    {
      "type": "Feature",
      "id": "PathAnnotationObject",
      "geometry": {
        "type": "Polygon",
        "coordinates": [
          [
            [
              140,
              119
            ],
            [
              139,
              120
            ],
            [
              136,
              120
            ],
            [
              135,
              121
            ],
            [
              135,
              125
            ],
            [
              136,
              126
            ],
            [
              136,
              128
            ],
            [
              137,
              128
            ],
            [
              138,
              129
            ],
            [
              141,
              129
            ],
            [
              142,
              128
            ],
            [
              142,
              127
            ],
            [
              143,
              126
            ],
            [
              143,
              123
            ],
            [
              142,
              122
            ],
            [
              142,
              121
            ],
            [
              140,
              119
            ]
          ]
        ]
      },
      "properties": {
        "objectType": "annotation",
        "classification": {
          "name": "Inflammatory",
          "color": [
            0,
            0,
            255
          ]
        },
        "isLocked": false,
        "measurements": []
      }
    },
    {
      "type": "Feature",
      "id": "PathAnnotationObject",
      "geometry": {
        "type": "Polygon",
        "coordinates": [
          [
            [
              175,
              121
            ],
            [
              173,
              123
            ],
            [
              172,
              123
            ],
            [
              172,
              124
            ],
            [
              171,
              125
            ],
            [
              172,
              126
            ],
            [
              172,
              129
            ],
            [
              173,
              129
            ],
            [
              174,
              130
            ],
            [
              177,
              130
            ],
            [
              180,
              127
            ],
            [
              180,
              125
            ],
            [
              179,
              124
            ],
            [
              179,
              123
            ],
            [
              177,
              121
            ],
            [
              175,
              121
            ]
          ]
        ]
      },
      "properties": {
        "objectType": "annotation",
        "classification": {
          "name": "Connective",
          "color": [
            0,
            255,
            0
          ]
        },
        "isLocked": false,
        "measurements": []
      }
    },
    {
      "type": "Feature",
      "id": "PathAnnotationObject",
      "geometry": {
        "type": "Polygon",
        "coordinates": [
          [
            [
              27,
              119
            ],
            [
              25,
              119
            ],
            [
              24,
              120
            ],
            [
              22,
              120
            ],
            [
              20,
              122
            ],
            [
              19,
              122
            ],
            [
              18,
              123
            ],
            [
              18,
              124
            ],
            [
              16,
              126
            ],
            [
              16,
              129
            ],
            [
              17,
              129
            ],
            [
              18,
              130
            ],
            [
              18,
              131
            ],
            [
              21,
              134
            ],
            [
              25,
              134
            ],
            [
              25,
              133
            ],
            [
              27,
              130
            ],
            [
              27,
              119
            ]
          ]
        ]
      },
      "properties": {
        "objectType": "annotation",
        "classification": {
          "name": "Neoplastic",
          "color": [
            255,
            0,
            0
          ]
        },
        "isLocked": false,
        "measurements": []
      }
    },
    {
      "type": "Feature",
      "id": "PathAnnotationObject",
      "geometry": {
        "type": "Polygon",
        "coordinates": [
          [
            [
              35,
              118
            ],
            [
              35,
              119
            ],
            [
              34,
              120
            ],
            [
              34,
              122
            ],
            [
              35,
              123
            ],
            [
              35,
              129
            ],
            [
              38,
              132
            ],
            [
              44,
              132
            ],
            [
              46,
              126
            ],
            [
              40,
              120
            ],
            [
              39,
              120
            ],
            [
              37,
              118
            ],
            [
              35,
              118
            ]
          ]
        ]
      },
      "properties": {
        "objectType": "annotation",
        "classification": {
          "name": "Neoplastic",
          "color": [
            255,
            0,
            0
          ]
        },
        "isLocked": false,
        "measurements": []
      }
    },
    {
      "type": "Feature",
      "id": "PathAnnotationObject",
      "geometry": {
        "type": "Polygon",
        "coordinates": [
          [
            [
              86,
              124
            ],
            [
              86,
              125
            ],
            [
              85,
              126
            ],
            [
              85,
              130
            ],
            [
              86,
              129
            ],
            [
              87,
              130
            ],
            [
              87,
              131
            ],
            [
              89,
              133
            ],
            [
              92,
              134
            ],
            [
              94,
              136
            ],
            [
              94,
              137
            ],
            [
              95,
              136
            ],
            [
              95,
              133
            ],
            [
              94,
              133
            ],
            [
              93,
              132
            ],
            [
              93,
              131
            ],
            [
              92,
              130
            ],
            [
              92,
              128
            ],
            [
              91,
              127
            ],
            [
              91,
              125
            ],
            [
              89,
              123
            ],
            [
              86,
              124
            ]
          ]
        ]
      },
      "properties": {
        "objectType": "annotation",
        "classification": {
          "name": "Neoplastic",
          "color": [
            255,
            0,
            0
          ]
        },
        "isLocked": false,
        "measurements": []
      }
    },
    {
      "type": "Feature",
      "id": "PathAnnotationObject",
      "geometry": {
        "type": "Polygon",
        "coordinates": [
          [
            [
              221,
              125
            ],
            [
              219,
              125
            ],
            [
              218,
              124
            ],
            [
              217,
              125
            ],
            [
              216,
              125
            ],
            [
              215,
              126
            ],
            [
              214,
              126
            ],
            [
              213,
              127
            ],
            [
              213,
              129
            ],
            [
              214,
              129
            ],
            [
              216,
              131
            ],
            [
              216,
              132
            ],
            [
              219,
              132
            ],
            [
              222,
              129
            ],
            [
              222,
              126
            ],
            [
              221,
              125
            ]
          ]
        ]
      },
      "properties": {
        "objectType": "annotation",
        "classification": {
          "name": "Inflammatory",
          "color": [
            0,
            0,
            255
          ]
        },
        "isLocked": false,
        "measurements": []
      }
    },
    {
      "type": "Feature",
      "id": "PathAnnotationObject",
      "geometry": {
        "type": "Polygon",
        "coordinates": [
          [
            [
              236,
              128
            ],
            [
              235,
              128
            ],
            [
              234,
              127
            ],
            [
              234,
              126
            ],
            [
              233,
              126
            ],
            [
              232,
              125
            ],
            [
              231,
              125
            ],
            [
              230,
              124
            ],
            [
              229,
              125
            ],
            [
              228,
              125
            ],
            [
              226,
              127
            ],
            [
              226,
              129
            ],
            [
              227,
              129
            ],
            [
              228,
              130
            ],
            [
              228,
              132
            ],
            [
              232,
              132
            ],
            [
              232,
              131
            ],
            [
              233,
              130
            ],
            [
              234,
              130
            ],
            [
              235,
              129
            ],
            [
              236,
              129
            ],
            [
              236,
              128
            ]
          ]
        ]
      },
      "properties": {
        "objectType": "annotation",
        "classification": {
          "name": "Inflammatory",
          "color": [
            0,
            0,
            255
          ]
        },
        "isLocked": false,
        "measurements": []
      }
    },
    {
      "type": "Feature",
      "id": "PathAnnotationObject",
      "geometry": {
        "type": "Polygon",
        "coordinates": [
          [
            [
              129,
              126
            ],
            [
              128,
              127
            ],
            [
              128,
              130
            ],
            [
              129,
              131
            ],
            [
              129,
              132
            ],
            [
              130,
              133
            ],
            [
              130,
              134
            ],
            [
              131,
              135
            ],
            [
              132,
              135
            ],
            [
              133,
              134
            ],
            [
              135,
              134
            ],
            [
              136,
              133
            ],
            [
              136,
              131
            ],
            [
              137,
              130
            ],
            [
              137,
              129
            ],
            [
              136,
              129
            ],
            [
              135,
              128
            ],
            [
              135,
              127
            ],
            [
              134,
              127
            ],
            [
              133,
              126
            ],
            [
              129,
              126
            ]
          ]
        ]
      },
      "properties": {
        "objectType": "annotation",
        "classification": {
          "name": "Inflammatory",
          "color": [
            0,
            0,
            255
          ]
        },
        "isLocked": false,
        "measurements": []
      }
    },
    {
      "type": "Feature",
      "id": "PathAnnotationObject",
      "geometry": {
        "type": "Polygon",
        "coordinates": [
          [
            [
              208,
              125
            ],
            [
              207,
              126
            ],
            [
              205,
              126
            ],
            [
              203,
              128
            ],
            [
              203,
              129
            ],
            [
              202,
              130
            ],
            [
              202,
              134
            ],
            [
              203,
              135
            ],
            [
              205,
              135
            ],
            [
              207,
              137
            ],
            [
              208,
              136
            ],
            [
              209,
              136
            ],
            [
              211,
              134
            ],
            [
              212,
              134
            ],
            [
              212,
              133
            ],
            [
              213,
              132
            ],
            [
              213,
              130
            ],
            [
              212,
              129
            ],
            [
              212,
              127
            ],
            [
              211,
              126
            ],
            [
              209,
              126
            ],
            [
              208,
              125
            ]
          ]
        ]
      },
      "properties": {
        "objectType": "annotation",
        "classification": {
          "name": "Inflammatory",
          "color": [
            0,
            0,
            255
          ]
        },
        "isLocked": false,
        "measurements": []
      }
    },
    {
      "type": "Feature",
      "id": "PathAnnotationObject",
      "geometry": {
        "type": "Polygon",
        "coordinates": [
          [
            [
              113,
              129
            ],
            [
              113,
              134
            ],
            [
              115,
              136
            ],
            [
              117,
              136
            ],
            [
              118,
              135
            ],
            [
              120,
              135
            ],
            [
              121,
              134
            ],
            [
              122,
              134
            ],
            [
              122,
              132
            ],
            [
              123,
              131
            ],
            [
              122,
              130
            ],
            [
              122,
              129
            ],
            [
              121,
              129
            ],
            [
              120,
              128
            ],
            [
              114,
              128
            ],
            [
              113,
              129
            ]
          ]
        ]
      },
      "properties": {
        "objectType": "annotation",
        "classification": {
          "name": "Inflammatory",
          "color": [
            0,
            0,
            255
          ]
        },
        "isLocked": false,
        "measurements": []
      }
    },
    {
      "type": "Feature",
      "id": "PathAnnotationObject",
      "geometry": {
        "type": "Polygon",
        "coordinates": [
          [
            [
              55,
              128
            ],
            [
              50,
              128
            ],
            [
              48,
              130
            ],
            [
              48,
              131
            ],
            [
              46,
              133
            ],
            [
              45,
              133
            ],
            [
              45,
              137
            ],
            [
              47,
              139
            ],
            [
              47,
              140
            ],
            [
              51,
              140
            ],
            [
              56,
              135
            ],
            [
              56,
              133
            ],
            [
              57,
              132
            ],
            [
              57,
              131
            ],
            [
              55,
              128
            ]
          ]
        ]
      },
      "properties": {
        "objectType": "annotation",
        "classification": {
          "name": "Neoplastic",
          "color": [
            255,
            0,
            0
          ]
        },
        "isLocked": false,
        "measurements": []
      }
    },
    {
      "type": "Feature",
      "id": "PathAnnotationObject",
      "geometry": {
        "type": "Polygon",
        "coordinates": [
          [
            [
              77,
              126
            ],
            [
              73,
              130
            ],
            [
              73,
              132
            ],
            [
              72,
              133
            ],
            [
              72,
              134
            ],
            [
              73,
              135
            ],
            [
              73,
              136
            ],
            [
              76,
              139
            ],
            [
              79,
              139
            ],
            [
              80,
              140
            ],
            [
              81,
              140
            ],
            [
              82,
              139
            ],
            [
              83,
              139
            ],
            [
              83,
              138
            ],
            [
              85,
              135
            ],
            [
              85,
              131
            ],
            [
              81,
              126
            ],
            [
              77,
              126
            ]
          ]
        ]
      },
      "properties": {
        "objectType": "annotation",
        "classification": {
          "name": "Neoplastic",
          "color": [
            255,
            0,
            0
          ]
        },
        "isLocked": false,
        "measurements": []
      }
    },
    {
      "type": "Feature",
      "id": "PathAnnotationObject",
      "geometry": {
        "type": "Polygon",
        "coordinates": [
          [
            [
              237,
              128
            ],
            [
              237,
              129
            ],
            [
              236,
              130
            ],
            [
              235,
              130
            ],
            [
              234,
              131
            ],
            [
              233,
              131
            ],
            [
              233,
              132
            ],
            [
              232,
              133
            ],
            [
              232,
              134
            ],
            [
              233,
              135
            ],
            [
              233,
              136
            ],
            [
              235,
              138
            ],
            [
              235,
              139
            ],
            [
              241,
              139
            ],
            [
              239,
              137
            ],
            [
              239,
              136
            ],
            [
              241,
              134
            ],
            [
              241,
              131
            ],
            [
              240,
              131
            ],
            [
              239,
              130
            ],
            [
              238,
              130
            ],
            [
              237,
              129
            ],
            [
              237,
              128
            ]
          ]
        ]
      },
      "properties": {
        "objectType": "annotation",
        "classification": {
          "name": "Inflammatory",
          "color": [
            0,
            0,
            255
          ]
        },
        "isLocked": false,
        "measurements": []
      }
    },
    {
      "type": "Feature",
      "id": "PathAnnotationObject",
      "geometry": {
        "type": "Polygon",
        "coordinates": [
          [
            [
              112,
              131
            ],
            [
              111,
              131
            ],
            [
              110,
              130
            ],
            [
              108,
              130
            ],
            [
              105,
              133
            ],
            [
              105,
              134
            ],
            [
              104,
              135
            ],
            [
              104,
              137
            ],
            [
              106,
              139
            ],
            [
              107,
              138
            ],
            [
              108,
              138
            ],
            [
              109,
              137
            ],
            [
              110,
              137
            ],
            [
              112,
              135
            ],
            [
              113,
              135
            ],
            [
              112,
              134
            ],
            [
              112,
              131
            ]
          ]
        ]
      },
      "properties": {
        "objectType": "annotation",
        "classification": {
          "name": "Inflammatory",
          "color": [
            0,
            0,
            255
          ]
        },
        "isLocked": false,
        "measurements": []
      }
    },
    {
      "type": "Feature",
      "id": "PathAnnotationObject",
      "geometry": {
        "type": "Polygon",
        "coordinates": [
          [
            [
              146,
              130
            ],
            [
              145,
              131
            ],
            [
              144,
              131
            ],
            [
              143,
              132
            ],
            [
              143,
              133
            ],
            [
              142,
              134
            ],
            [
              142,
              137
            ],
            [
              144,
              139
            ],
            [
              144,
              140
            ],
            [
              149,
              140
            ],
            [
              149,
              136
            ],
            [
              150,
              135
            ],
            [
              151,
              135
            ],
            [
              151,
              130
            ],
            [
              146,
              130
            ]
          ]
        ]
      },
      "properties": {
        "objectType": "annotation",
        "classification": {
          "name": "Inflammatory",
          "color": [
            0,
            0,
            255
          ]
        },
        "isLocked": false,
        "measurements": []
      }
    },
    {
      "type": "Feature",
      "id": "PathAnnotationObject",
      "geometry": {
        "type": "Polygon",
        "coordinates": [
          [
            [
              190,
              133
            ],
            [
              189,
              134
            ],
            [
              189,
              135
            ],
            [
              188,
              136
            ],
            [
              188,
              138
            ],
            [
              189,
              139
            ],
            [
              189,
              140
            ],
            [
              190,
              141
            ],
            [
              194,
              141
            ],
            [
              197,
              138
            ],
            [
              197,
              135
            ],
            [
              195,
              133
            ],
            [
              190,
              133
            ]
          ]
        ]
      },
      "properties": {
        "objectType": "annotation",
        "classification": {
          "name": "Inflammatory",
          "color": [
            0,
            0,
            255
          ]
        },
        "isLocked": false,
        "measurements": []
      }
    },
    {
      "type": "Feature",
      "id": "PathAnnotationObject",
      "geometry": {
        "type": "Polygon",
        "coordinates": [
          [
            [
              173,
              136
            ],
            [
              172,
              137
            ],
            [
              172,
              138
            ],
            [
              171,
              139
            ],
            [
              171,
              140
            ],
            [
              170,
              141
            ],
            [
              170,
              142
            ],
            [
              171,
              142
            ],
            [
              173,
              144
            ],
            [
              177,
              144
            ],
            [
              178,
              143
            ],
            [
              178,
              142
            ],
            [
              179,
              141
            ],
            [
              179,
              139
            ],
            [
              176,
              136
            ],
            [
              173,
              136
            ]
          ]
        ]
      },
      "properties": {
        "objectType": "annotation",
        "classification": {
          "name": "Inflammatory",
          "color": [
            0,
            0,
            255
          ]
        },
        "isLocked": false,
        "measurements": []
      }
    },
    {
      "type": "Feature",
      "id": "PathAnnotationObject",
      "geometry": {
        "type": "Polygon",
        "coordinates": [
          [
            [
              235,
              140
            ],
            [
              235,
              144
            ],
            [
              236,
              144
            ],
            [
              237,
              145
            ],
            [
              237,
              146
            ],
            [
              239,
              146
            ],
            [
              241,
              144
            ],
            [
              241,
              140
            ],
            [
              235,
              140
            ]
          ]
        ]
      },
      "properties": {
        "objectType": "annotation",
        "classification": {
          "name": "Inflammatory",
          "color": [
            0,
            0,
            255
          ]
        },
        "isLocked": false,
        "measurements": []
      }
    },
    {
      "type": "Feature",
      "id": "PathAnnotationObject",
      "geometry": {
        "type": "Polygon",
        "coordinates": [
          [
            [
              3,
              136
            ],
            [
              2,
              139
            ],
            [
              0,
              141
            ],
            [
              0,
              145
            ],
            [
              3,
              148
            ],
            [
              3,
              149
            ],
            [
              7,
              149
            ],
            [
              12,
              144
            ],
            [
              12,
              141
            ],
            [
              11,
              140
            ],
            [
              11,
              138
            ],
            [
              10,
              137
            ],
            [
              10,
              136
            ],
            [
              3,
              136
            ]
          ]
        ]
      },
      "properties": {
        "objectType": "annotation",
        "classification": {
          "name": "Neoplastic",
          "color": [
            255,
            0,
            0
          ]
        },
        "isLocked": false,
        "measurements": []
      }
    },
    {
      "type": "Feature",
      "id": "PathAnnotationObject",
      "geometry": {
        "type": "Polygon",
        "coordinates": [
          [
            [
              216,
              139
            ],
            [
              216,
              142
            ],
            [
              218,
              144
            ],
            [
              218,
              146
            ],
            [
              219,
              147
            ],
            [
              220,
              147
            ],
            [
              221,
              146
            ],
            [
              227,
              146
            ],
            [
              225,
              144
            ],
            [
              225,
              137
            ],
            [
              224,
              136
            ],
            [
              221,
              135
            ],
            [
              220,
              136
            ],
            [
              219,
              136
            ],
            [
              219,
              137
            ],
            [
              217,
              139
            ],
            [
              216,
              139
            ]
          ]
        ]
      },
      "properties": {
        "objectType": "annotation",
        "classification": {
          "name": "Neoplastic",
          "color": [
            255,
            0,
            0
          ]
        },
        "isLocked": false,
        "measurements": []
      }
    },
    {
      "type": "Feature",
      "id": "PathAnnotationObject",
      "geometry": {
        "type": "Polygon",
        "coordinates": [
          [
            [
              202,
              138
            ],
            [
              201,
              139
            ],
            [
              199,
              139
            ],
            [
              198,
              140
            ],
            [
              198,
              141
            ],
            [
              196,
              143
            ],
            [
              196,
              147
            ],
            [
              197,
              147
            ],
            [
              198,
              148
            ],
            [
              198,
              149
            ],
            [
              203,
              149
            ],
            [
              205,
              147
            ],
            [
              206,
              147
            ],
            [
              207,
              146
            ],
            [
              207,
              142
            ],
            [
              206,
              142
            ],
            [
              205,
              141
            ],
            [
              204,
              141
            ],
            [
              202,
              139
            ],
            [
              202,
              138
            ]
          ]
        ]
      },
      "properties": {
        "objectType": "annotation",
        "classification": {
          "name": "Inflammatory",
          "color": [
            0,
            0,
            255
          ]
        },
        "isLocked": false,
        "measurements": []
      }
    },
    {
      "type": "Feature",
      "id": "PathAnnotationObject",
      "geometry": {
        "type": "Polygon",
        "coordinates": [
          [
            [
              60,
              139
            ],
            [
              58,
              142
            ],
            [
              58,
              147
            ],
            [
              60,
              149
            ],
            [
              63,
              149
            ],
            [
              64,
              150
            ],
            [
              65,
              149
            ],
            [
              66,
              149
            ],
            [
              67,
              150
            ],
            [
              69,
              148
            ],
            [
              69,
              144
            ],
            [
              70,
              143
            ],
            [
              68,
              141
            ],
            [
              67,
              141
            ],
            [
              66,
              140
            ],
            [
              64,
              140
            ],
            [
              64,
              141
            ],
            [
              61,
              143
            ],
            [
              60,
              142
            ],
            [
              60,
              139
            ]
          ]
        ]
      },
      "properties": {
        "objectType": "annotation",
        "classification": {
          "name": "Neoplastic",
          "color": [
            255,
            0,
            0
          ]
        },
        "isLocked": false,
        "measurements": []
      }
    },
    {
      "type": "Feature",
      "id": "PathAnnotationObject",
      "geometry": {
        "type": "Polygon",
        "coordinates": [
          [
            [
              115,
              143
            ],
            [
              115,
              144
            ],
            [
              116,
              145
            ],
            [
              116,
              147
            ],
            [
              117,
              147
            ],
            [
              120,
              149
            ],
            [
              122,
              149
            ],
            [
              124,
              151
            ],
            [
              126,
              151
            ],
            [
              128,
              149
            ],
            [
              128,
              148
            ],
            [
              129,
              147
            ],
            [
              129,
              143
            ],
            [
              128,
              143
            ],
            [
              125,
              141
            ],
            [
              122,
              141
            ],
            [
              121,
              140
            ],
            [
              119,
              140
            ],
            [
              118,
              141
            ],
            [
              117,
              141
            ],
            [
              115,
              143
            ]
          ]
        ]
      },
      "properties": {
        "objectType": "annotation",
        "classification": {
          "name": "Connective",
          "color": [
            0,
            255,
            0
          ]
        },
        "isLocked": false,
        "measurements": []
      }
    },
    {
      "type": "Feature",
      "id": "PathAnnotationObject",
      "geometry": {
        "type": "Polygon",
        "coordinates": [
          [
            [
              208,
              141
            ],
            [
              208,
              147
            ],
            [
              210,
              149
            ],
            [
              212,
              149
            ],
            [
              213,
              150
            ],
            [
              215,
              150
            ],
            [
              218,
              148
            ],
            [
              218,
              147
            ],
            [
              217,
              146
            ],
            [
              217,
              144
            ],
            [
              215,
              142
            ],
            [
              215,
              140
            ],
            [
              214,
              141
            ],
            [
              213,
              140
            ],
            [
              211,
              140
            ],
            [
              210,
              141
            ],
            [
              208,
              141
            ]
          ]
        ]
      },
      "properties": {
        "objectType": "annotation",
        "classification": {
          "name": "Neoplastic",
          "color": [
            255,
            0,
            0
          ]
        },
        "isLocked": false,
        "measurements": []
      }
    },
    {
      "type": "Feature",
      "id": "PathAnnotationObject",
      "geometry": {
        "type": "Polygon",
        "coordinates": [
          [
            [
              145,
              141
            ],
            [
              145,
              142
            ],
            [
              144,
              143
            ],
            [
              144,
              144
            ],
            [
              143,
              145
            ],
            [
              143,
              149
            ],
            [
              144,
              149
            ],
            [
              145,
              150
            ],
            [
              145,
              151
            ],
            [
              150,
              151
            ],
            [
              151,
              150
            ],
            [
              151,
              149
            ],
            [
              152,
              148
            ],
            [
              152,
              145
            ],
            [
              151,
              144
            ],
            [
              151,
              143
            ],
            [
              149,
              141
            ],
            [
              145,
              141
            ]
          ]
        ]
      },
      "properties": {
        "objectType": "annotation",
        "classification": {
          "name": "Inflammatory",
          "color": [
            0,
            0,
            255
          ]
        },
        "isLocked": false,
        "measurements": []
      }
    },
    {
      "type": "Feature",
      "id": "PathAnnotationObject",
      "geometry": {
        "type": "Polygon",
        "coordinates": [
          [
            [
              186,
              143
            ],
            [
              186,
              144
            ],
            [
              185,
              145
            ],
            [
              184,
              145
            ],
            [
              184,
              146
            ],
            [
              183,
              147
            ],
            [
              183,
              149
            ],
            [
              184,
              150
            ],
            [
              184,
              151
            ],
            [
              185,
              151
            ],
            [
              186,
              152
            ],
            [
              191,
              152
            ],
            [
              191,
              151
            ],
            [
              192,
              150
            ],
            [
              192,
              149
            ],
            [
              190,
              147
            ],
            [
              190,
              146
            ],
            [
              187,
              143
            ],
            [
              186,
              143
            ]
          ]
        ]
      },
      "properties": {
        "objectType": "annotation",
        "classification": {
          "name": "Inflammatory",
          "color": [
            0,
            0,
            255
          ]
        },
        "isLocked": false,
        "measurements": []
      }
    },
    {
      "type": "Feature",
      "id": "PathAnnotationObject",
      "geometry": {
        "type": "Polygon",
        "coordinates": [
          [
            [
              83,
              143
            ],
            [
              78,
              143
            ],
            [
              77,
              142
            ],
            [
              75,
              142
            ],
            [
              74,
              143
            ],
            [
              71,
              143
            ],
            [
              70,
              144
            ],
            [
              70,
              148
            ],
            [
              67,
              151
            ],
            [
              68,
              152
            ],
            [
              69,
              152
            ],
            [
              71,
              155
            ],
            [
              72,
              154
            ],
            [
              74,
              154
            ],
            [
              75,
              153
            ],
            [
              80,
              151
            ],
            [
              81,
              150
            ],
            [
              81,
              149
            ],
            [
              82,
              148
            ],
            [
              83,
              148
            ],
            [
              83,
              147
            ],
            [
              84,
              146
            ],
            [
              83,
              143
            ]
          ]
        ]
      },
      "properties": {
        "objectType": "annotation",
        "classification": {
          "name": "Neoplastic",
          "color": [
            255,
            0,
            0
          ]
        },
        "isLocked": false,
        "measurements": []
      }
    },
    {
      "type": "Feature",
      "id": "PathAnnotationObject",
      "geometry": {
        "type": "Polygon",
        "coordinates": [
          [
            [
              178,
              147
            ],
            [
              177,
              147
            ],
            [
              174,
              150
            ],
            [
              174,
              151
            ],
            [
              173,
              152
            ],
            [
              174,
              153
            ],
            [
              174,
              154
            ],
            [
              177,
              154
            ],
            [
              180,
              151
            ],
            [
              180,
              150
            ],
            [
              179,
              150
            ],
            [
              178,
              149
            ],
            [
              178,
              147
            ]
          ]
        ]
      },
      "properties": {
        "objectType": "annotation",
        "classification": {
          "name": "Neoplastic",
          "color": [
            255,
            0,
            0
          ]
        },
        "isLocked": false,
        "measurements": []
      }
    },
    {
      "type": "Feature",
      "id": "PathAnnotationObject",
      "geometry": {
        "type": "Polygon",
        "coordinates": [
          [
            [
              137,
              148
            ],
            [
              135,
              150
            ],
            [
              135,
              152
            ],
            [
              136,
              153
            ],
            [
              136,
              154
            ],
            [
              137,
              154
            ],
            [
              139,
              156
            ],
            [
              142,
              156
            ],
            [
              142,
              155
            ],
            [
              143,
              154
            ],
            [
              143,
              151
            ],
            [
              144,
              150
            ],
            [
              143,
              150
            ],
            [
              142,
              149
            ],
            [
              142,
              148
            ],
            [
              137,
              148
            ]
          ]
        ]
      },
      "properties": {
        "objectType": "annotation",
        "classification": {
          "name": "Inflammatory",
          "color": [
            0,
            0,
            255
          ]
        },
        "isLocked": false,
        "measurements": []
      }
    },
    {
      "type": "Feature",
      "id": "PathAnnotationObject",
      "geometry": {
        "type": "Polygon",
        "coordinates": [
          [
            [
              87,
              149
            ],
            [
              86,
              150
            ],
            [
              85,
              150
            ],
            [
              83,
              152
            ],
            [
              83,
              154
            ],
            [
              85,
              156
            ],
            [
              87,
              156
            ],
            [
              88,
              157
            ],
            [
              89,
              157
            ],
            [
              90,
              156
            ],
            [
              91,
              156
            ],
            [
              93,
              154
            ],
            [
              91,
              152
            ],
            [
              91,
              150
            ],
            [
              89,
              150
            ],
            [
              88,
              149
            ],
            [
              87,
              149
            ]
          ]
        ]
      },
      "properties": {
        "objectType": "annotation",
        "classification": {
          "name": "Neoplastic",
          "color": [
            255,
            0,
            0
          ]
        },
        "isLocked": false,
        "measurements": []
      }
    },
    {
      "type": "Feature",
      "id": "PathAnnotationObject",
      "geometry": {
        "type": "Polygon",
        "coordinates": [
          [
            [
              0,
              155
            ],
            [
              0,
              157
            ],
            [
              1,
              158
            ],
            [
              2,
              158
            ],
            [
              3,
              159
            ],
            [
              4,
              158
            ],
            [
              7,
              158
            ],
            [
              7,
              155
            ],
            [
              6,
              155
            ],
            [
              4,
              153
            ],
            [
              2,
              153
            ],
            [
              0,
              155
            ]
          ]
        ]
      },
      "properties": {
        "objectType": "annotation",
        "classification": {
          "name": "Connective",
          "color": [
            0,
            255,
            0
          ]
        },
        "isLocked": false,
        "measurements": []
      }
    },
    {
      "type": "Feature",
      "id": "PathAnnotationObject",
      "geometry": {
        "type": "Polygon",
        "coordinates": [
          [
            [
              143,
              155
            ],
            [
              143,
              157
            ],
            [
              148,
              161
            ],
            [
              156,
              161
            ],
            [
              158,
              159
            ],
            [
              158,
              158
            ],
            [
              156,
              156
            ],
            [
              156,
              155
            ],
            [
              155,
              155
            ],
            [
              153,
              153
            ],
            [
              152,
              153
            ],
            [
              151,
              152
            ],
            [
              146,
              152
            ],
            [
              145,
              153
            ],
            [
              145,
              154
            ],
            [
              144,
              155
            ],
            [
              143,
              155
            ]
          ]
        ]
      },
      "properties": {
        "objectType": "annotation",
        "classification": {
          "name": "Inflammatory",
          "color": [
            0,
            0,
            255
          ]
        },
        "isLocked": false,
        "measurements": []
      }
    },
    {
      "type": "Feature",
      "id": "PathAnnotationObject",
      "geometry": {
        "type": "Polygon",
        "coordinates": [
          [
            [
              162,
              153
            ],
            [
              162,
              158
            ],
            [
              164,
              160
            ],
            [
              164,
              161
            ],
            [
              165,
              161
            ],
            [
              166,
              160
            ],
            [
              166,
              159
            ],
            [
              167,
              158
            ],
            [
              167,
              157
            ],
            [
              166,
              156
            ],
            [
              166,
              154
            ],
            [
              165,
              153
            ],
            [
              162,
              153
            ]
          ]
        ]
      },
      "properties": {
        "objectType": "annotation",
        "classification": {
          "name": "Inflammatory",
          "color": [
            0,
            0,
            255
          ]
        },
        "isLocked": false,
        "measurements": []
      }
    },
    {
      "type": "Feature",
      "id": "PathAnnotationObject",
      "geometry": {
        "type": "Polygon",
        "coordinates": [
          [
            [
              32,
              155
            ],
            [
              32,
              158
            ],
            [
              33,
              158
            ],
            [
              36,
              161
            ],
            [
              39,
              161
            ],
            [
              40,
              162
            ],
            [
              47,
              162
            ],
            [
              49,
              160
            ],
            [
              49,
              157
            ],
            [
              48,
              156
            ],
            [
              47,
              153
            ],
            [
              43,
              153
            ],
            [
              42,
              152
            ],
            [
              36,
              152
            ],
            [
              35,
              153
            ],
            [
              33,
              153
            ],
            [
              33,
              154
            ],
            [
              32,
              155
            ]
          ]
        ]
      },
      "properties": {
        "objectType": "annotation",
        "classification": {
          "name": "Neoplastic",
          "color": [
            255,
            0,
            0
          ]
        },
        "isLocked": false,
        "measurements": []
      }
    },
    {
      "type": "Feature",
      "id": "PathAnnotationObject",
      "geometry": {
        "type": "Polygon",
        "coordinates": [
          [
            [
              99,
              155
            ],
            [
              99,
              160
            ],
            [
              100,
              161
            ],
            [
              101,
              161
            ],
            [
              102,
              162
            ],
            [
              102,
              163
            ],
            [
              105,
              165
            ],
            [
              108,
              165
            ],
            [
              109,
              166
            ],
            [
              111,
              166
            ],
            [
              112,
              165
            ],
            [
              115,
              164
            ],
            [
              115,
              163
            ],
            [
              116,
              162
            ],
            [
              115,
              155
            ],
            [
              114,
              155
            ],
            [
              113,
              154
            ],
            [
              113,
              153
            ],
            [
              110,
              153
            ],
            [
              109,
              152
            ],
            [
              106,
              152
            ],
            [
              105,
              151
            ],
            [
              103,
              151
            ],
            [
              103,
              152
            ],
            [
              99,
              155
            ]
          ]
        ]
      },
      "properties": {
        "objectType": "annotation",
        "classification": {
          "name": "Neoplastic",
          "color": [
            255,
            0,
            0
          ]
        },
        "isLocked": false,
        "measurements": []
      }
    },
    {
      "type": "Feature",
      "id": "PathAnnotationObject",
      "geometry": {
        "type": "Polygon",
        "coordinates": [
          [
            [
              7,
              159
            ],
            [
              8,
              160
            ],
            [
              8,
              163
            ],
            [
              13,
              163
            ],
            [
              14,
              162
            ],
            [
              15,
              162
            ],
            [
              16,
              161
            ],
            [
              16,
              159
            ],
            [
              14,
              159
            ],
            [
              12,
              157
            ],
            [
              8,
              157
            ],
            [
              8,
              158
            ],
            [
              7,
              159
            ]
          ]
        ]
      },
      "properties": {
        "objectType": "annotation",
        "classification": {
          "name": "Inflammatory",
          "color": [
            0,
            0,
            255
          ]
        },
        "isLocked": false,
        "measurements": []
      }
    },
    {
      "type": "Feature",
      "id": "PathAnnotationObject",
      "geometry": {
        "type": "Polygon",
        "coordinates": [
          [
            [
              225,
              147
            ],
            [
              223,
              148
            ],
            [
              223,
              155
            ],
            [
              222,
              156
            ],
            [
              222,
              158
            ],
            [
              227,
              163
            ],
            [
              228,
              166
            ],
            [
              232,
              167
            ],
            [
              234,
              165
            ],
            [
              236,
              165
            ],
            [
              239,
              162
            ],
            [
              239,
              160
            ],
            [
              235,
              157
            ],
            [
              232,
              157
            ],
            [
              227,
              150
            ],
            [
              227,
              147
            ],
            [
              225,
              147
            ]
          ]
        ]
      },
      "properties": {
        "objectType": "annotation",
        "classification": {
          "name": "Inflammatory",
          "color": [
            0,
            0,
            255
          ]
        },
        "isLocked": false,
        "measurements": []
      }
    },
    {
      "type": "Feature",
      "id": "PathAnnotationObject",
      "geometry": {
        "type": "Polygon",
        "coordinates": [
          [
            [
              194,
              158
            ],
            [
              191,
              160
            ],
            [
              191,
              168
            ],
            [
              193,
              171
            ],
            [
              196,
              171
            ],
            [
              197,
              172
            ],
            [
              198,
              171
            ],
            [
              198,
              162
            ],
            [
              197,
              161
            ],
            [
              197,
              159
            ],
            [
              196,
              159
            ],
            [
              195,
              158
            ],
            [
              194,
              158
            ]
          ]
        ]
      },
      "properties": {
        "objectType": "annotation",
        "classification": {
          "name": "Neoplastic",
          "color": [
            255,
            0,
            0
          ]
        },
        "isLocked": false,
        "measurements": []
      }
    },
    {
      "type": "Feature",
      "id": "PathAnnotationObject",
      "geometry": {
        "type": "Polygon",
        "coordinates": [
          [
            [
              72,
              159
            ],
            [
              72,
              160
            ],
            [
              71,
              161
            ],
            [
              71,
              162
            ],
            [
              69,
              165
            ],
            [
              69,
              169
            ],
            [
              71,
              171
            ],
            [
              78,
              171
            ],
            [
              78,
              170
            ],
            [
              80,
              168
            ],
            [
              80,
              161
            ],
            [
              78,
              159
            ],
            [
              72,
              159
            ]
          ]
        ]
      },
      "properties": {
        "objectType": "annotation",
        "classification": {
          "name": "Neoplastic",
          "color": [
            255,
            0,
            0
          ]
        },
        "isLocked": false,
        "measurements": []
      }
    },
    {
      "type": "Feature",
      "id": "PathAnnotationObject",
      "geometry": {
        "type": "Polygon",
        "coordinates": [
          [
            [
              168,
              164
            ],
            [
              167,
              164
            ],
            [
              166,
              163
            ],
            [
              165,
              163
            ],
            [
              162,
              161
            ],
            [
              161,
              162
            ],
            [
              160,
              162
            ],
            [
              160,
              163
            ],
            [
              158,
              165
            ],
            [
              157,
              165
            ],
            [
              155,
              167
            ],
            [
              155,
              168
            ],
            [
              158,
              171
            ],
            [
              161,
              171
            ],
            [
              162,
              170
            ],
            [
              163,
              170
            ],
            [
              164,
              169
            ],
            [
              165,
              169
            ],
            [
              167,
              167
            ],
            [
              167,
              165
            ],
            [
              168,
              164
            ]
          ]
        ]
      },
      "properties": {
        "objectType": "annotation",
        "classification": {
          "name": "Inflammatory",
          "color": [
            0,
            0,
            255
          ]
        },
        "isLocked": false,
        "measurements": []
      }
    },
    {
      "type": "Feature",
      "id": "PathAnnotationObject",
      "geometry": {
        "type": "Polygon",
        "coordinates": [
          [
            [
              45,
              168
            ],
            [
              45,
              169
            ],
            [
              50,
              174
            ],
            [
              54,
              174
            ],
            [
              55,
              175
            ],
            [
              59,
              175
            ],
            [
              60,
              174
            ],
            [
              61,
              174
            ],
            [
              61,
              173
            ],
            [
              62,
              172
            ],
            [
              61,
              171
            ],
            [
              61,
              169
            ],
            [
              60,
              169
            ],
            [
              57,
              166
            ],
            [
              56,
              166
            ],
            [
              53,
              164
            ],
            [
              52,
              164
            ],
            [
              51,
              165
            ],
            [
              48,
              165
            ],
            [
              45,
              168
            ]
          ]
        ]
      },
      "properties": {
        "objectType": "annotation",
        "classification": {
          "name": "Neoplastic",
          "color": [
            255,
            0,
            0
          ]
        },
        "isLocked": false,
        "measurements": []
      }
    },
    {
      "type": "Feature",
      "id": "PathAnnotationObject",
      "geometry": {
        "type": "Polygon",
        "coordinates": [
          [
            [
              87,
              165
            ],
            [
              86,
              166
            ],
            [
              86,
              167
            ],
            [
              85,
              168
            ],
            [
              85,
              171
            ],
            [
              86,
              172
            ],
            [
              86,
              173
            ],
            [
              87,
              173
            ],
            [
              88,
              174
            ],
            [
              93,
              174
            ],
            [
              95,
              172
            ],
            [
              95,
              167
            ],
            [
              93,
              165
            ],
            [
              87,
              165
            ]
          ]
        ]
      },
      "properties": {
        "objectType": "annotation",
        "classification": {
          "name": "Neoplastic",
          "color": [
            255,
            0,
            0
          ]
        },
        "isLocked": false,
        "measurements": []
      }
    },
    {
      "type": "Feature",
      "id": "PathAnnotationObject",
      "geometry": {
        "type": "Polygon",
        "coordinates": [
          [
            [
              8,
              167
            ],
            [
              8,
              168
            ],
            [
              7,
              169
            ],
            [
              6,
              169
            ],
            [
              6,
              175
            ],
            [
              7,
              176
            ],
            [
              10,
              176
            ],
            [
              11,
              175
            ],
            [
              12,
              175
            ],
            [
              12,
              174
            ],
            [
              13,
              173
            ],
            [
              13,
              169
            ],
            [
              12,
              168
            ],
            [
              11,
              168
            ],
            [
              10,
              167
            ],
            [
              8,
              167
            ]
          ]
        ]
      },
      "properties": {
        "objectType": "annotation",
        "classification": {
          "name": "Inflammatory",
          "color": [
            0,
            0,
            255
          ]
        },
        "isLocked": false,
        "measurements": []
      }
    },
    {
      "type": "Feature",
      "id": "PathAnnotationObject",
      "geometry": {
        "type": "Polygon",
        "coordinates": [
          [
            [
              134,
              163
            ],
            [
              132,
              165
            ],
            [
              131,
              165
            ],
            [
              131,
              167
            ],
            [
              130,
              168
            ],
            [
              130,
              171
            ],
            [
              131,
              172
            ],
            [
              131,
              174
            ],
            [
              132,
              175
            ],
            [
              133,
              178
            ],
            [
              135,
              178
            ],
            [
              136,
              179
            ],
            [
              138,
              179
            ],
            [
              139,
              178
            ],
            [
              140,
              178
            ],
            [
              141,
              179
            ],
            [
              142,
              179
            ],
            [
              144,
              177
            ],
            [
              144,
              171
            ],
            [
              141,
              167
            ],
            [
              140,
              167
            ],
            [
              138,
              165
            ],
            [
              137,
              165
            ],
            [
              134,
              163
            ]
          ]
        ]
      },
      "properties": {
        "objectType": "annotation",
        "classification": {
          "name": "Neoplastic",
          "color": [
            255,
            0,
            0
          ]
        },
        "isLocked": false,
        "measurements": []
      }
    },
    {
      "type": "Feature",
      "id": "PathAnnotationObject",
      "geometry": {
        "type": "Polygon",
        "coordinates": [
          [
            [
              16,
              170
            ],
            [
              16,
              174
            ],
            [
              17,
              174
            ],
            [
              18,
              175
            ],
            [
              20,
              175
            ],
            [
              21,
              174
            ],
            [
              22,
              174
            ],
            [
              23,
              173
            ],
            [
              23,
              171
            ],
            [
              22,
              170
            ],
            [
              21,
              170
            ],
            [
              20,
              169
            ],
            [
              17,
              169
            ],
            [
              16,
              170
            ]
          ]
        ]
      },
      "properties": {
        "objectType": "annotation",
        "classification": {
          "name": "Inflammatory",
          "color": [
            0,
            0,
            255
          ]
        },
        "isLocked": false,
        "measurements": []
      }
    },
    {
      "type": "Feature",
      "id": "PathAnnotationObject",
      "geometry": {
        "type": "Polygon",
        "coordinates": [
          [
            [
              184,
              168
            ],
            [
              183,
              169
            ],
            [
              181,
              169
            ],
            [
              181,
              170
            ],
            [
              179,
              173
            ],
            [
              179,
              178
            ],
            [
              182,
              181
            ],
            [
              183,
              181
            ],
            [
              184,
              182
            ],
            [
              184,
              183
            ],
            [
              185,
              183
            ],
            [
              187,
              181
            ],
            [
              188,
              181
            ],
            [
              188,
              170
            ],
            [
              187,
              169
            ],
            [
              185,
              169
            ],
            [
              184,
              168
            ]
          ]
        ]
      },
      "properties": {
        "objectType": "annotation",
        "classification": {
          "name": "Neoplastic",
          "color": [
            255,
            0,
            0
          ]
        },
        "isLocked": false,
        "measurements": []
      }
    },
    {
      "type": "Feature",
      "id": "PathAnnotationObject",
      "geometry": {
        "type": "Polygon",
        "coordinates": [
          [
            [
              206,
              166
            ],
            [
              205,
              167
            ],
            [
              205,
              168
            ],
            [
              204,
              169
            ],
            [
              204,
              171
            ],
            [
              203,
              172
            ],
            [
              203,
              176
            ],
            [
              204,
              176
            ],
            [
              205,
              177
            ],
            [
              211,
              177
            ],
            [
              211,
              175
            ],
            [
              212,
              174
            ],
            [
              212,
              172
            ],
            [
              211,
              171
            ],
            [
              211,
              170
            ],
            [
              210,
              169
            ],
            [
              210,
              168
            ],
            [
              208,
              166
            ],
            [
              206,
              166
            ]
          ]
        ]
      },
      "properties": {
        "objectType": "annotation",
        "classification": {
          "name": "Neoplastic",
          "color": [
            255,
            0,
            0
          ]
        },
        "isLocked": false,
        "measurements": []
      }
    },
    {
      "type": "Feature",
      "id": "PathAnnotationObject",
      "geometry": {
        "type": "Polygon",
        "coordinates": [
          [
            [
              147,
              174
            ],
            [
              148,
              175
            ],
            [
              148,
              176
            ],
            [
              150,
              178
            ],
            [
              156,
              178
            ],
            [
              157,
              177
            ],
            [
              157,
              174
            ],
            [
              156,
              173
            ],
            [
              155,
              173
            ],
            [
              154,
              172
            ],
            [
              148,
              172
            ],
            [
              148,
              173
            ],
            [
              147,
              174
            ]
          ]
        ]
      },
      "properties": {
        "objectType": "annotation",
        "classification": {
          "name": "Inflammatory",
          "color": [
            0,
            0,
            255
          ]
        },
        "isLocked": false,
        "measurements": []
      }
    },
    {
      "type": "Feature",
      "id": "PathAnnotationObject",
      "geometry": {
        "type": "Polygon",
        "coordinates": [
          [
            [
              214,
              170
            ],
            [
              213,
              171
            ],
            [
              213,
              176
            ],
            [
              214,
              177
            ],
            [
              214,
              178
            ],
            [
              216,
              180
            ],
            [
              216,
              182
            ],
            [
              217,
              183
            ],
            [
              222,
              183
            ],
            [
              224,
              181
            ],
            [
              224,
              175
            ],
            [
              222,
              173
            ],
            [
              222,
              172
            ],
            [
              221,
              172
            ],
            [
              219,
              170
            ],
            [
              214,
              170
            ]
          ]
        ]
      },
      "properties": {
        "objectType": "annotation",
        "classification": {
          "name": "Neoplastic",
          "color": [
            255,
            0,
            0
          ]
        },
        "isLocked": false,
        "measurements": []
      }
    },
    {
      "type": "Feature",
      "id": "PathAnnotationObject",
      "geometry": {
        "type": "Polygon",
        "coordinates": [
          [
            [
              242,
              172
            ],
            [
              242,
              173
            ],
            [
              240,
              175
            ],
            [
              240,
              178
            ],
            [
              242,
              180
            ],
            [
              242,
              182
            ],
            [
              245,
              182
            ],
            [
              246,
              183
            ],
            [
              255,
              183
            ],
            [
              255,
              176
            ],
            [
              252,
              173
            ],
            [
              246,
              173
            ],
            [
              245,
              172
            ],
            [
              242,
              172
            ]
          ]
        ]
      },
      "properties": {
        "objectType": "annotation",
        "classification": {
          "name": "Neoplastic",
          "color": [
            255,
            0,
            0
          ]
        },
        "isLocked": false,
        "measurements": []
      }
    },
    {
      "type": "Feature",
      "id": "PathAnnotationObject",
      "geometry": {
        "type": "Polygon",
        "coordinates": [
          [
            [
              64,
              176
            ],
            [
              64,
              181
            ],
            [
              66,
              183
            ],
            [
              67,
              183
            ],
            [
              70,
              185
            ],
            [
              76,
              185
            ],
            [
              79,
              182
            ],
            [
              78,
              179
            ],
            [
              77,
              179
            ],
            [
              76,
              178
            ],
            [
              76,
              177
            ],
            [
              75,
              177
            ],
            [
              73,
              175
            ],
            [
              72,
              175
            ],
            [
              71,
              174
            ],
            [
              68,
              174
            ],
            [
              67,
              175
            ],
            [
              65,
              175
            ],
            [
              64,
              176
            ]
          ]
        ]
      },
      "properties": {
        "objectType": "annotation",
        "classification": {
          "name": "Neoplastic",
          "color": [
            255,
            0,
            0
          ]
        },
        "isLocked": false,
        "measurements": []
      }
    },
    {
      "type": "Feature",
      "id": "PathAnnotationObject",
      "geometry": {
        "type": "Polygon",
        "coordinates": [
          [
            [
              34,
              175
            ],
            [
              31,
              175
            ],
            [
              29,
              177
            ],
            [
              26,
              177
            ],
            [
              26,
              178
            ],
            [
              25,
              179
            ],
            [
              25,
              180
            ],
            [
              29,
              184
            ],
            [
              29,
              185
            ],
            [
              32,
              185
            ],
            [
              32,
              184
            ],
            [
              33,
              183
            ],
            [
              34,
              183
            ],
            [
              34,
              182
            ],
            [
              35,
              181
            ],
            [
              35,
              177
            ],
            [
              34,
              176
            ],
            [
              34,
              175
            ]
          ]
        ]
      },
      "properties": {
        "objectType": "annotation",
        "classification": {
          "name": "Inflammatory",
          "color": [
            0,
            0,
            255
          ]
        },
        "isLocked": false,
        "measurements": []
      }
    },
    {
      "type": "Feature",
      "id": "PathAnnotationObject",
      "geometry": {
        "type": "Polygon",
        "coordinates": [
          [
            [
              203,
              177
            ],
            [
              203,
              182
            ],
            [
              204,
              183
            ],
            [
              204,
              184
            ],
            [
              206,
              186
            ],
            [
              210,
              186
            ],
            [
              211,
              187
            ],
            [
              209,
              189
            ],
            [
              210,
              190
            ],
            [
              211,
              189
            ],
            [
              212,
              189
            ],
            [
              213,
              188
            ],
            [
              213,
              185
            ],
            [
              212,
              184
            ],
            [
              212,
              180
            ],
            [
              211,
              179
            ],
            [
              211,
              178
            ],
            [
              205,
              178
            ],
            [
              204,
              177
            ],
            [
              203,
              177
            ]
          ]
        ]
      },
      "properties": {
        "objectType": "annotation",
        "classification": {
          "name": "Neoplastic",
          "color": [
            255,
            0,
            0
          ]
        },
        "isLocked": false,
        "measurements": []
      }
    },
    {
      "type": "Feature",
      "id": "PathAnnotationObject",
      "geometry": {
        "type": "Polygon",
        "coordinates": [
          [
            [
              167,
              178
            ],
            [
              166,
              179
            ],
            [
              166,
              180
            ],
            [
              165,
              181
            ],
            [
              165,
              185
            ],
            [
              167,
              187
            ],
            [
              167,
              188
            ],
            [
              171,
              188
            ],
            [
              173,
              186
            ],
            [
              173,
              184
            ],
            [
              172,
              183
            ],
            [
              172,
              180
            ],
            [
              171,
              179
            ],
            [
              170,
              179
            ],
            [
              169,
              178
            ],
            [
              167,
              178
            ]
          ]
        ]
      },
      "properties": {
        "objectType": "annotation",
        "classification": {
          "name": "Neoplastic",
          "color": [
            255,
            0,
            0
          ]
        },
        "isLocked": false,
        "measurements": []
      }
    },
    {
      "type": "Feature",
      "id": "PathAnnotationObject",
      "geometry": {
        "type": "Polygon",
        "coordinates": [
          [
            [
              194,
              174
            ],
            [
              192,
              176
            ],
            [
              192,
              177
            ],
            [
              191,
              178
            ],
            [
              191,
              181
            ],
            [
              190,
              182
            ],
            [
              190,
              183
            ],
            [
              192,
              186
            ],
            [
              192,
              188
            ],
            [
              194,
              188
            ],
            [
              197,
              190
            ],
            [
              200,
              188
            ],
            [
              200,
              181
            ],
            [
              199,
              180
            ],
            [
              199,
              177
            ],
            [
              198,
              176
            ],
            [
              198,
              175
            ],
            [
              197,
              174
            ],
            [
              194,
              174
            ]
          ]
        ]
      },
      "properties": {
        "objectType": "annotation",
        "classification": {
          "name": "Neoplastic",
          "color": [
            255,
            0,
            0
          ]
        },
        "isLocked": false,
        "measurements": []
      }
    },
    {
      "type": "Feature",
      "id": "PathAnnotationObject",
      "geometry": {
        "type": "Polygon",
        "coordinates": [
          [
            [
              123,
              176
            ],
            [
              119,
              179
            ],
            [
              119,
              186
            ],
            [
              120,
              187
            ],
            [
              120,
              190
            ],
            [
              124,
              195
            ],
            [
              129,
              195
            ],
            [
              130,
              197
            ],
            [
              132,
              197
            ],
            [
              132,
              196
            ],
            [
              130,
              195
            ],
            [
              130,
              194
            ],
            [
              132,
              193
            ],
            [
              131,
              191
            ],
            [
              131,
              187
            ],
            [
              130,
              186
            ],
            [
              130,
              181
            ],
            [
              127,
              177
            ],
            [
              127,
              176
            ],
            [
              123,
              176
            ]
          ]
        ]
      },
      "properties": {
        "objectType": "annotation",
        "classification": {
          "name": "Neoplastic",
          "color": [
            255,
            0,
            0
          ]
        },
        "isLocked": false,
        "measurements": []
      }
    },
    {
      "type": "Feature",
      "id": "PathAnnotationObject",
      "geometry": {
        "type": "Polygon",
        "coordinates": [
          [
            [
              102,
              180
            ],
            [
              101,
              179
            ],
            [
              99,
              179
            ],
            [
              97,
              177
            ],
            [
              96,
              177
            ],
            [
              94,
              179
            ],
            [
              90,
              179
            ],
            [
              84,
              184
            ],
            [
              84,
              186
            ],
            [
              83,
              187
            ],
            [
              87,
              190
            ],
            [
              90,
              190
            ],
            [
              91,
              191
            ],
            [
              98,
              191
            ],
            [
              99,
              190
            ],
            [
              101,
              190
            ],
            [
              102,
              189
            ],
            [
              102,
              180
            ]
          ]
        ]
      },
      "properties": {
        "objectType": "annotation",
        "classification": {
          "name": "Neoplastic",
          "color": [
            255,
            0,
            0
          ]
        },
        "isLocked": false,
        "measurements": []
      }
    },
    {
      "type": "Feature",
      "id": "PathAnnotationObject",
      "geometry": {
        "type": "Polygon",
        "coordinates": [
          [
            [
              147,
              181
            ],
            [
              143,
              185
            ],
            [
              143,
              187
            ],
            [
              145,
              189
            ],
            [
              145,
              191
            ],
            [
              146,
              191
            ],
            [
              147,
              192
            ],
            [
              147,
              193
            ],
            [
              149,
              195
            ],
            [
              154,
              195
            ],
            [
              154,
              194
            ],
            [
              156,
              192
            ],
            [
              156,
              188
            ],
            [
              157,
              187
            ],
            [
              156,
              186
            ],
            [
              156,
              184
            ],
            [
              154,
              182
            ],
            [
              152,
              182
            ],
            [
              151,
              181
            ],
            [
              147,
              181
            ]
          ]
        ]
      },
      "properties": {
        "objectType": "annotation",
        "classification": {
          "name": "Neoplastic",
          "color": [
            255,
            0,
            0
          ]
        },
        "isLocked": false,
        "measurements": []
      }
    },
    {
      "type": "Feature",
      "id": "PathAnnotationObject",
      "geometry": {
        "type": "Polygon",
        "coordinates": [
          [
            [
              109,
              183
            ],
            [
              106,
              186
            ],
            [
              106,
              191
            ],
            [
              107,
              191
            ],
            [
              109,
              193
            ],
            [
              110,
              193
            ],
            [
              111,
              194
            ],
            [
              112,
              194
            ],
            [
              113,
              193
            ],
            [
              115,
              193
            ],
            [
              115,
              192
            ],
            [
              117,
              190
            ],
            [
              117,
              187
            ],
            [
              115,
              185
            ],
            [
              115,
              184
            ],
            [
              114,
              183
            ],
            [
              109,
              183
            ]
          ]
        ]
      },
      "properties": {
        "objectType": "annotation",
        "classification": {
          "name": "Neoplastic",
          "color": [
            255,
            0,
            0
          ]
        },
        "isLocked": false,
        "measurements": []
      }
    },
    {
      "type": "Feature",
      "id": "PathAnnotationObject",
      "geometry": {
        "type": "Polygon",
        "coordinates": [
          [
            [
              28,
              185
            ],
            [
              27,
              186
            ],
            [
              24,
              186
            ],
            [
              23,
              187
            ],
            [
              23,
              188
            ],
            [
              22,
              189
            ],
            [
              22,
              191
            ],
            [
              24,
              193
            ],
            [
              30,
              193
            ],
            [
              30,
              190
            ],
            [
              31,
              189
            ],
            [
              29,
              187
            ],
            [
              29,
              186
            ],
            [
              28,
              185
            ]
          ]
        ]
      },
      "properties": {
        "objectType": "annotation",
        "classification": {
          "name": "Inflammatory",
          "color": [
            0,
            0,
            255
          ]
        },
        "isLocked": false,
        "measurements": []
      }
    },
    {
      "type": "Feature",
      "id": "PathAnnotationObject",
      "geometry": {
        "type": "Polygon",
        "coordinates": [
          [
            [
              33,
              187
            ],
            [
              33,
              188
            ],
            [
              31,
              190
            ],
            [
              31,
              194
            ],
            [
              32,
              195
            ],
            [
              33,
              195
            ],
            [
              35,
              197
            ],
            [
              37,
              197
            ],
            [
              37,
              196
            ],
            [
              38,
              195
            ],
            [
              39,
              195
            ],
            [
              41,
              193
            ],
            [
              41,
              191
            ],
            [
              37,
              187
            ],
            [
              33,
              187
            ]
          ]
        ]
      },
      "properties": {
        "objectType": "annotation",
        "classification": {
          "name": "Inflammatory",
          "color": [
            0,
            0,
            255
          ]
        },
        "isLocked": false,
        "measurements": []
      }
    },
    {
      "type": "Feature",
      "id": "PathAnnotationObject",
      "geometry": {
        "type": "Polygon",
        "coordinates": [
          [
            [
              225,
              189
            ],
            [
              223,
              189
            ],
            [
              222,
              188
            ],
            [
              221,
              189
            ],
            [
              218,
              189
            ],
            [
              216,
              191
            ],
            [
              216,
              194
            ],
            [
              215,
              195
            ],
            [
              216,
              196
            ],
            [
              216,
              197
            ],
            [
              217,
              197
            ],
            [
              220,
              199
            ],
            [
              222,
              199
            ],
            [
              223,
              198
            ],
            [
              225,
              198
            ],
            [
              225,
              197
            ],
            [
              227,
              195
            ],
            [
              227,
              194
            ],
            [
              226,
              193
            ],
            [
              226,
              191
            ],
            [
              225,
              190
            ],
            [
              225,
              189
            ]
          ]
        ]
      },
      "properties": {
        "objectType": "annotation",
        "classification": {
          "name": "Neoplastic",
          "color": [
            255,
            0,
            0
          ]
        },
        "isLocked": false,
        "measurements": []
      }
    },
    {
      "type": "Feature",
      "id": "PathAnnotationObject",
      "geometry": {
        "type": "Polygon",
        "coordinates": [
          [
            [
              162,
              187
            ],
            [
              159,
              189
            ],
            [
              159,
              193
            ],
            [
              158,
              194
            ],
            [
              158,
              198
            ],
            [
              160,
              201
            ],
            [
              161,
              201
            ],
            [
              162,
              202
            ],
            [
              164,
              202
            ],
            [
              164,
              200
            ],
            [
              166,
              198
            ],
            [
              166,
              194
            ],
            [
              164,
              192
            ],
            [
              164,
              189
            ],
            [
              162,
              187
            ]
          ]
        ]
      },
      "properties": {
        "objectType": "annotation",
        "classification": {
          "name": "Neoplastic",
          "color": [
            255,
            0,
            0
          ]
        },
        "isLocked": false,
        "measurements": []
      }
    },
    {
      "type": "Feature",
      "id": "PathAnnotationObject",
      "geometry": {
        "type": "Polygon",
        "coordinates": [
          [
            [
              248,
              193
            ],
            [
              244,
              193
            ],
            [
              243,
              194
            ],
            [
              243,
              198
            ],
            [
              245,
              200
            ],
            [
              246,
              199
            ],
            [
              247,
              199
            ],
            [
              249,
              197
            ],
            [
              249,
              194
            ],
            [
              248,
              193
            ]
          ]
        ]
      },
      "properties": {
        "objectType": "annotation",
        "classification": {
          "name": "Neoplastic",
          "color": [
            255,
            0,
            0
          ]
        },
        "isLocked": false,
        "measurements": []
      }
    },
    {
      "type": "Feature",
      "id": "PathAnnotationObject",
      "geometry": {
        "type": "Polygon",
        "coordinates": [
          [
            [
              2,
              192
            ],
            [
              0,
              194
            ],
            [
              0,
              200
            ],
            [
              7,
              200
            ],
            [
              7,
              194
            ],
            [
              6,
              194
            ],
            [
              4,
              192
            ],
            [
              2,
              192
            ]
          ]
        ]
      },
      "properties": {
        "objectType": "annotation",
        "classification": {
          "name": "Inflammatory",
          "color": [
            0,
            0,
            255
          ]
        },
        "isLocked": false,
        "measurements": []
      }
    },
    {
      "type": "Feature",
      "id": "PathAnnotationObject",
      "geometry": {
        "type": "Polygon",
        "coordinates": [
          [
            [
              84,
              192
            ],
            [
              84,
              195
            ],
            [
              85,
              195
            ],
            [
              86,
              196
            ],
            [
              86,
              202
            ],
            [
              89,
              202
            ],
            [
              93,
              198
            ],
            [
              93,
              197
            ],
            [
              91,
              195
            ],
            [
              91,
              194
            ],
            [
              90,
              194
            ],
            [
              89,
              193
            ],
            [
              88,
              193
            ],
            [
              87,
              192
            ],
            [
              84,
              192
            ]
          ]
        ]
      },
      "properties": {
        "objectType": "annotation",
        "classification": {
          "name": "Neoplastic",
          "color": [
            255,
            0,
            0
          ]
        },
        "isLocked": false,
        "measurements": []
      }
    },
    {
      "type": "Feature",
      "id": "PathAnnotationObject",
      "geometry": {
        "type": "Polygon",
        "coordinates": [
          [
            [
              68,
              197
            ],
            [
              68,
              200
            ],
            [
              69,
              200
            ],
            [
              70,
              201
            ],
            [
              71,
              201
            ],
            [
              72,
              202
            ],
            [
              75,
              202
            ],
            [
              76,
              201
            ],
            [
              76,
              198
            ],
            [
              74,
              196
            ],
            [
              69,
              196
            ],
            [
              68,
              197
            ]
          ]
        ]
      },
      "properties": {
        "objectType": "annotation",
        "classification": {
          "name": "Inflammatory",
          "color": [
            0,
            0,
            255
          ]
        },
        "isLocked": false,
        "measurements": []
      }
    },
    {
      "type": "Feature",
      "id": "PathAnnotationObject",
      "geometry": {
        "type": "Polygon",
        "coordinates": [
          [
            [
              99,
              194
            ],
            [
              97,
              196
            ],
            [
              97,
              197
            ],
            [
              96,
              198
            ],
            [
              96,
              200
            ],
            [
              97,
              201
            ],
            [
              97,
              203
            ],
            [
              98,
              203
            ],
            [
              99,
              204
            ],
            [
              99,
              205
            ],
            [
              107,
              205
            ],
            [
              107,
              204
            ],
            [
              108,
              203
            ],
            [
              108,
              198
            ],
            [
              107,
              197
            ],
            [
              107,
              196
            ],
            [
              106,
              196
            ],
            [
              105,
              195
            ],
            [
              105,
              194
            ],
            [
              99,
              194
            ]
          ]
        ]
      },
      "properties": {
        "objectType": "annotation",
        "classification": {
          "name": "Neoplastic",
          "color": [
            255,
            0,
            0
          ]
        },
        "isLocked": false,
        "measurements": []
      }
    },
    {
      "type": "Feature",
      "id": "PathAnnotationObject",
      "geometry": {
        "type": "Polygon",
        "coordinates": [
          [
            [
              253,
              197
            ],
            [
              252,
              197
            ],
            [
              248,
              201
            ],
            [
              248,
              204
            ],
            [
              250,
              206
            ],
            [
              250,
              208
            ],
            [
              251,
              207
            ],
            [
              255,
              207
            ],
            [
              255,
              198
            ],
            [
              254,
              198
            ],
            [
              253,
              197
            ]
          ]
        ]
      },
      "properties": {
        "objectType": "annotation",
        "classification": {
          "name": "Neoplastic",
          "color": [
            255,
            0,
            0
          ]
        },
        "isLocked": false,
        "measurements": []
      }
    },
    {
      "type": "Feature",
      "id": "PathAnnotationObject",
      "geometry": {
        "type": "Polygon",
        "coordinates": [
          [
            [
              143,
              198
            ],
            [
              143,
              202
            ],
            [
              142,
              203
            ],
            [
              141,
              203
            ],
            [
              141,
              205
            ],
            [
              144,
              205
            ],
            [
              148,
              208
            ],
            [
              158,
              208
            ],
            [
              158,
              207
            ],
            [
              159,
              206
            ],
            [
              159,
              204
            ],
            [
              156,
              202
            ],
            [
              156,
              200
            ],
            [
              155,
              199
            ],
            [
              150,
              199
            ],
            [
              147,
              197
            ],
            [
              146,
              197
            ],
            [
              145,
              198
            ],
            [
              143,
              198
            ]
          ]
        ]
      },
      "properties": {
        "objectType": "annotation",
        "classification": {
          "name": "Neoplastic",
          "color": [
            255,
            0,
            0
          ]
        },
        "isLocked": false,
        "measurements": []
      }
    },
    {
      "type": "Feature",
      "id": "PathAnnotationObject",
      "geometry": {
        "type": "Polygon",
        "coordinates": [
          [
            [
              3,
              201
            ],
            [
              3,
              203
            ],
            [
              2,
              204
            ],
            [
              2,
              207
            ],
            [
              3,
              208
            ],
            [
              7,
              208
            ],
            [
              7,
              207
            ],
            [
              9,
              205
            ],
            [
              9,
              204
            ],
            [
              8,
              203
            ],
            [
              8,
              201
            ],
            [
              3,
              201
            ]
          ]
        ]
      },
      "properties": {
        "objectType": "annotation",
        "classification": {
          "name": "Inflammatory",
          "color": [
            0,
            0,
            255
          ]
        },
        "isLocked": false,
        "measurements": []
      }
    },
    {
      "type": "Feature",
      "id": "PathAnnotationObject",
      "geometry": {
        "type": "Polygon",
        "coordinates": [
          [
            [
              194,
              198
            ],
            [
              191,
              198
            ],
            [
              190,
              199
            ],
            [
              189,
              199
            ],
            [
              186,
              203
            ],
            [
              186,
              212
            ],
            [
              188,
              215
            ],
            [
              193,
              215
            ],
            [
              198,
              209
            ],
            [
              198,
              206
            ],
            [
              199,
              205
            ],
            [
              199,
              204
            ],
            [
              198,
              203
            ],
            [
              197,
              200
            ],
            [
              194,
              198
            ]
          ]
        ]
      },
      "properties": {
        "objectType": "annotation",
        "classification": {
          "name": "Neoplastic",
          "color": [
            255,
            0,
            0
          ]
        },
        "isLocked": false,
        "measurements": []
      }
    },
    {
      "type": "Feature",
      "id": "PathAnnotationObject",
      "geometry": {
        "type": "Polygon",
        "coordinates": [
          [
            [
              14,
              202
            ],
            [
              12,
              204
            ],
            [
              12,
              207
            ],
            [
              13,
              208
            ],
            [
              13,
              209
            ],
            [
              14,
              210
            ],
            [
              15,
              210
            ],
            [
              16,
              211
            ],
            [
              16,
              212
            ],
            [
              18,
              214
            ],
            [
              19,
              214
            ],
            [
              20,
              213
            ],
            [
              21,
              213
            ],
            [
              21,
              212
            ],
            [
              20,
              211
            ],
            [
              20,
              210
            ],
            [
              18,
              208
            ],
            [
              18,
              204
            ],
            [
              16,
              202
            ],
            [
              14,
              202
            ]
          ]
        ]
      },
      "properties": {
        "objectType": "annotation",
        "classification": {
          "name": "Neoplastic",
          "color": [
            255,
            0,
            0
          ]
        },
        "isLocked": false,
        "measurements": []
      }
    },
    {
      "type": "Feature",
      "id": "PathAnnotationObject",
      "geometry": {
        "type": "Polygon",
        "coordinates": [
          [
            [
              172,
              204
            ],
            [
              172,
              205
            ],
            [
              171,
              206
            ],
            [
              170,
              206
            ],
            [
              170,
              210
            ],
            [
              171,
              210
            ],
            [
              172,
              211
            ],
            [
              172,
              213
            ],
            [
              174,
              215
            ],
            [
              176,
              215
            ],
            [
              178,
              217
            ],
            [
              181,
              217
            ],
            [
              183,
              215
            ],
            [
              183,
              212
            ],
            [
              181,
              209
            ],
            [
              181,
              207
            ],
            [
              180,
              206
            ],
            [
              180,
              204
            ],
            [
              172,
              204
            ]
          ]
        ]
      },
      "properties": {
        "objectType": "annotation",
        "classification": {
          "name": "Neoplastic",
          "color": [
            255,
            0,
            0
          ]
        },
        "isLocked": false,
        "measurements": []
      }
    },
    {
      "type": "Feature",
      "id": "PathAnnotationObject",
      "geometry": {
        "type": "Polygon",
        "coordinates": [
          [
            [
              82,
              207
            ],
            [
              83,
              208
            ],
            [
              83,
              212
            ],
            [
              85,
              214
            ],
            [
              85,
              215
            ],
            [
              87,
              217
            ],
            [
              88,
              217
            ],
            [
              91,
              219
            ],
            [
              92,
              219
            ],
            [
              94,
              217
            ],
            [
              95,
              217
            ],
            [
              95,
              216
            ],
            [
              98,
              213
            ],
            [
              98,
              209
            ],
            [
              97,
              209
            ],
            [
              95,
              207
            ],
            [
              95,
              206
            ],
            [
              83,
              206
            ],
            [
              82,
              207
            ]
          ]
        ]
      },
      "properties": {
        "objectType": "annotation",
        "classification": {
          "name": "Neoplastic",
          "color": [
            255,
            0,
            0
          ]
        },
        "isLocked": false,
        "measurements": []
      }
    },
    {
      "type": "Feature",
      "id": "PathAnnotationObject",
      "geometry": {
        "type": "Polygon",
        "coordinates": [
          [
            [
              42,
              213
            ],
            [
              42,
              217
            ],
            [
              43,
              219
            ],
            [
              46,
              221
            ],
            [
              60,
              221
            ],
            [
              62,
              220
            ],
            [
              64,
              217
            ],
            [
              64,
              213
            ],
            [
              61,
              210
            ],
            [
              61,
              209
            ],
            [
              60,
              209
            ],
            [
              57,
              206
            ],
            [
              55,
              206
            ],
            [
              54,
              204
            ],
            [
              52,
              204
            ],
            [
              48,
              206
            ],
            [
              42,
              213
            ]
          ]
        ]
      },
      "properties": {
        "objectType": "annotation",
        "classification": {
          "name": "Neoplastic",
          "color": [
            255,
            0,
            0
          ]
        },
        "isLocked": false,
        "measurements": []
      }
    },
    {
      "type": "Feature",
      "id": "PathAnnotationObject",
      "geometry": {
        "type": "Polygon",
        "coordinates": [
          [
            [
              128,
              205
            ],
            [
              131,
              209
            ],
            [
              132,
              212
            ],
            [
              135,
              214
            ],
            [
              135,
              216
            ],
            [
              137,
              219
            ],
            [
              143,
              219
            ],
            [
              146,
              216
            ],
            [
              146,
              212
            ],
            [
              145,
              211
            ],
            [
              145,
              210
            ],
            [
              141,
              207
            ],
            [
              136,
              206
            ],
            [
              134,
              204
            ],
            [
              129,
              204
            ],
            [
              128,
              205
            ]
          ]
        ]
      },
      "properties": {
        "objectType": "annotation",
        "classification": {
          "name": "Neoplastic",
          "color": [
            255,
            0,
            0
          ]
        },
        "isLocked": false,
        "measurements": []
      }
    },
    {
      "type": "Feature",
      "id": "PathAnnotationObject",
      "geometry": {
        "type": "Polygon",
        "coordinates": [
          [
            [
              78,
              209
            ],
            [
              77,
              210
            ],
            [
              78,
              211
            ],
            [
              78,
              212
            ],
            [
              77,
              213
            ],
            [
              75,
              213
            ],
            [
              74,
              214
            ],
            [
              74,
              215
            ],
            [
              75,
              216
            ],
            [
              78,
              216
            ],
            [
              79,
              215
            ],
            [
              80,
              215
            ],
            [
              80,
              213
            ],
            [
              79,
              212
            ],
            [
              79,
              211
            ],
            [
              78,
              210
            ],
            [
              78,
              209
            ]
          ]
        ]
      },
      "properties": {
        "objectType": "annotation",
        "classification": {
          "name": "Neoplastic",
          "color": [
            255,
            0,
            0
          ]
        },
        "isLocked": false,
        "measurements": []
      }
    },
    {
      "type": "Feature",
      "id": "PathAnnotationObject",
      "geometry": {
        "type": "Polygon",
        "coordinates": [
          [
            [
              232,
              209
            ],
            [
              230,
              209
            ],
            [
              228,
              211
            ],
            [
              227,
              211
            ],
            [
              224,
              214
            ],
            [
              224,
              215
            ],
            [
              223,
              216
            ],
            [
              223,
              221
            ],
            [
              227,
              221
            ],
            [
              228,
              220
            ],
            [
              229,
              220
            ],
            [
              230,
              219
            ],
            [
              231,
              219
            ],
            [
              233,
              217
            ],
            [
              233,
              216
            ],
            [
              234,
              215
            ],
            [
              234,
              211
            ],
            [
              233,
              211
            ],
            [
              232,
              210
            ],
            [
              232,
              209
            ]
          ]
        ]
      },
      "properties": {
        "objectType": "annotation",
        "classification": {
          "name": "Neoplastic",
          "color": [
            255,
            0,
            0
          ]
        },
        "isLocked": false,
        "measurements": []
      }
    },
    {
      "type": "Feature",
      "id": "PathAnnotationObject",
      "geometry": {
        "type": "Polygon",
        "coordinates": [
          [
            [
              214,
              211
            ],
            [
              214,
              212
            ],
            [
              212,
              214
            ],
            [
              212,
              215
            ],
            [
              213,
              216
            ],
            [
              213,
              217
            ],
            [
              215,
              219
            ],
            [
              217,
              219
            ],
            [
              218,
              218
            ],
            [
              218,
              217
            ],
            [
              217,
              216
            ],
            [
              217,
              215
            ],
            [
              216,
              214
            ],
            [
              215,
              214
            ],
            [
              214,
              213
            ],
            [
              215,
              212
            ],
            [
              214,
              211
            ]
          ]
        ]
      },
      "properties": {
        "objectType": "annotation",
        "classification": {
          "name": "Neoplastic",
          "color": [
            255,
            0,
            0
          ]
        },
        "isLocked": false,
        "measurements": []
      }
    },
    {
      "type": "Feature",
      "id": "PathAnnotationObject",
      "geometry": {
        "type": "Polygon",
        "coordinates": [
          [
            [
              153,
              211
            ],
            [
              153,
              212
            ],
            [
              152,
              213
            ],
            [
              152,
              219
            ],
            [
              155,
              222
            ],
            [
              158,
              222
            ],
            [
              159,
              223
            ],
            [
              161,
              223
            ],
            [
              162,
              222
            ],
            [
              163,
              222
            ],
            [
              166,
              219
            ],
            [
              166,
              216
            ],
            [
              164,
              213
            ],
            [
              159,
              213
            ],
            [
              158,
              212
            ],
            [
              158,
              211
            ],
            [
              153,
              211
            ]
          ]
        ]
      },
      "properties": {
        "objectType": "annotation",
        "classification": {
          "name": "Neoplastic",
          "color": [
            255,
            0,
            0
          ]
        },
        "isLocked": false,
        "measurements": []
      }
    },
    {
      "type": "Feature",
      "id": "PathAnnotationObject",
      "geometry": {
        "type": "Polygon",
        "coordinates": [
          [
            [
              65,
              221
            ],
            [
              65,
              223
            ],
            [
              66,
              224
            ],
            [
              66,
              225
            ],
            [
              69,
              225
            ],
            [
              71,
              227
            ],
            [
              72,
              227
            ],
            [
              73,
              228
            ],
            [
              76,
              228
            ],
            [
              76,
              226
            ],
            [
              77,
              225
            ],
            [
              77,
              224
            ],
            [
              76,
              223
            ],
            [
              76,
              221
            ],
            [
              75,
              220
            ],
            [
              74,
              220
            ],
            [
              71,
              218
            ],
            [
              70,
              219
            ],
            [
              69,
              219
            ],
            [
              68,
              220
            ],
            [
              67,
              220
            ],
            [
              66,
              221
            ],
            [
              65,
              221
            ]
          ]
        ]
      },
      "properties": {
        "objectType": "annotation",
        "classification": {
          "name": "Neoplastic",
          "color": [
            255,
            0,
            0
          ]
        },
        "isLocked": false,
        "measurements": []
      }
    },
    {
      "type": "Feature",
      "id": "PathAnnotationObject",
      "geometry": {
        "type": "Polygon",
        "coordinates": [
          [
            [
              126,
              212
            ],
            [
              126,
              217
            ],
            [
              125,
              218
            ],
            [
              124,
              218
            ],
            [
              124,
              219
            ],
            [
              123,
              220
            ],
            [
              123,
              226
            ],
            [
              125,
              228
            ],
            [
              125,
              229
            ],
            [
              126,
              230
            ],
            [
              130,
              230
            ],
            [
              131,
              229
            ],
            [
              131,
              223
            ],
            [
              130,
              222
            ],
            [
              130,
              220
            ],
            [
              128,
              217
            ],
            [
              129,
              214
            ],
            [
              127,
              212
            ],
            [
              126,
              212
            ]
          ]
        ]
      },
      "properties": {
        "objectType": "annotation",
        "classification": {
          "name": "Neoplastic",
          "color": [
            255,
            0,
            0
          ]
        },
        "isLocked": false,
        "measurements": []
      }
    },
    {
      "type": "Feature",
      "id": "PathAnnotationObject",
      "geometry": {
        "type": "Polygon",
        "coordinates": [
          [
            [
              25,
              218
            ],
            [
              24,
              218
            ],
            [
              23,
              219
            ],
            [
              23,
              223
            ],
            [
              21,
              225
            ],
            [
              21,
              227
            ],
            [
              27,
              227
            ],
            [
              29,
              225
            ],
            [
              27,
              223
            ],
            [
              27,
              222
            ],
            [
              26,
              222
            ],
            [
              25,
              221
            ],
            [
              25,
              218
            ]
          ]
        ]
      },
      "properties": {
        "objectType": "annotation",
        "classification": {
          "name": "Neoplastic",
          "color": [
            255,
            0,
            0
          ]
        },
        "isLocked": false,
        "measurements": []
      }
    },
    {
      "type": "Feature",
      "id": "PathAnnotationObject",
      "geometry": {
        "type": "Polygon",
        "coordinates": [
          [
            [
              11,
              223
            ],
            [
              11,
              224
            ],
            [
              10,
              225
            ],
            [
              10,
              226
            ],
            [
              13,
              229
            ],
            [
              20,
              229
            ],
            [
              20,
              223
            ],
            [
              19,
              223
            ],
            [
              18,
              222
            ],
            [
              13,
              222
            ],
            [
              12,
              223
            ],
            [
              11,
              223
            ]
          ]
        ]
      },
      "properties": {
        "objectType": "annotation",
        "classification": {
          "name": "Inflammatory",
          "color": [
            0,
            0,
            255
          ]
        },
        "isLocked": false,
        "measurements": []
      }
    },
    {
      "type": "Feature",
      "id": "PathAnnotationObject",
      "geometry": {
        "type": "Polygon",
        "coordinates": [
          [
            [
              148,
              225
            ],
            [
              148,
              227
            ],
            [
              149,
              227
            ],
            [
              150,
              228
            ],
            [
              154,
              228
            ],
            [
              154,
              225
            ],
            [
              153,
              224
            ],
            [
              149,
              224
            ],
            [
              148,
              225
            ]
          ]
        ]
      },
      "properties": {
        "objectType": "annotation",
        "classification": {
          "name": "Neoplastic",
          "color": [
            255,
            0,
            0
          ]
        },
        "isLocked": false,
        "measurements": []
      }
    },
    {
      "type": "Feature",
      "id": "PathAnnotationObject",
      "geometry": {
        "type": "Polygon",
        "coordinates": [
          [
            [
              237,
              219
            ],
            [
              236,
              220
            ],
            [
              233,
              221
            ],
            [
              233,
              224
            ],
            [
              232,
              225
            ],
            [
              231,
              225
            ],
            [
              231,
              228
            ],
            [
              233,
              230
            ],
            [
              233,
              234
            ],
            [
              234,
              234
            ],
            [
              235,
              235
            ],
            [
              237,
              232
            ],
            [
              237,
              230
            ],
            [
              239,
              228
            ],
            [
              239,
              227
            ],
            [
              237,
              225
            ],
            [
              237,
              219
            ]
          ]
        ]
      },
      "properties": {
        "objectType": "annotation",
        "classification": {
          "name": "Neoplastic",
          "color": [
            255,
            0,
            0
          ]
        },
        "isLocked": false,
        "measurements": []
      }
    },
    {
      "type": "Feature",
      "id": "PathAnnotationObject",
      "geometry": {
        "type": "Polygon",
        "coordinates": [
          [
            [
              39,
              221
            ],
            [
              38,
              222
            ],
            [
              38,
              225
            ],
            [
              39,
              226
            ],
            [
              39,
              227
            ],
            [
              40,
              228
            ],
            [
              40,
              229
            ],
            [
              41,
              229
            ],
            [
              42,
              230
            ],
            [
              42,
              231
            ],
            [
              44,
              233
            ],
            [
              46,
              233
            ],
            [
              47,
              232
            ],
            [
              47,
              230
            ],
            [
              48,
              229
            ],
            [
              47,
              228
            ],
            [
              47,
              226
            ],
            [
              46,
              225
            ],
            [
              45,
              225
            ],
            [
              44,
              224
            ],
            [
              44,
              223
            ],
            [
              43,
              223
            ],
            [
              41,
              221
            ],
            [
              39,
              221
            ]
          ]
        ]
      },
      "properties": {
        "objectType": "annotation",
        "classification": {
          "name": "Neoplastic",
          "color": [
            255,
            0,
            0
          ]
        },
        "isLocked": false,
        "measurements": []
      }
    },
    {
      "type": "Feature",
      "id": "PathAnnotationObject",
      "geometry": {
        "type": "Polygon",
        "coordinates": [
          [
            [
              220,
              222
            ],
            [
              218,
              224
            ],
            [
              218,
              231
            ],
            [
              222,
              235
            ],
            [
              222,
              236
            ],
            [
              226,
              236
            ],
            [
              227,
              235
            ],
            [
              227,
              233
            ],
            [
              228,
              232
            ],
            [
              228,
              228
            ],
            [
              227,
              227
            ],
            [
              227,
              225
            ],
            [
              226,
              225
            ],
            [
              225,
              224
            ],
            [
              225,
              223
            ],
            [
              223,
              223
            ],
            [
              222,
              222
            ],
            [
              220,
              222
            ]
          ]
        ]
      },
      "properties": {
        "objectType": "annotation",
        "classification": {
          "name": "Neoplastic",
          "color": [
            255,
            0,
            0
          ]
        },
        "isLocked": false,
        "measurements": []
      }
    },
    {
      "type": "Feature",
      "id": "PathAnnotationObject",
      "geometry": {
        "type": "Polygon",
        "coordinates": [
          [
            [
              52,
              229
            ],
            [
              51,
              236
            ],
            [
              55,
              242
            ],
            [
              69,
              242
            ],
            [
              69,
              241
            ],
            [
              71,
              240
            ],
            [
              71,
              238
            ],
            [
              73,
              236
            ],
            [
              73,
              233
            ],
            [
              72,
              233
            ],
            [
              71,
              231
            ],
            [
              66,
              228
            ],
            [
              62,
              228
            ],
            [
              61,
              226
            ],
            [
              58,
              226
            ],
            [
              52,
              229
            ]
          ]
        ]
      },
      "properties": {
        "objectType": "annotation",
        "classification": {
          "name": "Neoplastic",
          "color": [
            255,
            0,
            0
          ]
        },
        "isLocked": false,
        "measurements": []
      }
    },
    {
      "type": "Feature",
      "id": "PathAnnotationObject",
      "geometry": {
        "type": "Polygon",
        "coordinates": [
          [
            [
              185,
              232
            ],
            [
              187,
              232
            ],
            [
              189,
              234
            ],
            [
              189,
              235
            ],
            [
              190,
              236
            ],
            [
              192,
              236
            ],
            [
              195,
              238
            ],
            [
              203,
              238
            ],
            [
              204,
              237
            ],
            [
              203,
              236
            ],
            [
              203,
              235
            ],
            [
              202,
              235
            ],
            [
              199,
              233
            ],
            [
              196,
              233
            ],
            [
              195,
              232
            ],
            [
              194,
              232
            ],
            [
              193,
              231
            ],
            [
              191,
              231
            ],
            [
              190,
              230
            ],
            [
              186,
              230
            ],
            [
              186,
              231
            ],
            [
              185,
              232
            ]
          ]
        ]
      },
      "properties": {
        "objectType": "annotation",
        "classification": {
          "name": "Neoplastic",
          "color": [
            255,
            0,
            0
          ]
        },
        "isLocked": false,
        "measurements": []
      }
    },
    {
      "type": "Feature",
      "id": "PathAnnotationObject",
      "geometry": {
        "type": "Polygon",
        "coordinates": [
          [
            [
              211,
              238
            ],
            [
              208,
              240
            ],
            [
              208,
              244
            ],
            [
              212,
              248
            ],
            [
              213,
              248
            ],
            [
              214,
              249
            ],
            [
              216,
              247
            ],
            [
              217,
              247
            ],
            [
              220,
              245
            ],
            [
              220,
              244
            ],
            [
              219,
              243
            ],
            [
              219,
              240
            ],
            [
              218,
              240
            ],
            [
              215,
              238
            ],
            [
              211,
              238
            ]
          ]
        ]
      },
      "properties": {
        "objectType": "annotation",
        "classification": {
          "name": "Neoplastic",
          "color": [
            255,
            0,
            0
          ]
        },
        "isLocked": false,
        "measurements": []
      }
    },
    {
      "type": "Feature",
      "id": "PathAnnotationObject",
      "geometry": {
        "type": "Polygon",
        "coordinates": [
          [
            [
              197,
              242
            ],
            [
              197,
              244
            ],
            [
              200,
              247
            ],
            [
              202,
              247
            ],
            [
              204,
              249
            ],
            [
              205,
              249
            ],
            [
              205,
              248
            ],
            [
              206,
              247
            ],
            [
              207,
              247
            ],
            [
              207,
              244
            ],
            [
              206,
              243
            ],
            [
              205,
              243
            ],
            [
              204,
              242
            ],
            [
              203,
              242
            ],
            [
              202,
              241
            ],
            [
              198,
              241
            ],
            [
              197,
              242
            ]
          ]
        ]
      },
      "properties": {
        "objectType": "annotation",
        "classification": {
          "name": "Neoplastic",
          "color": [
            255,
            0,
            0
          ]
        },
        "isLocked": false,
        "measurements": []
      }
    },
    {
      "type": "Feature",
      "id": "PathAnnotationObject",
      "geometry": {
        "type": "Polygon",
        "coordinates": [
          [
            [
              152,
              242
            ],
            [
              149,
              242
            ],
            [
              147,
              244
            ],
            [
              147,
              246
            ],
            [
              146,
              247
            ],
            [
              146,
              249
            ],
            [
              147,
              250
            ],
            [
              147,
              251
            ],
            [
              148,
              252
            ],
            [
              149,
              252
            ],
            [
              150,
              251
            ],
            [
              151,
              251
            ],
            [
              152,
              250
            ],
            [
              152,
              249
            ],
            [
              154,
              247
            ],
            [
              154,
              244
            ],
            [
              152,
              242
            ]
          ]
        ]
      },
      "properties": {
        "objectType": "annotation",
        "classification": {
          "name": "Neoplastic",
          "color": [
            255,
            0,
            0
          ]
        },
        "isLocked": false,
        "measurements": []
      }
    },
    {
      "type": "Feature",
      "id": "PathAnnotationObject",
      "geometry": {
        "type": "Polygon",
        "coordinates": [
          [
            [
              229,
              242
            ],
            [
              229,
              243
            ],
            [
              230,
              244
            ],
            [
              230,
              248
            ],
            [
              231,
              249
            ],
            [
              234,
              249
            ],
            [
              235,
              250
            ],
            [
              238,
              247
            ],
            [
              239,
              247
            ],
            [
              239,
              242
            ],
            [
              236,
              242
            ],
            [
              235,
              241
            ],
            [
              234,
              242
            ],
            [
              229,
              242
            ]
          ]
        ]
      },
      "properties": {
        "objectType": "annotation",
        "classification": {
          "name": "Neoplastic",
          "color": [
            255,
            0,
            0
          ]
        },
        "isLocked": false,
        "measurements": []
      }
    },
    {
      "type": "Feature",
      "id": "PathAnnotationObject",
      "geometry": {
        "type": "Polygon",
        "coordinates": [
          [
            [
              63,
              246
            ],
            [
              62,
              247
            ],
            [
              62,
              255
            ],
            [
              68,
              255
            ],
            [
              68,
              247
            ],
            [
              67,
              247
            ],
            [
              66,
              246
            ],
            [
              63,
              246
            ]
          ]
        ]
      },
      "properties": {
        "objectType": "annotation",
        "classification": {
          "name": "Neoplastic",
          "color": [
            255,
            0,
            0
          ]
        },
        "isLocked": false,
        "measurements": []
      }
    },
    {
      "type": "Feature",
      "id": "PathAnnotationObject",
      "geometry": {
        "type": "Polygon",
        "coordinates": [
          [
            [
              179,
              243
            ],
            [
              179,
              244
            ],
            [
              177,
              246
            ],
            [
              177,
              249
            ],
            [
              176,
              250
            ],
            [
              176,
              252
            ],
            [
              178,
              254
            ],
            [
              181,
              254
            ],
            [
              183,
              252
            ],
            [
              184,
              252
            ],
            [
              183,
              251
            ],
            [
              183,
              247
            ],
            [
              182,
              246
            ],
            [
              182,
              245
            ],
            [
              181,
              244
            ],
            [
              181,
              243
            ],
            [
              179,
              243
            ]
          ]
        ]
      },
      "properties": {
        "objectType": "annotation",
        "classification": {
          "name": "Neoplastic",
          "color": [
            255,
            0,
            0
          ]
        },
        "isLocked": false,
        "measurements": []
      }
    },
    {
      "type": "Feature",
      "id": "PathAnnotationObject",
      "geometry": {
        "type": "Polygon",
        "coordinates": [
          [
            [
              31,
              243
            ],
            [
              30,
              244
            ],
            [
              30,
              245
            ],
            [
              28,
              247
            ],
            [
              28,
              254
            ],
            [
              29,
              254
            ],
            [
              30,
              255
            ],
            [
              41,
              255
            ],
            [
              41,
              250
            ],
            [
              40,
              249
            ],
            [
              40,
              248
            ],
            [
              39,
              247
            ],
            [
              38,
              247
            ],
            [
              36,
              245
            ],
            [
              35,
              245
            ],
            [
              34,
              244
            ],
            [
              34,
              243
            ],
            [
              31,
              243
            ]
          ]
        ]
      },
      "properties": {
        "objectType": "annotation",
        "classification": {
          "name": "Neoplastic",
          "color": [
            255,
            0,
            0
          ]
        },
        "isLocked": false,
        "measurements": []
      }
    },
    {
      "type": "Feature",
      "id": "PathAnnotationObject",
      "geometry": {
        "type": "Polygon",
        "coordinates": [
          [
            [
              93,
              250
            ],
            [
              90,
              247
            ],
            [
              88,
              247
            ],
            [
              87,
              248
            ],
            [
              86,
              248
            ],
            [
              84,
              250
            ],
            [
              83,
              250
            ],
            [
              83,
              251
            ],
            [
              82,
              252
            ],
            [
              82,
              255
            ],
            [
              92,
              255
            ],
            [
              93,
              254
            ],
            [
              93,
              250
            ]
          ]
        ]
      },
      "properties": {
        "objectType": "annotation",
        "classification": {
          "name": "Neoplastic",
          "color": [
            255,
            0,
            0
          ]
        },
        "isLocked": false,
        "measurements": []
      }
    },
    {
      "type": "Feature",
      "id": "PathAnnotationObject",
      "geometry": {
        "type": "Polygon",
        "coordinates": [
          [
            [
              191,
              248
            ],
            [
              191,
              249
            ],
            [
              190,
              250
            ],
            [
              190,
              251
            ],
            [
              189,
              252
            ],
            [
              191,
              254
            ],
            [
              191,
              255
            ],
            [
              200,
              255
            ],
            [
              200,
              252
            ],
            [
              199,
              252
            ],
            [
              198,
              251
            ],
            [
              198,
              250
            ],
            [
              195,
              247
            ],
            [
              192,
              247
            ],
            [
              191,
              248
            ]
          ]
        ]
      },
      "properties": {
        "objectType": "annotation",
        "classification": {
          "name": "Neoplastic",
          "color": [
            255,
            0,
            0
          ]
        },
        "isLocked": false,
        "measurements": []
      }
    }
  ]
}