{
  "type": "FeatureCollection",
  "features": [
    {
      "type": "Feature",
      "id": "PathAnnotationObject",
      "geometry": {
        "type": "Polygon",
        "coordinates": [
          [
            [
              59,
              0
            ],
            [
              58,
              1
            ],
            [
              58,
              2
            ],
            [
              57,
              3
            ],
            [
              58,
              4
            ],
            [
              58,
              5
            ],
            [
              60,
              7
            ],
            [
              63,
              7
            ],
            [
              63,
              3
            ],
            [
              61,
              1
            ],
            [
              61,
              0
            ],
            [
              59,
              0
            ]
          ]
        ]
      },
      "properties": {
        "objectType": "annotation",
        "classification": {
          "name": "Connective",
          "color": [
            0,
            255,
            0
          ]
        },
        "isLocked": false,
        "measurements": []
      }
    },
    {
      "type": "Feature",
      "id": "PathAnnotationObject",
      "geometry": {
        "type": "Polygon",
        "coordinates": [
          [
            [
              72,
              0
            ],
            [
              72,
              2
            ],
            [
              75,
              5
            ],
            [
              76,
              5
            ],
            [
              77,
              4
            ],
            [
              77,
              0
            ],
            [
              72,
              0
            ]
          ]
        ]
      },
      "properties": {
        "objectType": "annotation",
        "classification": {
          "name": "Connective",
          "color": [
            0,
            255,
            0
          ]
        },
        "isLocked": false,
        "measurements": []
      }
    },
    {
      "type": "Feature",
      "id": "PathAnnotationObject",
      "geometry": {
        "type": "Polygon",
        "coordinates": [
          [
            [
              106,
              0
            ],
            [
              106,
              3
            ],
            [
              108,
              5
            ],
            [
              108,
              7
            ],
            [
              111,
              10
            ],
            [
              111,
              12
            ],
            [
              114,
              13
            ],
            [
              115,
              12
            ],
            [
              115,
              9
            ],
            [
              120,
              5
            ],
            [
              120,
              2
            ],
            [
              117,
              0
            ],
            [
              106,
              0
            ]
          ]
        ]
      },
      "properties": {
        "objectType": "annotation",
        "classification": {
          "name": "Connective",
          "color": [
            0,
            255,
            0
          ]
        },
        "isLocked": false,
        "measurements": []
      }
    },
    {
      "type": "Feature",
      "id": "PathAnnotationObject",
      "geometry": {
        "type": "Polygon",
        "coordinates": [
          [
            [
              225,
              0
            ],
            [
              225,
              1
            ],
            [
              226,
              2
            ],
            [
              226,
              5
            ],
            [
              227,
              6
            ],
            [
              227,
              7
            ],
            [
              228,
              8
            ],
            [
              229,
              8
            ],
            [
              230,
              9
            ],
            [
              231,
              8
            ],
            [
              232,
              8
            ],
            [
              234,
              6
            ],
            [
              233,
              5
            ],
            [
              233,
              3
            ],
            [
              232,
              2
            ],
            [
              232,
              0
            ],
            [
              225,
              0
            ]
          ]
        ]
      },
      "properties": {
        "objectType": "annotation",
        "classification": {
          "name": "Connective",
          "color": [
            0,
            255,
            0
          ]
        },
        "isLocked": false,
        "measurements": []
      }
    },
    {
      "type": "Feature",
      "id": "PathAnnotationObject",
      "geometry": {
        "type": "Polygon",
        "coordinates": [
          [
            [
              170,
              2
            ],
            [
              168,
              2
            ],
            [
              167,
              3
            ],
            [
              166,
              3
            ],
            [
              165,
              4
            ],
            [
              165,
              5
            ],
            [
              164,
              6
            ],
            [
              164,
              7
            ],
            [
              167,
              10
            ],
            [
              167,
              11
            ],
            [
              169,
              13
            ],
            [
              170,
              12
            ],
            [
              171,
              12
            ],
            [
              171,
              7
            ],
            [
              172,
              6
            ],
            [
              172,
              4
            ],
            [
              170,
              2
            ]
          ]
        ]
      },
      "properties": {
        "objectType": "annotation",
        "classification": {
          "name": "Inflammatory",
          "color": [
            0,
            0,
            255
          ]
        },
        "isLocked": false,
        "measurements": []
      }
    },
    {
      "type": "Feature",
      "id": "PathAnnotationObject",
      "geometry": {
        "type": "Polygon",
        "coordinates": [
          [
            [
              189,
              1
            ],
            [
              188,
              2
            ],
            [
              187,
              2
            ],
            [
              187,
              6
            ],
            [
              191,
              10
            ],
            [
              192,
              10
            ],
            [
              194,
              8
            ],
            [
              194,
              6
            ],
            [
              189,
              1
            ]
          ]
        ]
      },
      "properties": {
        "objectType": "annotation",
        "classification": {
          "name": "Connective",
          "color": [
            0,
            255,
            0
          ]
        },
        "isLocked": false,
        "measurements": []
      }
    },
    {
      "type": "Feature",
      "id": "PathAnnotationObject",
      "geometry": {
        "type": "Polygon",
        "coordinates": [
          [
            [
              204,
              4
            ],
            [
              204,
              5
            ],
            [
              203,
              6
            ],
            [
              204,
              7
            ],
            [
              204,
              8
            ],
            [
              206,
              11
            ],
            [
              210,
              11
            ],
            [
              211,
              12
            ],
            [
              214,
              12
            ],
            [
              214,
              11
            ],
            [
              215,
              10
            ],
            [
              215,
              8
            ],
            [
              213,
              6
            ],
            [
              213,
              5
            ],
            [
              212,
              4
            ],
            [
              204,
              4
            ]
          ]
        ]
      },
      "properties": {
        "objectType": "annotation",
        "classification": {
          "name": "Inflammatory",
          "color": [
            0,
            0,
            255
          ]
        },
        "isLocked": false,
        "measurements": []
      }
    },
    {
      "type": "Feature",
      "id": "PathAnnotationObject",
      "geometry": {
        "type": "Polygon",
        "coordinates": [
          [
            [
              120,
              9
            ],
            [
              120,
              12
            ],
            [
              121,
              13
            ],
            [
              121,
              14
            ],
            [
              122,
              15
            ],
            [
              130,
              15
            ],
            [
              130,
              10
            ],
            [
              128,
              8
            ],
            [
              125,
              8
            ],
            [
              124,
              7
            ],
            [
              123,
              8
            ],
            [
              122,
              8
            ],
            [
              121,
              9
            ],
            [
              120,
              9
            ]
          ]
        ]
      },
      "properties": {
        "objectType": "annotation",
        "classification": {
          "name": "Connective",
          "color": [
            0,
            255,
            0
          ]
        },
        "isLocked": false,
        "measurements": []
      }
    },
    {
      "type": "Feature",
      "id": "PathAnnotationObject",
      "geometry": {
        "type": "Polygon",
        "coordinates": [
          [
            [
              84,
              4
            ],
            [
              83,
              5
            ],
            [
              83,
              8
            ],
            [
              84,
              9
            ],
            [
              84,
              12
            ],
            [
              88,
              17
            ],
            [
              89,
              17
            ],
            [
              90,
              18
            ],
            [
              93,
              18
            ],
            [
              93,
              17
            ],
            [
              94,
              16
            ],
            [
              93,
              15
            ],
            [
              93,
              11
            ],
            [
              90,
              8
            ],
            [
              89,
              8
            ],
            [
              88,
              7
            ],
            [
              88,
              6
            ],
            [
              87,
              6
            ],
            [
              85,
              4
            ],
            [
              84,
              4
            ]
          ]
        ]
      },
      "properties": {
        "objectType": "annotation",
        "classification": {
          "name": "Connective",
          "color": [
            0,
            255,
            0
          ]
        },
        "isLocked": false,
        "measurements": []
      }
    },
    {
      "type": "Feature",
      "id": "PathAnnotationObject",
      "geometry": {
        "type": "Polygon",
        "coordinates": [
          [
            [
              242,
              13
            ],
            [
              243,
              16
            ],
            [
              244,
              16
            ],
            [
              245,
              17
            ],
            [
              247,
              17
            ],
            [
              250,
              15
            ],
            [
              251,
              16
            ],
            [
              251,
              17
            ],
            [
              254,
              17
            ],
            [
              255,
              16
            ],
            [
              255,
              10
            ],
            [
              254,
              11
            ],
            [
              252,
              11
            ],
            [
              252,
              12
            ],
            [
              250,
              14
            ],
            [
              249,
              13
            ],
            [
              249,
              11
            ],
            [
              247,
              11
            ],
            [
              246,
              10
            ],
            [
              243,
              11
            ],
            [
              243,
              12
            ],
            [
              242,
              13
            ]
          ]
        ]
      },
      "properties": {
        "objectType": "annotation",
        "classification": {
          "name": "Inflammatory",
          "color": [
            0,
            0,
            255
          ]
        },
        "isLocked": false,
        "measurements": []
      }
    },
    {
      "type": "Feature",
      "id": "PathAnnotationObject",
      "geometry": {
        "type": "Polygon",
        "coordinates": [
          [
            [
              206,
              12
            ],
            [
              206,
              17
            ],
            [
              209,
              20
            ],
            [
              212,
              20
            ],
            [
              212,
              19
            ],
            [
              215,
              16
            ],
            [
              215,
              14
            ],
            [
              212,
              14
            ],
            [
              210,
              12
            ],
            [
              206,
              12
            ]
          ]
        ]
      },
      "properties": {
        "objectType": "annotation",
        "classification": {
          "name": "Connective",
          "color": [
            0,
            255,
            0
          ]
        },
        "isLocked": false,
        "measurements": []
      }
    },
    {
      "type": "Feature",
      "id": "PathAnnotationObject",
      "geometry": {
        "type": "Polygon",
        "coordinates": [
          [
            [
              177,
              13
            ],
            [
              177,
              17
            ],
            [
              178,
              18
            ],
            [
              183,
              18
            ],
            [
              184,
              19
            ],
            [
              184,
              20
            ],
            [
              185,
              20
            ],
            [
              186,
              21
            ],
            [
              188,
              21
            ],
            [
              188,
              17
            ],
            [
              186,
              15
            ],
            [
              185,
              15
            ],
            [
              183,
              13
            ],
            [
              181,
              13
            ],
            [
              180,
              12
            ],
            [
              179,
              12
            ],
            [
              178,
              13
            ],
            [
              177,
              13
            ]
          ]
        ]
      },
      "properties": {
        "objectType": "annotation",
        "classification": {
          "name": "Connective",
          "color": [
            0,
            255,
            0
          ]
        },
        "isLocked": false,
        "measurements": []
      }
    },
    {
      "type": "Feature",
      "id": "PathAnnotationObject",
      "geometry": {
        "type": "Polygon",
        "coordinates": [
          [
            [
              26,
              14
            ],
            [
              25,
              15
            ],
            [
              25,
              18
            ],
            [
              26,
              19
            ],
            [
              26,
              20
            ],
            [
              30,
              24
            ],
            [
              31,
              24
            ],
            [
              32,
              23
            ],
            [
              32,
              22
            ],
            [
              33,
              21
            ],
            [
              32,
              20
            ],
            [
              32,
              19
            ],
            [
              30,
              17
            ],
            [
              30,
              16
            ],
            [
              28,
              14
            ],
            [
              26,
              14
            ]
          ]
        ]
      },
      "properties": {
        "objectType": "annotation",
        "classification": {
          "name": "Connective",
          "color": [
            0,
            255,
            0
          ]
        },
        "isLocked": false,
        "measurements": []
      }
    },
    {
      "type": "Feature",
      "id": "PathAnnotationObject",
      "geometry": {
        "type": "Polygon",
        "coordinates": [
          [
            [
              116,
              15
            ],
            [
              116,
              16
            ],
            [
              115,
              17
            ],
            [
              115,
              18
            ],
            [
              116,
              19
            ],
            [
              116,
              21
            ],
            [
              117,
              21
            ],
            [
              118,
              22
            ],
            [
              122,
              22
            ],
            [
              122,
              19
            ],
            [
              123,
              18
            ],
            [
              121,
              16
            ],
            [
              120,
              16
            ],
            [
              119,
              15
            ],
            [
              116,
              15
            ]
          ]
        ]
      },
      "properties": {
        "objectType": "annotation",
        "classification": {
          "name": "Inflammatory",
          "color": [
            0,
            0,
            255
          ]
        },
        "isLocked": false,
        "measurements": []
      }
    },
    {
      "type": "Feature",
      "id": "PathAnnotationObject",
      "geometry": {
        "type": "Polygon",
        "coordinates": [
          [
            [
              130,
              16
            ],
            [
              128,
              18
            ],
            [
              128,
              20
            ],
            [
              129,
              21
            ],
            [
              129,
              22
            ],
            [
              133,
              22
            ],
            [
              134,
              21
            ],
            [
              134,
              18
            ],
            [
              132,
              16
            ],
            [
              130,
              16
            ]
          ]
        ]
      },
      "properties": {
        "objectType": "annotation",
        "classification": {
          "name": "Connective",
          "color": [
            0,
            255,
            0
          ]
        },
        "isLocked": false,
        "measurements": []
      }
    },
    {
      "type": "Feature",
      "id": "PathAnnotationObject",
      "geometry": {
        "type": "Polygon",
        "coordinates": [
          [
            [
              216,
              15
            ],
            [
              216,
              16
            ],
            [
              213,
              19
            ],
            [
              213,
              20
            ],
            [
              214,
              21
            ],
            [
              214,
              22
            ],
            [
              215,
              22
            ],
            [
              216,
              23
            ],
            [
              216,
              24
            ],
            [
              221,
              24
            ],
            [
              222,
              23
            ],
            [
              222,
              22
            ],
            [
              224,
              20
            ],
            [
              224,
              18
            ],
            [
              223,
              18
            ],
            [
              222,
              17
            ],
            [
              222,
              16
            ],
            [
              220,
              16
            ],
            [
              219,
              15
            ],
            [
              216,
              15
            ]
          ]
        ]
      },
      "properties": {
        "objectType": "annotation",
        "classification": {
          "name": "Connective",
          "color": [
            0,
            255,
            0
          ]
        },
        "isLocked": false,
        "measurements": []
      }
    },
    {
      "type": "Feature",
      "id": "PathAnnotationObject",
      "geometry": {
        "type": "Polygon",
        "coordinates": [
          [
            [
              193,
              15
            ],
            [
              192,
              16
            ],
            [
              192,
              18
            ],
            [
              191,
              19
            ],
            [
              192,
              22
            ],
            [
              193,
              22
            ],
            [
              194,
              23
            ],
            [
              194,
              24
            ],
            [
              197,
              25
            ],
            [
              198,
              26
            ],
            [
              198,
              27
            ],
            [
              200,
              27
            ],
            [
              201,
              28
            ],
            [
              204,
              27
            ],
            [
              205,
              26
            ],
            [
              204,
              26
            ],
            [
              203,
              25
            ],
            [
              203,
              23
            ],
            [
              201,
              21
            ],
            [
              201,
              20
            ],
            [
              198,
              18
            ],
            [
              196,
              18
            ],
            [
              195,
              17
            ],
            [
              195,
              16
            ],
            [
              194,
              16
            ],
            [
              193,
              15
            ]
          ]
        ]
      },
      "properties": {
        "objectType": "annotation",
        "classification": {
          "name": "Connective",
          "color": [
            0,
            255,
            0
          ]
        },
        "isLocked": false,
        "measurements": []
      }
    },
    {
      "type": "Feature",
      "id": "PathAnnotationObject",
      "geometry": {
        "type": "Polygon",
        "coordinates": [
          [
            [
              223,
              22
            ],
            [
              223,
              24
            ],
            [
              226,
              27
            ],
            [
              232,
              27
            ],
            [
              232,
              25
            ],
            [
              233,
              24
            ],
            [
              234,
              24
            ],
            [
              234,
              23
            ],
            [
              233,
              23
            ],
            [
              232,
              22
            ],
            [
              232,
              21
            ],
            [
              230,
              21
            ],
            [
              229,
              20
            ],
            [
              226,
              20
            ],
            [
              225,
              21
            ],
            [
              224,
              21
            ],
            [
              223,
              22
            ]
          ]
        ]
      },
      "properties": {
        "objectType": "annotation",
        "classification": {
          "name": "Inflammatory",
          "color": [
            0,
            0,
            255
          ]
        },
        "isLocked": false,
        "measurements": []
      }
    },
    {
      "type": "Feature",
      "id": "PathAnnotationObject",
      "geometry": {
        "type": "Polygon",
        "coordinates": [
          [
            [
              135,
              22
            ],
            [
              134,
              22
            ],
            [
              133,
              23
            ],
            [
              131,
              23
            ],
            [
              131,
              29
            ],
            [
              132,
              30
            ],
            [
              135,
              30
            ],
            [
              137,
              28
            ],
            [
              137,
              25
            ],
            [
              136,
              24
            ],
            [
              136,
              23
            ],
            [
              135,
              22
            ]
          ]
        ]
      },
      "properties": {
        "objectType": "annotation",
        "classification": {
          "name": "Connective",
          "color": [
            0,
            255,
            0
          ]
        },
        "isLocked": false,
        "measurements": []
      }
    },
    {
      "type": "Feature",
      "id": "PathAnnotationObject",
      "geometry": {
        "type": "Polygon",
        "coordinates": [
          [
            [
              172,
              28
            ],
            [
              172,
              30
            ],
            [
              173,
              31
            ],
            [
              173,
              32
            ],
            [
              174,
              33
            ],
            [
              175,
              33
            ],
            [
              176,
              34
            ],
            [
              178,
              34
            ],
            [
              179,
              33
            ],
            [
              182,
              33
            ],
            [
              183,
              32
            ],
            [
              183,
              30
            ],
            [
              181,
              28
            ],
            [
              180,
              28
            ],
            [
              179,
              27
            ],
            [
              174,
              27
            ],
            [
              173,
              28
            ],
            [
              172,
              28
            ]
          ]
        ]
      },
      "properties": {
        "objectType": "annotation",
        "classification": {
          "name": "Connective",
          "color": [
            0,
            255,
            0
          ]
        },
        "isLocked": false,
        "measurements": []
      }
    },
    {
      "type": "Feature",
      "id": "PathAnnotationObject",
      "geometry": {
        "type": "Polygon",
        "coordinates": [
          [
            [
              160,
              25
            ],
            [
              159,
              26
            ],
            [
              159,
              27
            ],
            [
              158,
              28
            ],
            [
              158,
              29
            ],
            [
              159,
              30
            ],
            [
              159,
              32
            ],
            [
              161,
              34
            ],
            [
              163,
              34
            ],
            [
              164,
              35
            ],
            [
              165,
              34
            ],
            [
              165,
              29
            ],
            [
              163,
              27
            ],
            [
              163,
              26
            ],
            [
              161,
              26
            ],
            [
              160,
              25
            ]
          ]
        ]
      },
      "properties": {
        "objectType": "annotation",
        "classification": {
          "name": "Connective",
          "color": [
            0,
            255,
            0
          ]
        },
        "isLocked": false,
        "measurements": []
      }
    },
    {
      "type": "Feature",
      "id": "PathAnnotationObject",
      "geometry": {
        "type": "Polygon",
        "coordinates": [
          [
            [
              152,
              26
            ],
            [
              152,
              27
            ],
            [
              150,
              30
            ],
            [
              149,
              29
            ],
            [
              149,
              28
            ],
            [
              145,
              28
            ],
            [
              145,
              29
            ],
            [
              143,
              31
            ],
            [
              143,
              34
            ],
            [
              144,
              34
            ],
            [
              147,
              36
            ],
            [
              148,
              35
            ],
            [
              149,
              35
            ],
            [
              149,
              33
            ],
            [
              150,
              32
            ],
            [
              152,
              32
            ],
            [
              152,
              30
            ],
            [
              153,
              29
            ],
            [
              153,
              28
            ],
            [
              152,
              27
            ],
            [
              152,
              26
            ]
          ]
        ]
      },
      "properties": {
        "objectType": "annotation",
        "classification": {
          "name": "Connective",
          "color": [
            0,
            255,
            0
          ]
        },
        "isLocked": false,
        "measurements": []
      }
    },
    {
      "type": "Feature",
      "id": "PathAnnotationObject",
      "geometry": {
        "type": "Polygon",
        "coordinates": [
          [
            [
              9,
              33
            ],
            [
              7,
              35
            ],
            [
              7,
              37
            ],
            [
              8,
              38
            ],
            [
              8,
              41
            ],
            [
              9,
              42
            ],
            [
              9,
              43
            ],
            [
              10,
              44
            ],
            [
              13,
              44
            ],
            [
              13,
              37
            ],
            [
              12,
              36
            ],
            [
              12,
              34
            ],
            [
              11,
              34
            ],
            [
              10,
              33
            ],
            [
              9,
              33
            ]
          ]
        ]
      },
      "properties": {
        "objectType": "annotation",
        "classification": {
          "name": "Connective",
          "color": [
            0,
            255,
            0
          ]
        },
        "isLocked": false,
        "measurements": []
      }
    },
    {
      "type": "Feature",
      "id": "PathAnnotationObject",
      "geometry": {
        "type": "Polygon",
        "coordinates": [
          [
            [
              157,
              33
            ],
            [
              154,
              36
            ],
            [
              159,
              41
            ],
            [
              160,
              40
            ],
            [
              161,
              40
            ],
            [
              163,
              38
            ],
            [
              163,
              35
            ],
            [
              161,
              35
            ],
            [
              160,
              34
            ],
            [
              159,
              34
            ],
            [
              158,
              33
            ],
            [
              157,
              33
            ]
          ]
        ]
      },
      "properties": {
        "objectType": "annotation",
        "classification": {
          "name": "Connective",
          "color": [
            0,
            255,
            0
          ]
        },
        "isLocked": false,
        "measurements": []
      }
    },
    {
      "type": "Feature",
      "id": "PathAnnotationObject",
      "geometry": {
        "type": "Polygon",
        "coordinates": [
          [
            [
              232,
              34
            ],
            [
              231,
              35
            ],
            [
              231,
              38
            ],
            [
              234,
              41
            ],
            [
              236,
              41
            ],
            [
              237,
              42
            ],
            [
              239,
              42
            ],
            [
              239,
              38
            ],
            [
              238,
              37
            ],
            [
              238,
              36
            ],
            [
              237,
              35
            ],
            [
              236,
              35
            ],
            [
              235,
              34
            ],
            [
              232,
              34
            ]
          ]
        ]
      },
      "properties": {
        "objectType": "annotation",
        "classification": {
          "name": "Connective",
          "color": [
            0,
            255,
            0
          ]
        },
        "isLocked": false,
        "measurements": []
      }
    },
    {
      "type": "Feature",
      "id": "PathAnnotationObject",
      "geometry": {
        "type": "Polygon",
        "coordinates": [
          [
            [
              108,
              36
            ],
            [
              108,
              39
            ],
            [
              109,
              40
            ],
            [
              109,
              41
            ],
            [
              110,
              41
            ],
            [
              111,
              42
            ],
            [
              117,
              42
            ],
            [
              117,
              35
            ],
            [
              109,
              35
            ],
            [
              108,
              36
            ]
          ]
        ]
      },
      "properties": {
        "objectType": "annotation",
        "classification": {
          "name": "Connective",
          "color": [
            0,
            255,
            0
          ]
        },
        "isLocked": false,
        "measurements": []
      }
    },
    {
      "type": "Feature",
      "id": "PathAnnotationObject",
      "geometry": {
        "type": "Polygon",
        "coordinates": [
          [
            [
              118,
              36
            ],
            [
              118,
              41
            ],
            [
              119,
              42
            ],
            [
              122,
              42
            ],
            [
              123,
              41
            ],
            [
              125,
              41
            ],
            [
              127,
              39
            ],
            [
              127,
              36
            ],
            [
              126,
              36
            ],
            [
              125,
              35
            ],
            [
              120,
              35
            ],
            [
              119,
              36
            ],
            [
              118,
              36
            ]
          ]
        ]
      },
      "properties": {
        "objectType": "annotation",
        "classification": {
          "name": "Inflammatory",
          "color": [
            0,
            0,
            255
          ]
        },
        "isLocked": false,
        "measurements": []
      }
    },
    {
      "type": "Feature",
      "id": "PathAnnotationObject",
      "geometry": {
        "type": "Polygon",
        "coordinates": [
          [
            [
              221,
              33
            ],
            [
              219,
              35
            ],
            [
              219,
              37
            ],
            [
              220,
              38
            ],
            [
              220,
              41
            ],
            [
              221,
              42
            ],
            [
              224,
              42
            ],
            [
              225,
              43
            ],
            [
              229,
              43
            ],
            [
              230,
              42
            ],
            [
              230,
              40
            ],
            [
              229,
              39
            ],
            [
              229,
              37
            ],
            [
              228,
              36
            ],
            [
              227,
              36
            ],
            [
              225,
              34
            ],
            [
              223,
              34
            ],
            [
              222,
              33
            ],
            [
              221,
              33
            ]
          ]
        ]
      },
      "properties": {
        "objectType": "annotation",
        "classification": {
          "name": "Connective",
          "color": [
            0,
            255,
            0
          ]
        },
        "isLocked": false,
        "measurements": []
      }
    },
    {
      "type": "Feature",
      "id": "PathAnnotationObject",
      "geometry": {
        "type": "Polygon",
        "coordinates": [
          [
            [
              191,
              42
            ],
            [
              193,
              42
            ],
            [
              194,
              43
            ],
            [
              194,
              44
            ],
            [
              195,
              43
            ],
            [
              196,
              43
            ],
            [
              197,
              44
            ],
            [
              198,
              44
            ],
            [
              198,
              43
            ],
            [
              199,
              42
            ],
            [
              200,
              42
            ],
            [
              200,
              41
            ],
            [
              199,
              40
            ],
            [
              199,
              39
            ],
            [
              198,
              38
            ],
            [
              194,
              38
            ],
            [
              193,
              39
            ],
            [
              193,
              41
            ],
            [
              192,
              42
            ],
            [
              191,
              42
            ]
          ]
        ]
      },
      "properties": {
        "objectType": "annotation",
        "classification": {
          "name": "Connective",
          "color": [
            0,
            255,
            0
          ]
        },
        "isLocked": false,
        "measurements": []
      }
    },
    {
      "type": "Feature",
      "id": "PathAnnotationObject",
      "geometry": {
        "type": "Polygon",
        "coordinates": [
          [
            [
              135,
              46
            ],
            [
              136,
              47
            ],
            [
              136,
              48
            ],
            [
              137,
              48
            ],
            [
              138,
              49
            ],
            [
              144,
              49
            ],
            [
              145,
              48
            ],
            [
              145,
              47
            ],
            [
              146,
              46
            ],
            [
              145,
              45
            ],
            [
              145,
              43
            ],
            [
              144,
              43
            ],
            [
              143,
              42
            ],
            [
              139,
              42
            ],
            [
              135,
              46
            ]
          ]
        ]
      },
      "properties": {
        "objectType": "annotation",
        "classification": {
          "name": "Inflammatory",
          "color": [
            0,
            0,
            255
          ]
        },
        "isLocked": false,
        "measurements": []
      }
    },
    {
      "type": "Feature",
      "id": "PathAnnotationObject",
      "geometry": {
        "type": "Polygon",
        "coordinates": [
          [
            [
              198,
              45
            ],
            [
              198,
              46
            ],
            [
              200,
              48
            ],
            [
              202,
              48
            ],
            [
              203,
              49
            ],
            [
              206,
              49
            ],
            [
              207,
              48
            ],
            [
              207,
              46
            ],
            [
              206,
              45
            ],
            [
              204,
              45
            ],
            [
              202,
              43
            ],
            [
              199,
              43
            ],
            [
              199,
              44
            ],
            [
              198,
              45
            ]
          ]
        ]
      },
      "properties": {
        "objectType": "annotation",
        "classification": {
          "name": "Inflammatory",
          "color": [
            0,
            0,
            255
          ]
        },
        "isLocked": false,
        "measurements": []
      }
    },
    {
      "type": "Feature",
      "id": "PathAnnotationObject",
      "geometry": {
        "type": "Polygon",
        "coordinates": [
          [
            [
              211,
              43
            ],
            [
              211,
              47
            ],
            [
              215,
              47
            ],
            [
              216,
              48
            ],
            [
              216,
              49
            ],
            [
              218,
              51
            ],
            [
              219,
              51
            ],
            [
              219,
              49
            ],
            [
              217,
              47
            ],
            [
              217,
              45
            ],
            [
              216,
              45
            ],
            [
              215,
              44
            ],
            [
              214,
              44
            ],
            [
              213,
              43
            ],
            [
              211,
              43
            ]
          ]
        ]
      },
      "properties": {
        "objectType": "annotation",
        "classification": {
          "name": "Neoplastic",
          "color": [
            255,
            0,
            0
          ]
        },
        "isLocked": false,
        "measurements": []
      }
    },
    {
      "type": "Feature",
      "id": "PathAnnotationObject",
      "geometry": {
        "type": "Polygon",
        "coordinates": [
          [
            [
              153,
              47
            ],
            [
              153,
              51
            ],
            [
              157,
              51
            ],
            [
              159,
              49
            ],
            [
              159,
              48
            ],
            [
              158,
              48
            ],
            [
              157,
              47
            ],
            [
              153,
              47
            ]
          ]
        ]
      },
      "properties": {
        "objectType": "annotation",
        "classification": {
          "name": "Inflammatory",
          "color": [
            0,
            0,
            255
          ]
        },
        "isLocked": false,
        "measurements": []
      }
    },
    {
      "type": "Feature",
      "id": "PathAnnotationObject",
      "geometry": {
        "type": "Polygon",
        "coordinates": [
          [
            [
              145,
              49
            ],
            [
              145,
              50
            ],
            [
              147,
              52
            ],
            [
              151,
              52
            ],
            [
              152,
              51
            ],
            [
              152,
              48
            ],
            [
              151,
              47
            ],
            [
              148,
              47
            ],
            [
              147,
              48
            ],
            [
              146,
              47
            ],
            [
              146,
              48
            ],
            [
              145,
              49
            ]
          ]
        ]
      },
      "properties": {
        "objectType": "annotation",
        "classification": {
          "name": "Inflammatory",
          "color": [
            0,
            0,
            255
          ]
        },
        "isLocked": false,
        "measurements": []
      }
    },
    {
      "type": "Feature",
      "id": "PathAnnotationObject",
      "geometry": {
        "type": "Polygon",
        "coordinates": [
          [
            [
              187,
              42
            ],
            [
              186,
              43
            ],
            [
              186,
              44
            ],
            [
              187,
              45
            ],
            [
              187,
              46
            ],
            [
              188,
              46
            ],
            [
              189,
              47
            ],
            [
              188,
              48
            ],
            [
              188,
              49
            ],
            [
              189,
              50
            ],
            [
              189,
              52
            ],
            [
              190,
              52
            ],
            [
              192,
              54
            ],
            [
              195,
              54
            ],
            [
              195,
              53
            ],
            [
              196,
              52
            ],
            [
              196,
              50
            ],
            [
              194,
              47
            ],
            [
              194,
              45
            ],
            [
              193,
              44
            ],
            [
              193,
              43
            ],
            [
              191,
              43
            ],
            [
              190,
              42
            ],
            [
              187,
              42
            ]
          ]
        ]
      },
      "properties": {
        "objectType": "annotation",
        "classification": {
          "name": "Connective",
          "color": [
            0,
            255,
            0
          ]
        },
        "isLocked": false,
        "measurements": []
      }
    },
    {
      "type": "Feature",
      "id": "PathAnnotationObject",
      "geometry": {
        "type": "Polygon",
        "coordinates": [
          [
            [
              180,
              49
            ],
            [
              179,
              48
            ],
            [
              178,
              48
            ],
            [
              177,
              47
            ],
            [
              176,
              47
            ],
            [
              175,
              48
            ],
            [
              174,
              48
            ],
            [
              173,
              49
            ],
            [
              173,
              52
            ],
            [
              174,
              53
            ],
            [
              174,
              54
            ],
            [
              178,
              54
            ],
            [
              178,
              53
            ],
            [
              179,
              52
            ],
            [
              180,
              52
            ],
            [
              180,
              49
            ]
          ]
        ]
      },
      "properties": {
        "objectType": "annotation",
        "classification": {
          "name": "Inflammatory",
          "color": [
            0,
            0,
            255
          ]
        },
        "isLocked": false,
        "measurements": []
      }
    },
    {
      "type": "Feature",
      "id": "PathAnnotationObject",
      "geometry": {
        "type": "Polygon",
        "coordinates": [
          [
            [
              243,
              48
            ],
            [
              243,
              51
            ],
            [
              247,
              55
            ],
            [
              247,
              56
            ],
            [
              251,
              52
            ],
            [
              251,
              50
            ],
            [
              249,
              48
            ],
            [
              243,
              48
            ]
          ]
        ]
      },
      "properties": {
        "objectType": "annotation",
        "classification": {
          "name": "Connective",
          "color": [
            0,
            255,
            0
          ]
        },
        "isLocked": false,
        "measurements": []
      }
    },
    {
      "type": "Feature",
      "id": "PathAnnotationObject",
      "geometry": {
        "type": "Polygon",
        "coordinates": [
          [
            [
              91,
              51
            ],
            [
              91,
              52
            ],
            [
              92,
              53
            ],
            [
              92,
              55
            ],
            [
              94,
              57
            ],
            [
              95,
              57
            ],
            [
              96,
              58
            ],
            [
              100,
              58
            ],
            [
              101,
              57
            ],
            [
              102,
              57
            ],
            [
              102,
              52
            ],
            [
              100,
              50
            ],
            [
              98,
              50
            ],
            [
              96,
              48
            ],
            [
              94,
              48
            ],
            [
              91,
              51
            ]
          ]
        ]
      },
      "properties": {
        "objectType": "annotation",
        "classification": {
          "name": "Connective",
          "color": [
            0,
            255,
            0
          ]
        },
        "isLocked": false,
        "measurements": []
      }
    },
    {
      "type": "Feature",
      "id": "PathAnnotationObject",
      "geometry": {
        "type": "Polygon",
        "coordinates": [
          [
            [
              199,
              54
            ],
            [
              198,
              55
            ],
            [
              198,
              57
            ],
            [
              199,
              58
            ],
            [
              199,
              59
            ],
            [
              200,
              60
            ],
            [
              200,
              61
            ],
            [
              205,
              61
            ],
            [
              205,
              60
            ],
            [
              206,
              59
            ],
            [
              206,
              57
            ],
            [
              205,
              56
            ],
            [
              205,
              55
            ],
            [
              203,
              55
            ],
            [
              202,
              54
            ],
            [
              199,
              54
            ]
          ]
        ]
      },
      "properties": {
        "objectType": "annotation",
        "classification": {
          "name": "Inflammatory",
          "color": [
            0,
            0,
            255
          ]
        },
        "isLocked": false,
        "measurements": []
      }
    },
    {
      "type": "Feature",
      "id": "PathAnnotationObject",
      "geometry": {
        "type": "Polygon",
        "coordinates": [
          [
            [
              138,
              59
            ],
            [
              139,
              60
            ],
            [
              139,
              61
            ],
            [
              142,
              64
            ],
            [
              146,
              64
            ],
            [
              147,
              63
            ],
            [
              147,
              60
            ],
            [
              146,
              59
            ],
            [
              146,
              58
            ],
            [
              145,
              58
            ],
            [
              144,
              57
            ],
            [
              141,
              57
            ],
            [
              140,
              58
            ],
            [
              139,
              58
            ],
            [
              138,
              59
            ]
          ]
        ]
      },
      "properties": {
        "objectType": "annotation",
        "classification": {
          "name": "Connective",
          "color": [
            0,
            255,
            0
          ]
        },
        "isLocked": false,
        "measurements": []
      }
    },
    {
      "type": "Feature",
      "id": "PathAnnotationObject",
      "geometry": {
        "type": "Polygon",
        "coordinates": [
          [
            [
              43,
              55
            ],
            [
              42,
              56
            ],
            [
              45,
              59
            ],
            [
              45,
              63
            ],
            [
              47,
              65
            ],
            [
              47,
              66
            ],
            [
              50,
              66
            ],
            [
              52,
              63
            ],
            [
              52,
              60
            ],
            [
              51,
              59
            ],
            [
              51,
              58
            ],
            [
              50,
              58
            ],
            [
              49,
              57
            ],
            [
              48,
              57
            ],
            [
              47,
              56
            ],
            [
              47,
              55
            ],
            [
              43,
              55
            ]
          ]
        ]
      },
      "properties": {
        "objectType": "annotation",
        "classification": {
          "name": "Connective",
          "color": [
            0,
            255,
            0
          ]
        },
        "isLocked": false,
        "measurements": []
      }
    },
    {
      "type": "Feature",
      "id": "PathAnnotationObject",
      "geometry": {
        "type": "Polygon",
        "coordinates": [
          [
            [
              113,
              62
            ],
            [
              113,
              63
            ],
            [
              114,
              64
            ],
            [
              116,
              64
            ],
            [
              118,
              66
            ],
            [
              120,
              66
            ],
            [
              121,
              65
            ],
            [
              122,
              65
            ],
            [
              122,
              62
            ],
            [
              121,
              62
            ],
            [
              120,
              61
            ],
            [
              114,
              61
            ],
            [
              113,
              62
            ]
          ]
        ]
      },
      "properties": {
        "objectType": "annotation",
        "classification": {
          "name": "Connective",
          "color": [
            0,
            255,
            0
          ]
        },
        "isLocked": false,
        "measurements": []
      }
    },
    {
      "type": "Feature",
      "id": "PathAnnotationObject",
      "geometry": {
        "type": "Polygon",
        "coordinates": [
          [
            [
              159,
              64
            ],
            [
              161,
              66
            ],
            [
              162,
              66
            ],
            [
              163,
              67
            ],
            [
              166,
              67
            ],
            [
              167,
              66
            ],
            [
              169,
              66
            ],
            [
              170,
              65
            ],
            [
              171,
              65
            ],
            [
              172,
              64
            ],
            [
              173,
              64
            ],
            [
              173,
              62
            ],
            [
              171,
              60
            ],
            [
              169,
              60
            ],
            [
              168,
              59
            ],
            [
              165,
              59
            ],
            [
              164,
              60
            ],
            [
              162,
              60
            ],
            [
              161,
              61
            ],
            [
              160,
              61
            ],
            [
              160,
              63
            ],
            [
              159,
              64
            ]
          ]
        ]
      },
      "properties": {
        "objectType": "annotation",
        "classification": {
          "name": "Connective",
          "color": [
            0,
            255,
            0
          ]
        },
        "isLocked": false,
        "measurements": []
      }
    },
    {
      "type": "Feature",
      "id": "PathAnnotationObject",
      "geometry": {
        "type": "Polygon",
        "coordinates": [
          [
            [
              212,
              62
            ],
            [
              211,
              63
            ],
            [
              211,
              64
            ],
            [
              210,
              65
            ],
            [
              210,
              66
            ],
            [
              211,
              67
            ],
            [
              211,
              68
            ],
            [
              213,
              68
            ],
            [
              214,
              69
            ],
            [
              215,
              69
            ],
            [
              216,
              68
            ],
            [
              217,
              68
            ],
            [
              217,
              63
            ],
            [
              216,
              62
            ],
            [
              212,
              62
            ]
          ]
        ]
      },
      "properties": {
        "objectType": "annotation",
        "classification": {
          "name": "Inflammatory",
          "color": [
            0,
            0,
            255
          ]
        },
        "isLocked": false,
        "measurements": []
      }
    },
    {
      "type": "Feature",
      "id": "PathAnnotationObject",
      "geometry": {
        "type": "Polygon",
        "coordinates": [
          [
            [
              231,
              65
            ],
            [
              230,
              64
            ],
            [
              226,
              64
            ],
            [
              225,
              65
            ],
            [
              224,
              65
            ],
            [
              223,
              66
            ],
            [
              223,
              69
            ],
            [
              222,
              70
            ],
            [
              220,
              70
            ],
            [
              220,
              71
            ],
            [
              222,
              71
            ],
            [
              223,
              72
            ],
            [
              228,
              72
            ],
            [
              229,
              71
            ],
            [
              229,
              70
            ],
            [
              230,
              69
            ],
            [
              230,
              68
            ],
            [
              231,
              67
            ],
            [
              231,
              65
            ]
          ]
        ]
      },
      "properties": {
        "objectType": "annotation",
        "classification": {
          "name": "Inflammatory",
          "color": [
            0,
            0,
            255
          ]
        },
        "isLocked": false,
        "measurements": []
      }
    },
    {
      "type": "Feature",
      "id": "PathAnnotationObject",
      "geometry": {
        "type": "Polygon",
        "coordinates": [
          [
            [
              176,
              65
            ],
            [
              176,
              66
            ],
            [
              175,
              67
            ],
            [
              175,
              69
            ],
            [
              177,
              71
            ],
            [
              178,
              71
            ],
            [
              179,
              72
            ],
            [
              181,
              72
            ],
            [
              182,
              71
            ],
            [
              184,
              71
            ],
            [
              184,
              69
            ],
            [
              183,
              68
            ],
            [
              183,
              67
            ],
            [
              181,
              65
            ],
            [
              176,
              65
            ]
          ]
        ]
      },
      "properties": {
        "objectType": "annotation",
        "classification": {
          "name": "Connective",
          "color": [
            0,
            255,
            0
          ]
        },
        "isLocked": false,
        "measurements": []
      }
    },
    {
      "type": "Feature",
      "id": "PathAnnotationObject",
      "geometry": {
        "type": "Polygon",
        "coordinates": [
          [
            [
              20,
              69
            ],
            [
              22,
              71
            ],
            [
              24,
              71
            ],
            [
              26,
              73
            ],
            [
              27,
              73
            ],
            [
              28,
              74
            ],
            [
              30,
              74
            ],
            [
              31,
              75
            ],
            [
              33,
              75
            ],
            [
              33,
              74
            ],
            [
              32,
              73
            ],
            [
              32,
              72
            ],
            [
              31,
              72
            ],
            [
              29,
              70
            ],
            [
              28,
              70
            ],
            [
              27,
              69
            ],
            [
              26,
              69
            ],
            [
              25,
              68
            ],
            [
              23,
              68
            ],
            [
              22,
              69
            ],
            [
              20,
              69
            ]
          ]
        ]
      },
      "properties": {
        "objectType": "annotation",
        "classification": {
          "name": "Neoplastic",
          "color": [
            255,
            0,
            0
          ]
        },
        "isLocked": false,
        "measurements": []
      }
    },
    {
      "type": "Feature",
      "id": "PathAnnotationObject",
      "geometry": {
        "type": "Polygon",
        "coordinates": [
          [
            [
              123,
              69
            ],
            [
              123,
              71
            ],
            [
              124,
              72
            ],
            [
              124,
              73
            ],
            [
              125,
              74
            ],
            [
              127,
              74
            ],
            [
              128,
              73
            ],
            [
              129,
              73
            ],
            [
              129,
              72
            ],
            [
              130,
              71
            ],
            [
              129,
              70
            ],
            [
              129,
              69
            ],
            [
              128,
              69
            ],
            [
              127,
              68
            ],
            [
              125,
              68
            ],
            [
              124,
              69
            ],
            [
              123,
              69
            ]
          ]
        ]
      },
      "properties": {
        "objectType": "annotation",
        "classification": {
          "name": "Connective",
          "color": [
            0,
            255,
            0
          ]
        },
        "isLocked": false,
        "measurements": []
      }
    },
    {
      "type": "Feature",
      "id": "PathAnnotationObject",
      "geometry": {
        "type": "Polygon",
        "coordinates": [
          [
            [
              235,
              68
            ],
            [
              234,
              69
            ],
            [
              234,
              74
            ],
            [
              235,
              75
            ],
            [
              236,
              75
            ],
            [
              237,
              76
            ],
            [
              240,
              76
            ],
            [
              242,
              74
            ],
            [
              242,
              72
            ],
            [
              241,
              71
            ],
            [
              241,
              70
            ],
            [
              240,
              70
            ],
            [
              239,
              69
            ],
            [
              238,
              69
            ],
            [
              237,
              68
            ],
            [
              235,
              68
            ]
          ]
        ]
      },
      "properties": {
        "objectType": "annotation",
        "classification": {
          "name": "Inflammatory",
          "color": [
            0,
            0,
            255
          ]
        },
        "isLocked": false,
        "measurements": []
      }
    },
    {
      "type": "Feature",
      "id": "PathAnnotationObject",
      "geometry": {
        "type": "Polygon",
        "coordinates": [
          [
            [
              210,
              70
            ],
            [
              208,
              70
            ],
            [
              207,
              69
            ],
            [
              202,
              69
            ],
            [
              201,
              70
            ],
            [
              201,
              71
            ],
            [
              200,
              72
            ],
            [
              200,
              74
            ],
            [
              202,
              76
            ],
            [
              202,
              77
            ],
            [
              203,
              78
            ],
            [
              204,
              78
            ],
            [
              206,
              76
            ],
            [
              207,
              76
            ],
            [
              207,
              75
            ],
            [
              210,
              72
            ],
            [
              210,
              70
            ]
          ]
        ]
      },
      "properties": {
        "objectType": "annotation",
        "classification": {
          "name": "Connective",
          "color": [
            0,
            255,
            0
          ]
        },
        "isLocked": false,
        "measurements": []
      }
    },
    {
      "type": "Feature",
      "id": "PathAnnotationObject",
      "geometry": {
        "type": "Polygon",
        "coordinates": [
          [
            [
              39,
              72
            ],
            [
              39,
              74
            ],
            [
              41,
              76
            ],
            [
              42,
              76
            ],
            [
              44,
              78
            ],
            [
              48,
              78
            ],
            [
              50,
              76
            ],
            [
              50,
              75
            ],
            [
              51,
              74
            ],
            [
              50,
              73
            ],
            [
              50,
              72
            ],
            [
              48,
              70
            ],
            [
              42,
              70
            ],
            [
              41,
              71
            ],
            [
              40,
              71
            ],
            [
              39,
              72
            ]
          ]
        ]
      },
      "properties": {
        "objectType": "annotation",
        "classification": {
          "name": "Connective",
          "color": [
            0,
            255,
            0
          ]
        },
        "isLocked": false,
        "measurements": []
      }
    },
    {
      "type": "Feature",
      "id": "PathAnnotationObject",
      "geometry": {
        "type": "Polygon",
        "coordinates": [
          [
            [
              152,
              70
            ],
            [
              152,
              72
            ],
            [
              151,
              73
            ],
            [
              151,
              74
            ],
            [
              152,
              75
            ],
            [
              152,
              76
            ],
            [
              153,
              77
            ],
            [
              153,
              78
            ],
            [
              158,
              78
            ],
            [
              158,
              77
            ],
            [
              159,
              76
            ],
            [
              159,
              75
            ],
            [
              160,
              74
            ],
            [
              160,
              73
            ],
            [
              159,
              74
            ],
            [
              158,
              73
            ],
            [
              158,
              72
            ],
            [
              156,
              70
            ],
            [
              152,
              70
            ]
          ]
        ]
      },
      "properties": {
        "objectType": "annotation",
        "classification": {
          "name": "Connective",
          "color": [
            0,
            255,
            0
          ]
        },
        "isLocked": false,
        "measurements": []
      }
    },
    {
      "type": "Feature",
      "id": "PathAnnotationObject",
      "geometry": {
        "type": "Polygon",
        "coordinates": [
          [
            [
              163,
              70
            ],
            [
              161,
              72
            ],
            [
              161,
              75
            ],
            [
              162,
              76
            ],
            [
              163,
              76
            ],
            [
              166,
              79
            ],
            [
              168,
              79
            ],
            [
              169,
              78
            ],
            [
              169,
              77
            ],
            [
              170,
              76
            ],
            [
              169,
              75
            ],
            [
              169,
              72
            ],
            [
              168,
              71
            ],
            [
              168,
              70
            ],
            [
              163,
              70
            ]
          ]
        ]
      },
      "properties": {
        "objectType": "annotation",
        "classification": {
          "name": "Connective",
          "color": [
            0,
            255,
            0
          ]
        },
        "isLocked": false,
        "measurements": []
      }
    },
    {
      "type": "Feature",
      "id": "PathAnnotationObject",
      "geometry": {
        "type": "Polygon",
        "coordinates": [
          [
            [
              67,
              71
            ],
            [
              66,
              72
            ],
            [
              66,
              73
            ],
            [
              65,
              74
            ],
            [
              65,
              75
            ],
            [
              67,
              77
            ],
            [
              67,
              78
            ],
            [
              71,
              78
            ],
            [
              72,
              77
            ],
            [
              72,
              75
            ],
            [
              71,
              74
            ],
            [
              71,
              73
            ],
            [
              69,
              71
            ],
            [
              67,
              71
            ]
          ]
        ]
      },
      "properties": {
        "objectType": "annotation",
        "classification": {
          "name": "Inflammatory",
          "color": [
            0,
            0,
            255
          ]
        },
        "isLocked": false,
        "measurements": []
      }
    },
    {
      "type": "Feature",
      "id": "PathAnnotationObject",
      "geometry": {
        "type": "Polygon",
        "coordinates": [
          [
            [
              82,
              70
            ],
            [
              82,
              73
            ],
            [
              83,
              73
            ],
            [
              84,
              74
            ],
            [
              85,
              74
            ],
            [
              87,
              76
            ],
            [
              88,
              76
            ],
            [
              89,
              77
            ],
            [
              91,
              77
            ],
            [
              92,
              76
            ],
            [
              92,
              74
            ],
            [
              91,
              73
            ],
            [
              91,
              72
            ],
            [
              89,
              72
            ],
            [
              87,
              70
            ],
            [
              86,
              70
            ],
            [
              85,
              69
            ],
            [
              84,
              69
            ],
            [
              83,
              70
            ],
            [
              82,
              70
            ]
          ]
        ]
      },
      "properties": {
        "objectType": "annotation",
        "classification": {
          "name": "Connective",
          "color": [
            0,
            255,
            0
          ]
        },
        "isLocked": false,
        "measurements": []
      }
    },
    {
      "type": "Feature",
      "id": "PathAnnotationObject",
      "geometry": {
        "type": "Polygon",
        "coordinates": [
          [
            [
              215,
              74
            ],
            [
              214,
              75
            ],
            [
              214,
              76
            ],
            [
              213,
              77
            ],
            [
              214,
              78
            ],
            [
              214,
              79
            ],
            [
              216,
              81
            ],
            [
              220,
              81
            ],
            [
              220,
              77
            ],
            [
              219,
              76
            ],
            [
              219,
              75
            ],
            [
              218,
              75
            ],
            [
              217,
              74
            ],
            [
              215,
              74
            ]
          ]
        ]
      },
      "properties": {
        "objectType": "annotation",
        "classification": {
          "name": "Connective",
          "color": [
            0,
            255,
            0
          ]
        },
        "isLocked": false,
        "measurements": []
      }
    },
    {
      "type": "Feature",
      "id": "PathAnnotationObject",
      "geometry": {
        "type": "Polygon",
        "coordinates": [
          [
            [
              0,
              77
            ],
            [
              0,
              83
            ],
            [
              1,
              83
            ],
            [
              3,
              85
            ],
            [
              12,
              85
            ],
            [
              12,
              81
            ],
            [
              10,
              79
            ],
            [
              8,
              79
            ],
            [
              7,
              78
            ],
            [
              5,
              78
            ],
            [
              4,
              77
            ],
            [
              0,
              77
            ]
          ]
        ]
      },
      "properties": {
        "objectType": "annotation",
        "classification": {
          "name": "Connective",
          "color": [
            0,
            255,
            0
          ]
        },
        "isLocked": false,
        "measurements": []
      }
    },
    {
      "type": "Feature",
      "id": "PathAnnotationObject",
      "geometry": {
        "type": "Polygon",
        "coordinates": [
          [
            [
              140,
              75
            ],
            [
              138,
              77
            ],
            [
              138,
              80
            ],
            [
              139,
              81
            ],
            [
              139,
              82
            ],
            [
              140,
              83
            ],
            [
              140,
              84
            ],
            [
              141,
              85
            ],
            [
              143,
              85
            ],
            [
              144,
              86
            ],
            [
              145,
              85
            ],
            [
              146,
              85
            ],
            [
              146,
              84
            ],
            [
              147,
              83
            ],
            [
              147,
              82
            ],
            [
              146,
              81
            ],
            [
              146,
              79
            ],
            [
              142,
              75
            ],
            [
              140,
              75
            ]
          ]
        ]
      },
      "properties": {
        "objectType": "annotation",
        "classification": {
          "name": "Connective",
          "color": [
            0,
            255,
            0
          ]
        },
        "isLocked": false,
        "measurements": []
      }
    },
    {
      "type": "Feature",
      "id": "PathAnnotationObject",
      "geometry": {
        "type": "Polygon",
        "coordinates": [
          [
            [
              106,
              79
            ],
            [
              106,
              83
            ],
            [
              108,
              83
            ],
            [
              110,
              85
            ],
            [
              114,
              85
            ],
            [
              115,
              84
            ],
            [
              115,
              83
            ],
            [
              116,
              82
            ],
            [
              116,
              81
            ],
            [
              115,
              80
            ],
            [
              115,
              79
            ],
            [
              110,
              79
            ],
            [
              109,
              78
            ],
            [
              108,
              79
            ],
            [
              106,
              79
            ]
          ]
        ]
      },
      "properties": {
        "objectType": "annotation",
        "classification": {
          "name": "Connective",
          "color": [
            0,
            255,
            0
          ]
        },
        "isLocked": false,
        "measurements": []
      }
    },
    {
      "type": "Feature",
      "id": "PathAnnotationObject",
      "geometry": {
        "type": "Polygon",
        "coordinates": [
          [
            [
              243,
              78
            ],
            [
              242,
              79
            ],
            [
              242,
              83
            ],
            [
              243,
              84
            ],
            [
              243,
              85
            ],
            [
              244,
              85
            ],
            [
              245,
              86
            ],
            [
              249,
              86
            ],
            [
              251,
              84
            ],
            [
              250,
              83
            ],
            [
              250,
              82
            ],
            [
              249,
              81
            ],
            [
              248,
              81
            ],
            [
              247,
              80
            ],
            [
              247,
              79
            ],
            [
              246,
              78
            ],
            [
              243,
              78
            ]
          ]
        ]
      },
      "properties": {
        "objectType": "annotation",
        "classification": {
          "name": "Inflammatory",
          "color": [
            0,
            0,
            255
          ]
        },
        "isLocked": false,
        "measurements": []
      }
    },
    {
      "type": "Feature",
      "id": "PathAnnotationObject",
      "geometry": {
        "type": "Polygon",
        "coordinates": [
          [
            [
              90,
              81
            ],
            [
              90,
              82
            ],
            [
              91,
              83
            ],
            [
              92,
              83
            ],
            [
              94,
              85
            ],
            [
              95,
              85
            ],
            [
              96,
              86
            ],
            [
              100,
              86
            ],
            [
              103,
              88
            ],
            [
              104,
              88
            ],
            [
              105,
              87
            ],
            [
              106,
              88
            ],
            [
              107,
              87
            ],
            [
              107,
              86
            ],
            [
              106,
              85
            ],
            [
              105,
              82
            ],
            [
              104,
              81
            ],
            [
              103,
              81
            ],
            [
              101,
              79
            ],
            [
              96,
              79
            ],
            [
              95,
              78
            ],
            [
              94,
              78
            ],
            [
              93,
              79
            ],
            [
              91,
              79
            ],
            [
              91,
              80
            ],
            [
              90,
              81
            ]
          ]
        ]
      },
      "properties": {
        "objectType": "annotation",
        "classification": {
          "name": "Connective",
          "color": [
            0,
            255,
            0
          ]
        },
        "isLocked": false,
        "measurements": []
      }
    },
    {
      "type": "Feature",
      "id": "PathAnnotationObject",
      "geometry": {
        "type": "Polygon",
        "coordinates": [
          [
            [
              230,
              77
            ],
            [
              230,
              78
            ],
            [
              229,
              79
            ],
            [
              228,
              79
            ],
            [
              229,
              80
            ],
            [
              229,
              82
            ],
            [
              230,
              83
            ],
            [
              230,
              85
            ],
            [
              231,
              86
            ],
            [
              232,
              86
            ],
            [
              234,
              88
            ],
            [
              237,
              88
            ],
            [
              237,
              87
            ],
            [
              238,
              86
            ],
            [
              239,
              86
            ],
            [
              239,
              84
            ],
            [
              238,
              84
            ],
            [
              237,
              83
            ],
            [
              237,
              81
            ],
            [
              236,
              80
            ],
            [
              236,
              79
            ],
            [
              235,
              79
            ],
            [
              233,
              77
            ],
            [
              230,
              77
            ]
          ]
        ]
      },
      "properties": {
        "objectType": "annotation",
        "classification": {
          "name": "Inflammatory",
          "color": [
            0,
            0,
            255
          ]
        },
        "isLocked": false,
        "measurements": []
      }
    },
    {
      "type": "Feature",
      "id": "PathAnnotationObject",
      "geometry": {
        "type": "Polygon",
        "coordinates": [
          [
            [
              153,
              83
            ],
            [
              152,
              84
            ],
            [
              152,
              85
            ],
            [
              151,
              86
            ],
            [
              152,
              87
            ],
            [
              152,
              88
            ],
            [
              153,
              89
            ],
            [
              153,
              90
            ],
            [
              154,
              90
            ],
            [
              155,
              91
            ],
            [
              160,
              91
            ],
            [
              161,
              90
            ],
            [
              161,
              88
            ],
            [
              160,
              87
            ],
            [
              160,
              86
            ],
            [
              159,
              86
            ],
            [
              158,
              85
            ],
            [
              158,
              84
            ],
            [
              157,
              84
            ],
            [
              156,
              83
            ],
            [
              153,
              83
            ]
          ]
        ]
      },
      "properties": {
        "objectType": "annotation",
        "classification": {
          "name": "Connective",
          "color": [
            0,
            255,
            0
          ]
        },
        "isLocked": false,
        "measurements": []
      }
    },
    {
      "type": "Feature",
      "id": "PathAnnotationObject",
      "geometry": {
        "type": "Polygon",
        "coordinates": [
          [
            [
              9,
              86
            ],
            [
              12,
              86
            ],
            [
              13,
              87
            ],
            [
              13,
              88
            ],
            [
              15,
              90
            ],
            [
              19,
              90
            ],
            [
              19,
              86
            ],
            [
              18,
              85
            ],
            [
              16,
              85
            ],
            [
              15,
              84
            ],
            [
              14,
              84
            ],
            [
              13,
              83
            ],
            [
              13,
              82
            ],
            [
              13,
              85
            ],
            [
              12,
              86
            ],
            [
              9,
              86
            ]
          ]
        ]
      },
      "properties": {
        "objectType": "annotation",
        "classification": {
          "name": "Inflammatory",
          "color": [
            0,
            0,
            255
          ]
        },
        "isLocked": false,
        "measurements": []
      }
    },
    {
      "type": "Feature",
      "id": "PathAnnotationObject",
      "geometry": {
        "type": "Polygon",
        "coordinates": [
          [
            [
              217,
              86
            ],
            [
              217,
              89
            ],
            [
              218,
              90
            ],
            [
              218,
              91
            ],
            [
              219,
              91
            ],
            [
              221,
              93
            ],
            [
              224,
              93
            ],
            [
              225,
              94
            ],
            [
              225,
              92
            ],
            [
              226,
              91
            ],
            [
              226,
              89
            ],
            [
              227,
              88
            ],
            [
              226,
              87
            ],
            [
              225,
              87
            ],
            [
              224,
              86
            ],
            [
              223,
              86
            ],
            [
              222,
              85
            ],
            [
              221,
              85
            ],
            [
              220,
              84
            ],
            [
              218,
              86
            ],
            [
              217,
              86
            ]
          ]
        ]
      },
      "properties": {
        "objectType": "annotation",
        "classification": {
          "name": "Connective",
          "color": [
            0,
            255,
            0
          ]
        },
        "isLocked": false,
        "measurements": []
      }
    },
    {
      "type": "Feature",
      "id": "PathAnnotationObject",
      "geometry": {
        "type": "Polygon",
        "coordinates": [
          [
            [
              207,
              84
            ],
            [
              206,
              85
            ],
            [
              206,
              88
            ],
            [
              207,
              89
            ],
            [
              207,
              90
            ],
            [
              209,
              92
            ],
            [
              209,
              93
            ],
            [
              215,
              93
            ],
            [
              215,
              91
            ],
            [
              216,
              90
            ],
            [
              216,
              86
            ],
            [
              214,
              86
            ],
            [
              212,
              84
            ],
            [
              211,
              84
            ],
            [
              210,
              83
            ],
            [
              209,
              83
            ],
            [
              208,
              84
            ],
            [
              207,
              84
            ]
          ]
        ]
      },
      "properties": {
        "objectType": "annotation",
        "classification": {
          "name": "Connective",
          "color": [
            0,
            255,
            0
          ]
        },
        "isLocked": false,
        "measurements": []
      }
    },
    {
      "type": "Feature",
      "id": "PathAnnotationObject",
      "geometry": {
        "type": "Polygon",
        "coordinates": [
          [
            [
              228,
              87
            ],
            [
              228,
              88
            ],
            [
              227,
              89
            ],
            [
              227,
              91
            ],
            [
              226,
              92
            ],
            [
              226,
              93
            ],
            [
              228,
              93
            ],
            [
              231,
              96
            ],
            [
              237,
              96
            ],
            [
              237,
              95
            ],
            [
              238,
              94
            ],
            [
              238,
              92
            ],
            [
              237,
              91
            ],
            [
              237,
              90
            ],
            [
              236,
              89
            ],
            [
              234,
              89
            ],
            [
              232,
              87
            ],
            [
              228,
              87
            ]
          ]
        ]
      },
      "properties": {
        "objectType": "annotation",
        "classification": {
          "name": "Inflammatory",
          "color": [
            0,
            0,
            255
          ]
        },
        "isLocked": false,
        "measurements": []
      }
    },
    {
      "type": "Feature",
      "id": "PathAnnotationObject",
      "geometry": {
        "type": "Polygon",
        "coordinates": [
          [
            [
              187,
              91
            ],
            [
              188,
              92
            ],
            [
              188,
              93
            ],
            [
              189,
              94
            ],
            [
              189,
              95
            ],
            [
              190,
              95
            ],
            [
              191,
              96
            ],
            [
              194,
              96
            ],
            [
              196,
              94
            ],
            [
              196,
              93
            ],
            [
              193,
              90
            ],
            [
              192,
              90
            ],
            [
              191,
              89
            ],
            [
              190,
              89
            ],
            [
              188,
              91
            ],
            [
              187,
              91
            ]
          ]
        ]
      },
      "properties": {
        "objectType": "annotation",
        "classification": {
          "name": "Connective",
          "color": [
            0,
            255,
            0
          ]
        },
        "isLocked": false,
        "measurements": []
      }
    },
    {
      "type": "Feature",
      "id": "PathAnnotationObject",
      "geometry": {
        "type": "Polygon",
        "coordinates": [
          [
            [
              131,
              93
            ],
            [
              132,
              94
            ],
            [
              132,
              95
            ],
            [
              133,
              96
            ],
            [
              134,
              96
            ],
            [
              136,
              98
            ],
            [
              138,
              98
            ],
            [
              139,
              97
            ],
            [
              141,
              97
            ],
            [
              144,
              95
            ],
            [
              144,
              92
            ],
            [
              142,
              90
            ],
            [
              138,
              90
            ],
            [
              137,
              89
            ],
            [
              136,
              89
            ],
            [
              134,
              91
            ],
            [
              133,
              91
            ],
            [
              131,
              93
            ]
          ]
        ]
      },
      "properties": {
        "objectType": "annotation",
        "classification": {
          "name": "Connective",
          "color": [
            0,
            255,
            0
          ]
        },
        "isLocked": false,
        "measurements": []
      }
    },
    {
      "type": "Feature",
      "id": "PathAnnotationObject",
      "geometry": {
        "type": "Polygon",
        "coordinates": [
          [
            [
              170,
              94
            ],
            [
              174,
              98
            ],
            [
              176,
              98
            ],
            [
              179,
              100
            ],
            [
              180,
              100
            ],
            [
              183,
              98
            ],
            [
              183,
              95
            ],
            [
              182,
              94
            ],
            [
              180,
              94
            ],
            [
              178,
              92
            ],
            [
              178,
              91
            ],
            [
              177,
              90
            ],
            [
              175,
              90
            ],
            [
              173,
              92
            ],
            [
              172,
              92
            ],
            [
              172,
              93
            ],
            [
              171,
              94
            ],
            [
              170,
              94
            ]
          ]
        ]
      },
      "properties": {
        "objectType": "annotation",
        "classification": {
          "name": "Inflammatory",
          "color": [
            0,
            0,
            255
          ]
        },
        "isLocked": false,
        "measurements": []
      }
    },
    {
      "type": "Feature",
      "id": "PathAnnotationObject",
      "geometry": {
        "type": "Polygon",
        "coordinates": [
          [
            [
              0,
              96
            ],
            [
              0,
              100
            ],
            [
              2,
              102
            ],
            [
              4,
              102
            ],
            [
              7,
              105
            ],
            [
              10,
              105
            ],
            [
              10,
              104
            ],
            [
              12,
              102
            ],
            [
              12,
              101
            ],
            [
              11,
              100
            ],
            [
              12,
              99
            ],
            [
              11,
              99
            ],
            [
              10,
              98
            ],
            [
              9,
              98
            ],
            [
              7,
              96
            ],
            [
              7,
              95
            ],
            [
              6,
              94
            ],
            [
              3,
              94
            ],
            [
              1,
              96
            ],
            [
              0,
              96
            ]
          ]
        ]
      },
      "properties": {
        "objectType": "annotation",
        "classification": {
          "name": "Inflammatory",
          "color": [
            0,
            0,
            255
          ]
        },
        "isLocked": false,
        "measurements": []
      }
    },
    {
      "type": "Feature",
      "id": "PathAnnotationObject",
      "geometry": {
        "type": "Polygon",
        "coordinates": [
          [
            [
              72,
              97
            ],
            [
              72,
              98
            ],
            [
              73,
              99
            ],
            [
              74,
              102
            ],
            [
              76,
              102
            ],
            [
              77,
              103
            ],
            [
              85,
              103
            ],
            [
              86,
              102
            ],
            [
              87,
              102
            ],
            [
              87,
              101
            ],
            [
              86,
              100
            ],
            [
              86,
              96
            ],
            [
              85,
              96
            ],
            [
              83,
              94
            ],
            [
              75,
              94
            ],
            [
              72,
              97
            ]
          ]
        ]
      },
      "properties": {
        "objectType": "annotation",
        "classification": {
          "name": "Connective",
          "color": [
            0,
            255,
            0
          ]
        },
        "isLocked": false,
        "measurements": []
      }
    },
    {
      "type": "Feature",
      "id": "PathAnnotationObject",
      "geometry": {
        "type": "Polygon",
        "coordinates": [
          [
            [
              87,
              99
            ],
            [
              87,
              100
            ],
            [
              88,
              101
            ],
            [
              90,
              101
            ],
            [
              92,
              103
            ],
            [
              95,
              103
            ],
            [
              96,
              102
            ],
            [
              97,
              102
            ],
            [
              97,
              101
            ],
            [
              96,
              100
            ],
            [
              96,
              99
            ],
            [
              94,
              97
            ],
            [
              92,
              97
            ],
            [
              91,
              96
            ],
            [
              90,
              96
            ],
            [
              89,
              97
            ],
            [
              88,
              97
            ],
            [
              88,
              98
            ],
            [
              87,
              99
            ]
          ]
        ]
      },
      "properties": {
        "objectType": "annotation",
        "classification": {
          "name": "Inflammatory",
          "color": [
            0,
            0,
            255
          ]
        },
        "isLocked": false,
        "measurements": []
      }
    },
    {
      "type": "Feature",
      "id": "PathAnnotationObject",
      "geometry": {
        "type": "Polygon",
        "coordinates": [
          [
            [
              145,
              97
            ],
            [
              145,
              98
            ],
            [
              144,
              99
            ],
            [
              144,
              102
            ],
            [
              145,
              103
            ],
            [
              145,
              104
            ],
            [
              146,
              105
            ],
            [
              151,
              105
            ],
            [
              151,
              99
            ],
            [
              150,
              99
            ],
            [
              149,
              98
            ],
            [
              149,
              97
            ],
            [
              145,
              97
            ]
          ]
        ]
      },
      "properties": {
        "objectType": "annotation",
        "classification": {
          "name": "Inflammatory",
          "color": [
            0,
            0,
            255
          ]
        },
        "isLocked": false,
        "measurements": []
      }
    },
    {
      "type": "Feature",
      "id": "PathAnnotationObject",
      "geometry": {
        "type": "Polygon",
        "coordinates": [
          [
            [
              23,
              102
            ],
            [
              24,
              102
            ],
            [
              25,
              103
            ],
            [
              25,
              104
            ],
            [
              26,
              105
            ],
            [
              31,
              105
            ],
            [
              32,
              104
            ],
            [
              32,
              101
            ],
            [
              30,
              99
            ],
            [
              26,
              99
            ],
            [
              23,
              102
            ]
          ]
        ]
      },
      "properties": {
        "objectType": "annotation",
        "classification": {
          "name": "Inflammatory",
          "color": [
            0,
            0,
            255
          ]
        },
        "isLocked": false,
        "measurements": []
      }
    },
    {
      "type": "Feature",
      "id": "PathAnnotationObject",
      "geometry": {
        "type": "Polygon",
        "coordinates": [
          [
            [
              211,
              99
            ],
            [
              208,
              99
            ],
            [
              207,
              98
            ],
            [
              206,
              98
            ],
            [
              205,
              97
            ],
            [
              203,
              99
            ],
            [
              203,
              100
            ],
            [
              202,
              101
            ],
            [
              202,
              102
            ],
            [
              203,
              103
            ],
            [
              203,
              105
            ],
            [
              207,
              105
            ],
            [
              209,
              103
            ],
            [
              210,
              103
            ],
            [
              210,
              102
            ],
            [
              211,
              101
            ],
            [
              211,
              99
            ]
          ]
        ]
      },
      "properties": {
        "objectType": "annotation",
        "classification": {
          "name": "Inflammatory",
          "color": [
            0,
            0,
            255
          ]
        },
        "isLocked": false,
        "measurements": []
      }
    },
    {
      "type": "Feature",
      "id": "PathAnnotationObject",
      "geometry": {
        "type": "Polygon",
        "coordinates": [
          [
            [
              243,
              96
            ],
            [
              240,
              99
            ],
            [
              240,
              103
            ],
            [
              242,
              105
            ],
            [
              244,
              105
            ],
            [
              246,
              107
            ],
            [
              251,
              107
            ],
            [
              254,
              104
            ],
            [
              254,
              101
            ],
            [
              250,
              97
            ],
            [
              247,
              97
            ],
            [
              246,
              96
            ],
            [
              243,
              96
            ]
          ]
        ]
      },
      "properties": {
        "objectType": "annotation",
        "classification": {
          "name": "Connective",
          "color": [
            0,
            255,
            0
          ]
        },
        "isLocked": false,
        "measurements": []
      }
    },
    {
      "type": "Feature",
      "id": "PathAnnotationObject",
      "geometry": {
        "type": "Polygon",
        "coordinates": [
          [
            [
              12,
              100
            ],
            [
              13,
              101
            ],
            [
              13,
              102
            ],
            [
              12,
              103
            ],
            [
              13,
              102
            ],
            [
              14,
              103
            ],
            [
              14,
              105
            ],
            [
              16,
              107
            ],
            [
              18,
              107
            ],
            [
              18,
              106
            ],
            [
              19,
              105
            ],
            [
              20,
              105
            ],
            [
              22,
              103
            ],
            [
              22,
              101
            ],
            [
              20,
              99
            ],
            [
              15,
              99
            ],
            [
              13,
              101
            ],
            [
              12,
              100
            ]
          ]
        ]
      },
      "properties": {
        "objectType": "annotation",
        "classification": {
          "name": "Inflammatory",
          "color": [
            0,
            0,
            255
          ]
        },
        "isLocked": false,
        "measurements": []
      }
    },
    {
      "type": "Feature",
      "id": "PathAnnotationObject",
      "geometry": {
        "type": "Polygon",
        "coordinates": [
          [
            [
              97,
              92
            ],
            [
              96,
              94
            ],
            [
              100,
              99
            ],
            [
              100,
              100
            ],
            [
              98,
              101
            ],
            [
              98,
              103
            ],
            [
              99,
              104
            ],
            [
              99,
              108
            ],
            [
              113,
              108
            ],
            [
              114,
              107
            ],
            [
              114,
              104
            ],
            [
              110,
              102
            ],
            [
              110,
              99
            ],
            [
              107,
              96
            ],
            [
              106,
              96
            ],
            [
              104,
              94
            ],
            [
              102,
              94
            ],
            [
              100,
              92
            ],
            [
              97,
              92
            ]
          ]
        ]
      },
      "properties": {
        "objectType": "annotation",
        "classification": {
          "name": "Connective",
          "color": [
            0,
            255,
            0
          ]
        },
        "isLocked": false,
        "measurements": []
      }
    },
    {
      "type": "Feature",
      "id": "PathAnnotationObject",
      "geometry": {
        "type": "Polygon",
        "coordinates": [
          [
            [
              231,
              100
            ],
            [
              230,
              101
            ],
            [
              230,
              105
            ],
            [
              231,
              105
            ],
            [
              233,
              107
            ],
            [
              234,
              106
            ],
            [
              236,
              106
            ],
            [
              237,
              105
            ],
            [
              237,
              102
            ],
            [
              236,
              101
            ],
            [
              235,
              101
            ],
            [
              234,
              100
            ],
            [
              231,
              100
            ]
          ]
        ]
      },
      "properties": {
        "objectType": "annotation",
        "classification": {
          "name": "Inflammatory",
          "color": [
            0,
            0,
            255
          ]
        },
        "isLocked": false,
        "measurements": []
      }
    },
    {
      "type": "Feature",
      "id": "PathAnnotationObject",
      "geometry": {
        "type": "Polygon",
        "coordinates": [
          [
            [
              212,
              99
            ],
            [
              212,
              101
            ],
            [
              211,
              102
            ],
            [
              211,
              108
            ],
            [
              212,
              108
            ],
            [
              213,
              109
            ],
            [
              213,
              110
            ],
            [
              219,
              110
            ],
            [
              219,
              108
            ],
            [
              220,
              107
            ],
            [
              220,
              106
            ],
            [
              219,
              105
            ],
            [
              219,
              104
            ],
            [
              217,
              102
            ],
            [
              216,
              102
            ],
            [
              214,
              99
            ],
            [
              212,
              99
            ]
          ]
        ]
      },
      "properties": {
        "objectType": "annotation",
        "classification": {
          "name": "Connective",
          "color": [
            0,
            255,
            0
          ]
        },
        "isLocked": false,
        "measurements": []
      }
    },
    {
      "type": "Feature",
      "id": "PathAnnotationObject",
      "geometry": {
        "type": "Polygon",
        "coordinates": [
          [
            [
              53,
              104
            ],
            [
              53,
              106
            ],
            [
              57,
              110
            ],
            [
              58,
              110
            ],
            [
              59,
              111
            ],
            [
              60,
              111
            ],
            [
              61,
              110
            ],
            [
              62,
              110
            ],
            [
              62,
              105
            ],
            [
              61,
              104
            ],
            [
              61,
              103
            ],
            [
              59,
              103
            ],
            [
              58,
              102
            ],
            [
              57,
              103
            ],
            [
              55,
              103
            ],
            [
              54,
              104
            ],
            [
              53,
              104
            ]
          ]
        ]
      },
      "properties": {
        "objectType": "annotation",
        "classification": {
          "name": "Inflammatory",
          "color": [
            0,
            0,
            255
          ]
        },
        "isLocked": false,
        "measurements": []
      }
    },
    {
      "type": "Feature",
      "id": "PathAnnotationObject",
      "geometry": {
        "type": "Polygon",
        "coordinates": [
          [
            [
              135,
              107
            ],
            [
              136,
              108
            ],
            [
              139,
              108
            ],
            [
              140,
              107
            ],
            [
              141,
              108
            ],
            [
              142,
              108
            ],
            [
              142,
              105
            ],
            [
              141,
              104
            ],
            [
              137,
              104
            ],
            [
              136,
              105
            ],
            [
              136,
              106
            ],
            [
              135,
              107
            ]
          ]
        ]
      },
      "properties": {
        "objectType": "annotation",
        "classification": {
          "name": "Connective",
          "color": [
            0,
            255,
            0
          ]
        },
        "isLocked": false,
        "measurements": []
      }
    },
    {
      "type": "Feature",
      "id": "PathAnnotationObject",
      "geometry": {
        "type": "Polygon",
        "coordinates": [
          [
            [
              92,
              104
            ],
            [
              92,
              111
            ],
            [
              93,
              112
            ],
            [
              97,
              112
            ],
            [
              98,
              111
            ],
            [
              98,
              104
            ],
            [
              92,
              104
            ]
          ]
        ]
      },
      "properties": {
        "objectType": "annotation",
        "classification": {
          "name": "Inflammatory",
          "color": [
            0,
            0,
            255
          ]
        },
        "isLocked": false,
        "measurements": []
      }
    },
    {
      "type": "Feature",
      "id": "PathAnnotationObject",
      "geometry": {
        "type": "Polygon",
        "coordinates": [
          [
            [
              189,
              105
            ],
            [
              187,
              105
            ],
            [
              186,
              106
            ],
            [
              185,
              106
            ],
            [
              184,
              107
            ],
            [
              184,
              109
            ],
            [
              187,
              112
            ],
            [
              187,
              113
            ],
            [
              188,
              112
            ],
            [
              190,
              112
            ],
            [
              191,
              111
            ],
            [
              191,
              110
            ],
            [
              192,
              109
            ],
            [
              192,
              108
            ],
            [
              191,
              107
            ],
            [
              191,
              106
            ],
            [
              190,
              106
            ],
            [
              189,
              105
            ]
          ]
        ]
      },
      "properties": {
        "objectType": "annotation",
        "classification": {
          "name": "Connective",
          "color": [
            0,
            255,
            0
          ]
        },
        "isLocked": false,
        "measurements": []
      }
    },
    {
      "type": "Feature",
      "id": "PathAnnotationObject",
      "geometry": {
        "type": "Polygon",
        "coordinates": [
          [
            [
              199,
              104
            ],
            [
              196,
              107
            ],
            [
              197,
              108
            ],
            [
              197,
              110
            ],
            [
              199,
              112
            ],
            [
              203,
              112
            ],
            [
              203,
              110
            ],
            [
              204,
              109
            ],
            [
              203,
              108
            ],
            [
              203,
              106
            ],
            [
              201,
              104
            ],
            [
              199,
              104
            ]
          ]
        ]
      },
      "properties": {
        "objectType": "annotation",
        "classification": {
          "name": "Inflammatory",
          "color": [
            0,
            0,
            255
          ]
        },
        "isLocked": false,
        "measurements": []
      }
    },
    {
      "type": "Feature",
      "id": "PathAnnotationObject",
      "geometry": {
        "type": "Polygon",
        "coordinates": [
          [
            [
              0,
              108
            ],
            [
              0,
              111
            ],
            [
              3,
              113
            ],
            [
              4,
              112
            ],
            [
              7,
              112
            ],
            [
              8,
              113
            ],
            [
              8,
              116
            ],
            [
              8,
              113
            ],
            [
              9,
              112
            ],
            [
              11,
              112
            ],
            [
              9,
              112
            ],
            [
              8,
              111
            ],
            [
              7,
              111
            ],
            [
              5,
              108
            ],
            [
              0,
              108
            ]
          ]
        ]
      },
      "properties": {
        "objectType": "annotation",
        "classification": {
          "name": "Inflammatory",
          "color": [
            0,
            0,
            255
          ]
        },
        "isLocked": false,
        "measurements": []
      }
    },
    {
      "type": "Feature",
      "id": "PathAnnotationObject",
      "geometry": {
        "type": "Polygon",
        "coordinates": [
          [
            [
              19,
              108
            ],
            [
              18,
              109
            ],
            [
              18,
              113
            ],
            [
              19,
              113
            ],
            [
              20,
              114
            ],
            [
              21,
              114
            ],
            [
              22,
              115
            ],
            [
              24,
              115
            ],
            [
              24,
              114
            ],
            [
              25,
              113
            ],
            [
              25,
              112
            ],
            [
              24,
              111
            ],
            [
              24,
              109
            ],
            [
              21,
              109
            ],
            [
              20,
              108
            ],
            [
              19,
              108
            ]
          ]
        ]
      },
      "properties": {
        "objectType": "annotation",
        "classification": {
          "name": "Inflammatory",
          "color": [
            0,
            0,
            255
          ]
        },
        "isLocked": false,
        "measurements": []
      }
    },
    {
      "type": "Feature",
      "id": "PathAnnotationObject",
      "geometry": {
        "type": "Polygon",
        "coordinates": [
          [
            [
              47,
              108
            ],
            [
              46,
              109
            ],
            [
              45,
              109
            ],
            [
              45,
              115
            ],
            [
              48,
              115
            ],
            [
              49,
              114
            ],
            [
              50,
              114
            ],
            [
              49,
              113
            ],
            [
              49,
              109
            ],
            [
              48,
              109
            ],
            [
              47,
              108
            ]
          ]
        ]
      },
      "properties": {
        "objectType": "annotation",
        "classification": {
          "name": "Inflammatory",
          "color": [
            0,
            0,
            255
          ]
        },
        "isLocked": false,
        "measurements": []
      }
    },
    {
      "type": "Feature",
      "id": "PathAnnotationObject",
      "geometry": {
        "type": "Polygon",
        "coordinates": [
          [
            [
              152,
              109
            ],
            [
              152,
              113
            ],
            [
              153,
              113
            ],
            [
              154,
              114
            ],
            [
              155,
              114
            ],
            [
              156,
              113
            ],
            [
              158,
              113
            ],
            [
              159,
              112
            ],
            [
              159,
              109
            ],
            [
              158,
              108
            ],
            [
              153,
              108
            ],
            [
              152,
              109
            ]
          ]
        ]
      },
      "properties": {
        "objectType": "annotation",
        "classification": {
          "name": "Inflammatory",
          "color": [
            0,
            0,
            255
          ]
        },
        "isLocked": false,
        "measurements": []
      }
    },
    {
      "type": "Feature",
      "id": "PathAnnotationObject",
      "geometry": {
        "type": "Polygon",
        "coordinates": [
          [
            [
              61,
              111
            ],
            [
              63,
              113
            ],
            [
              63,
              114
            ],
            [
              66,
              117
            ],
            [
              69,
              117
            ],
            [
              70,
              116
            ],
            [
              71,
              116
            ],
            [
              71,
              111
            ],
            [
              69,
              111
            ],
            [
              68,
              110
            ],
            [
              68,
              109
            ],
            [
              63,
              109
            ],
            [
              63,
              110
            ],
            [
              62,
              111
            ],
            [
              61,
              111
            ]
          ]
        ]
      },
      "properties": {
        "objectType": "annotation",
        "classification": {
          "name": "Inflammatory",
          "color": [
            0,
            0,
            255
          ]
        },
        "isLocked": false,
        "measurements": []
      }
    },
    {
      "type": "Feature",
      "id": "PathAnnotationObject",
      "geometry": {
        "type": "Polygon",
        "coordinates": [
          [
            [
              180,
              109
            ],
            [
              179,
              110
            ],
            [
              179,
              114
            ],
            [
              180,
              115
            ],
            [
              181,
              115
            ],
            [
              182,
              116
            ],
            [
              183,
              116
            ],
            [
              184,
              117
            ],
            [
              185,
              117
            ],
            [
              185,
              116
            ],
            [
              186,
              115
            ],
            [
              186,
              112
            ],
            [
              183,
              109
            ],
            [
              183,
              108
            ],
            [
              182,
              109
            ],
            [
              180,
              109
            ]
          ]
        ]
      },
      "properties": {
        "objectType": "annotation",
        "classification": {
          "name": "Inflammatory",
          "color": [
            0,
            0,
            255
          ]
        },
        "isLocked": false,
        "measurements": []
      }
    },
    {
      "type": "Feature",
      "id": "PathAnnotationObject",
      "geometry": {
        "type": "Polygon",
        "coordinates": [
          [
            [
              97,
              113
            ],
            [
              99,
              115
            ],
            [
              100,
              115
            ],
            [
              101,
              116
            ],
            [
              101,
              117
            ],
            [
              102,
              117
            ],
            [
              103,
              118
            ],
            [
              105,
              118
            ],
            [
              107,
              116
            ],
            [
              106,
              115
            ],
            [
              106,
              114
            ],
            [
              105,
              113
            ],
            [
              104,
              113
            ],
            [
              103,
              112
            ],
            [
              103,
              111
            ],
            [
              102,
              110
            ],
            [
              101,
              110
            ],
            [
              99,
              112
            ],
            [
              98,
              112
            ],
            [
              97,
              113
            ]
          ]
        ]
      },
      "properties": {
        "objectType": "annotation",
        "classification": {
          "name": "Inflammatory",
          "color": [
            0,
            0,
            255
          ]
        },
        "isLocked": false,
        "measurements": []
      }
    },
    {
      "type": "Feature",
      "id": "PathAnnotationObject",
      "geometry": {
        "type": "Polygon",
        "coordinates": [
          [
            [
              160,
              111
            ],
            [
              160,
              115
            ],
            [
              162,
              117
            ],
            [
              162,
              118
            ],
            [
              163,
              119
            ],
            [
              169,
              119
            ],
            [
              170,
              120
            ],
            [
              173,
              120
            ],
            [
              173,
              119
            ],
            [
              172,
              118
            ],
            [
              170,
              118
            ],
            [
              169,
              117
            ],
            [
              169,
              116
            ],
            [
              168,
              115
            ],
            [
              168,
              112
            ],
            [
              167,
              111
            ],
            [
              166,
              111
            ],
            [
              165,
              110
            ],
            [
              163,
              110
            ],
            [
              162,
              111
            ],
            [
              160,
              111
            ]
          ]
        ]
      },
      "properties": {
        "objectType": "annotation",
        "classification": {
          "name": "Connective",
          "color": [
            0,
            255,
            0
          ]
        },
        "isLocked": false,
        "measurements": []
      }
    },
    {
      "type": "Feature",
      "id": "PathAnnotationObject",
      "geometry": {
        "type": "Polygon",
        "coordinates": [
          [
            [
              192,
              110
            ],
            [
              192,
              111
            ],
            [
              191,
              112
            ],
            [
              191,
              115
            ],
            [
              192,
              116
            ],
            [
              192,
              117
            ],
            [
              193,
              117
            ],
            [
              194,
              118
            ],
            [
              197,
              118
            ],
            [
              199,
              116
            ],
            [
              199,
              113
            ],
            [
              197,
              111
            ],
            [
              193,
              111
            ],
            [
              192,
              110
            ]
          ]
        ]
      },
      "properties": {
        "objectType": "annotation",
        "classification": {
          "name": "Inflammatory",
          "color": [
            0,
            0,
            255
          ]
        },
        "isLocked": false,
        "measurements": []
      }
    },
    {
      "type": "Feature",
      "id": "PathAnnotationObject",
      "geometry": {
        "type": "Polygon",
        "coordinates": [
          [
            [
              84,
              113
            ],
            [
              84,
              114
            ],
            [
              86,
              116
            ],
            [
              86,
              118
            ],
            [
              87,
              119
            ],
            [
              88,
              119
            ],
            [
              89,
              120
            ],
            [
              91,
              120
            ],
            [
              91,
              119
            ],
            [
              92,
              118
            ],
            [
              92,
              115
            ],
            [
              90,
              113
            ],
            [
              84,
              113
            ]
          ]
        ]
      },
      "properties": {
        "objectType": "annotation",
        "classification": {
          "name": "Inflammatory",
          "color": [
            0,
            0,
            255
          ]
        },
        "isLocked": false,
        "measurements": []
      }
    },
    {
      "type": "Feature",
      "id": "PathAnnotationObject",
      "geometry": {
        "type": "Polygon",
        "coordinates": [
          [
            [
              210,
              114
            ],
            [
              210,
              115
            ],
            [
              209,
              116
            ],
            [
              211,
              118
            ],
            [
              211,
              119
            ],
            [
              212,
              119
            ],
            [
              215,
              122
            ],
            [
              216,
              121
            ],
            [
              217,
              122
            ],
            [
              218,
              122
            ],
            [
              219,
              121
            ],
            [
              218,
              121
            ],
            [
              216,
              119
            ],
            [
              216,
              118
            ],
            [
              215,
              117
            ],
            [
              215,
              116
            ],
            [
              214,
              116
            ],
            [
              212,
              114
            ],
            [
              210,
              114
            ]
          ]
        ]
      },
      "properties": {
        "objectType": "annotation",
        "classification": {
          "name": "Neoplastic",
          "color": [
            255,
            0,
            0
          ]
        },
        "isLocked": false,
        "measurements": []
      }
    },
    {
      "type": "Feature",
      "id": "PathAnnotationObject",
      "geometry": {
        "type": "Polygon",
        "coordinates": [
          [
            [
              245,
              115
            ],
            [
              245,
              117
            ],
            [
              246,
              118
            ],
            [
              246,
              119
            ],
            [
              247,
              119
            ],
            [
              248,
              120
            ],
            [
              249,
              120
            ],
            [
              251,
              122
            ],
            [
              255,
              122
            ],
            [
              255,
              116
            ],
            [
              253,
              114
            ],
            [
              246,
              114
            ],
            [
              245,
              115
            ]
          ]
        ]
      },
      "properties": {
        "objectType": "annotation",
        "classification": {
          "name": "Connective",
          "color": [
            0,
            255,
            0
          ]
        },
        "isLocked": false,
        "measurements": []
      }
    },
    {
      "type": "Feature",
      "id": "PathAnnotationObject",
      "geometry": {
        "type": "Polygon",
        "coordinates": [
          [
            [
              144,
              114
            ],
            [
              143,
              115
            ],
            [
              143,
              117
            ],
            [
              142,
              118
            ],
            [
              142,
              119
            ],
            [
              143,
              120
            ],
            [
              143,
              121
            ],
            [
              144,
              121
            ],
            [
              145,
              122
            ],
            [
              147,
              122
            ],
            [
              148,
              121
            ],
            [
              149,
              121
            ],
            [
              149,
              120
            ],
            [
              150,
              119
            ],
            [
              150,
              116
            ],
            [
              148,
              114
            ],
            [
              144,
              114
            ]
          ]
        ]
      },
      "properties": {
        "objectType": "annotation",
        "classification": {
          "name": "Neoplastic",
          "color": [
            255,
            0,
            0
          ]
        },
        "isLocked": false,
        "measurements": []
      }
    },
    {
      "type": "Feature",
      "id": "PathAnnotationObject",
      "geometry": {
        "type": "Polygon",
        "coordinates": [
          [
            [
              9,
              113
            ],
            [
              9,
              118
            ],
            [
              13,
              122
            ],
            [
              14,
              122
            ],
            [
              15,
              123
            ],
            [
              15,
              124
            ],
            [
              18,
              124
            ],
            [
              18,
              123
            ],
            [
              19,
              122
            ],
            [
              20,
              122
            ],
            [
              20,
              119
            ],
            [
              17,
              116
            ],
            [
              17,
              115
            ],
            [
              15,
              115
            ],
            [
              13,
              113
            ],
            [
              9,
              113
            ]
          ]
        ]
      },
      "properties": {
        "objectType": "annotation",
        "classification": {
          "name": "Connective",
          "color": [
            0,
            255,
            0
          ]
        },
        "isLocked": false,
        "measurements": []
      }
    },
    {
      "type": "Feature",
      "id": "PathAnnotationObject",
      "geometry": {
        "type": "Polygon",
        "coordinates": [
          [
            [
              48,
              116
            ],
            [
              48,
              117
            ],
            [
              47,
              118
            ],
            [
              47,
              121
            ],
            [
              48,
              122
            ],
            [
              56,
              122
            ],
            [
              56,
              121
            ],
            [
              57,
              120
            ],
            [
              57,
              118
            ],
            [
              55,
              116
            ],
            [
              53,
              116
            ],
            [
              51,
              114
            ],
            [
              50,
              115
            ],
            [
              49,
              115
            ],
            [
              48,
              116
            ]
          ]
        ]
      },
      "properties": {
        "objectType": "annotation",
        "classification": {
          "name": "Connective",
          "color": [
            0,
            255,
            0
          ]
        },
        "isLocked": false,
        "measurements": []
      }
    },
    {
      "type": "Feature",
      "id": "PathAnnotationObject",
      "geometry": {
        "type": "Polygon",
        "coordinates": [
          [
            [
              38,
              117
            ],
            [
              38,
              121
            ],
            [
              41,
              124
            ],
            [
              44,
              124
            ],
            [
              44,
              123
            ],
            [
              45,
              122
            ],
            [
              47,
              122
            ],
            [
              46,
              121
            ],
            [
              46,
              120
            ],
            [
              45,
              119
            ],
            [
              45,
              118
            ],
            [
              43,
              116
            ],
            [
              39,
              116
            ],
            [
              38,
              117
            ]
          ]
        ]
      },
      "properties": {
        "objectType": "annotation",
        "classification": {
          "name": "Inflammatory",
          "color": [
            0,
            0,
            255
          ]
        },
        "isLocked": false,
        "measurements": []
      }
    },
    {
      "type": "Feature",
      "id": "PathAnnotationObject",
      "geometry": {
        "type": "Polygon",
        "coordinates": [
          [
            [
              74,
              118
            ],
            [
              73,
              118
            ],
            [
              71,
              120
            ],
            [
              70,
              120
            ],
            [
              69,
              121
            ],
            [
              70,
              122
            ],
            [
              70,
              124
            ],
            [
              71,
              125
            ],
            [
              75,
              125
            ],
            [
              76,
              124
            ],
            [
              76,
              120
            ],
            [
              74,
              118
            ]
          ]
        ]
      },
      "properties": {
        "objectType": "annotation",
        "classification": {
          "name": "Inflammatory",
          "color": [
            0,
            0,
            255
          ]
        },
        "isLocked": false,
        "measurements": []
      }
    },
    {
      "type": "Feature",
      "id": "PathAnnotationObject",
      "geometry": {
        "type": "Polygon",
        "coordinates": [
          [
            [
              60,
              125
            ],
            [
              66,
              125
            ],
            [
              67,
              124
            ],
            [
              68,
              124
            ],
            [
              69,
              123
            ],
            [
              69,
              122
            ],
            [
              68,
              121
            ],
            [
              66,
              121
            ],
            [
              65,
              120
            ],
            [
              62,
              120
            ],
            [
              60,
              122
            ],
            [
              60,
              125
            ]
          ]
        ]
      },
      "properties": {
        "objectType": "annotation",
        "classification": {
          "name": "Inflammatory",
          "color": [
            0,
            0,
            255
          ]
        },
        "isLocked": false,
        "measurements": []
      }
    },
    {
      "type": "Feature",
      "id": "PathAnnotationObject",
      "geometry": {
        "type": "Polygon",
        "coordinates": [
          [
            [
              113,
              118
            ],
            [
              113,
              119
            ],
            [
              116,
              122
            ],
            [
              117,
              122
            ],
            [
              118,
              123
            ],
            [
              118,
              124
            ],
            [
              121,
              127
            ],
            [
              122,
              127
            ],
            [
              125,
              125
            ],
            [
              125,
              121
            ],
            [
              122,
              118
            ],
            [
              120,
              118
            ],
            [
              119,
              117
            ],
            [
              119,
              116
            ],
            [
              116,
              116
            ],
            [
              113,
              118
            ]
          ]
        ]
      },
      "properties": {
        "objectType": "annotation",
        "classification": {
          "name": "Inflammatory",
          "color": [
            0,
            0,
            255
          ]
        },
        "isLocked": false,
        "measurements": []
      }
    },
    {
      "type": "Feature",
      "id": "PathAnnotationObject",
      "geometry": {
        "type": "Polygon",
        "coordinates": [
          [
            [
              26,
              120
            ],
            [
              25,
              121
            ],
            [
              25,
              125
            ],
            [
              28,
              128
            ],
            [
              28,
              129
            ],
            [
              29,
              129
            ],
            [
              31,
              131
            ],
            [
              32,
              131
            ],
            [
              32,
              124
            ],
            [
              30,
              122
            ],
            [
              30,
              121
            ],
            [
              29,
              120
            ],
            [
              26,
              120
            ]
          ]
        ]
      },
      "properties": {
        "objectType": "annotation",
        "classification": {
          "name": "Inflammatory",
          "color": [
            0,
            0,
            255
          ]
        },
        "isLocked": false,
        "measurements": []
      }
    },
    {
      "type": "Feature",
      "id": "PathAnnotationObject",
      "geometry": {
        "type": "Polygon",
        "coordinates": [
          [
            [
              191,
              123
            ],
            [
              191,
              126
            ],
            [
              194,
              129
            ],
            [
              195,
              129
            ],
            [
              196,
              130
            ],
            [
              202,
              130
            ],
            [
              203,
              129
            ],
            [
              203,
              126
            ],
            [
              200,
              123
            ],
            [
              199,
              123
            ],
            [
              197,
              121
            ],
            [
              194,
              121
            ],
            [
              191,
              123
            ]
          ]
        ]
      },
      "properties": {
        "objectType": "annotation",
        "classification": {
          "name": "Inflammatory",
          "color": [
            0,
            0,
            255
          ]
        },
        "isLocked": false,
        "measurements": []
      }
    },
    {
      "type": "Feature",
      "id": "PathAnnotationObject",
      "geometry": {
        "type": "Polygon",
        "coordinates": [
          [
            [
              89,
              126
            ],
            [
              89,
              127
            ],
            [
              90,
              128
            ],
            [
              91,
              128
            ],
            [
              92,
              129
            ],
            [
              92,
              130
            ],
            [
              93,
              130
            ],
            [
              94,
              129
            ],
            [
              95,
              129
            ],
            [
              95,
              126
            ],
            [
              94,
              125
            ],
            [
              93,
              125
            ],
            [
              92,
              124
            ],
            [
              91,
              124
            ],
            [
              91,
              125
            ],
            [
              90,
              126
            ],
            [
              89,
              126
            ]
          ]
        ]
      },
      "properties": {
        "objectType": "annotation",
        "classification": {
          "name": "Neoplastic",
          "color": [
            255,
            0,
            0
          ]
        },
        "isLocked": false,
        "measurements": []
      }
    },
    {
      "type": "Feature",
      "id": "PathAnnotationObject",
      "geometry": {
        "type": "Polygon",
        "coordinates": [
          [
            [
              152,
              125
            ],
            [
              152,
              127
            ],
            [
              153,
              128
            ],
            [
              153,
              129
            ],
            [
              154,
              129
            ],
            [
              155,
              130
            ],
            [
              160,
              130
            ],
            [
              160,
              129
            ],
            [
              161,
              128
            ],
            [
              161,
              126
            ],
            [
              158,
              123
            ],
            [
              154,
              123
            ],
            [
              152,
              125
            ]
          ]
        ]
      },
      "properties": {
        "objectType": "annotation",
        "classification": {
          "name": "Inflammatory",
          "color": [
            0,
            0,
            255
          ]
        },
        "isLocked": false,
        "measurements": []
      }
    },
    {
      "type": "Feature",
      "id": "PathAnnotationObject",
      "geometry": {
        "type": "Polygon",
        "coordinates": [
          [
            [
              54,
              125
            ],
            [
              53,
              126
            ],
            [
              53,
              127
            ],
            [
              52,
              128
            ],
            [
              52,
              130
            ],
            [
              53,
              131
            ],
            [
              56,
              131
            ],
            [
              57,
              130
            ],
            [
              58,
              130
            ],
            [
              59,
              129
            ],
            [
              59,
              126
            ],
            [
              58,
              125
            ],
            [
              54,
              125
            ]
          ]
        ]
      },
      "properties": {
        "objectType": "annotation",
        "classification": {
          "name": "Inflammatory",
          "color": [
            0,
            0,
            255
          ]
        },
        "isLocked": false,
        "measurements": []
      }
    },
    {
      "type": "Feature",
      "id": "PathAnnotationObject",
      "geometry": {
        "type": "Polygon",
        "coordinates": [
          [
            [
              209,
              126
            ],
            [
              209,
              130
            ],
            [
              210,
              130
            ],
            [
              211,
              131
            ],
            [
              214,
              131
            ],
            [
              215,
              132
            ],
            [
              215,
              133
            ],
            [
              214,
              134
            ],
            [
              215,
              135
            ],
            [
              219,
              135
            ],
            [
              219,
              131
            ],
            [
              218,
              131
            ],
            [
              215,
              129
            ],
            [
              215,
              126
            ],
            [
              214,
              125
            ],
            [
              211,
              125
            ],
            [
              210,
              126
            ],
            [
              209,
              126
            ]
          ]
        ]
      },
      "properties": {
        "objectType": "annotation",
        "classification": {
          "name": "Inflammatory",
          "color": [
            0,
            0,
            255
          ]
        },
        "isLocked": false,
        "measurements": []
      }
    },
    {
      "type": "Feature",
      "id": "PathAnnotationObject",
      "geometry": {
        "type": "Polygon",
        "coordinates": [
          [
            [
              254,
              126
            ],
            [
              252,
              126
            ],
            [
              251,
              125
            ],
            [
              248,
              125
            ],
            [
              247,
              126
            ],
            [
              247,
              127
            ],
            [
              246,
              128
            ],
            [
              245,
              128
            ],
            [
              245,
              129
            ],
            [
              243,
              131
            ],
            [
              244,
              132
            ],
            [
              244,
              133
            ],
            [
              247,
              136
            ],
            [
              248,
              136
            ],
            [
              249,
              135
            ],
            [
              252,
              135
            ],
            [
              253,
              134
            ],
            [
              254,
              134
            ],
            [
              254,
              133
            ],
            [
              255,
              132
            ],
            [
              255,
              127
            ],
            [
              254,
              126
            ]
          ]
        ]
      },
      "properties": {
        "objectType": "annotation",
        "classification": {
          "name": "Connective",
          "color": [
            0,
            255,
            0
          ]
        },
        "isLocked": false,
        "measurements": []
      }
    },
    {
      "type": "Feature",
      "id": "PathAnnotationObject",
      "geometry": {
        "type": "Polygon",
        "coordinates": [
          [
            [
              10,
              125
            ],
            [
              3,
              125
            ],
            [
              1,
              127
            ],
            [
              1,
              129
            ],
            [
              0,
              130
            ],
            [
              0,
              139
            ],
            [
              3,
              138
            ],
            [
              6,
              135
            ],
            [
              7,
              135
            ],
            [
              8,
              134
            ],
            [
              8,
              133
            ],
            [
              10,
              131
            ],
            [
              10,
              130
            ],
            [
              11,
              129
            ],
            [
              11,
              126
            ],
            [
              10,
              125
            ]
          ]
        ]
      },
      "properties": {
        "objectType": "annotation",
        "classification": {
          "name": "Neoplastic",
          "color": [
            255,
            0,
            0
          ]
        },
        "isLocked": false,
        "measurements": []
      }
    },
    {
      "type": "Feature",
      "id": "PathAnnotationObject",
      "geometry": {
        "type": "Polygon",
        "coordinates": [
          [
            [
              141,
              126
            ],
            [
              138,
              129
            ],
            [
              138,
              131
            ],
            [
              139,
              132
            ],
            [
              144,
              132
            ],
            [
              144,
              128
            ],
            [
              143,
              128
            ],
            [
              141,
              126
            ]
          ]
        ]
      },
      "properties": {
        "objectType": "annotation",
        "classification": {
          "name": "Inflammatory",
          "color": [
            0,
            0,
            255
          ]
        },
        "isLocked": false,
        "measurements": []
      }
    },
    {
      "type": "Feature",
      "id": "PathAnnotationObject",
      "geometry": {
        "type": "Polygon",
        "coordinates": [
          [
            [
              164,
              131
            ],
            [
              164,
              132
            ],
            [
              165,
              133
            ],
            [
              165,
              134
            ],
            [
              167,
              136
            ],
            [
              168,
              136
            ],
            [
              169,
              137
            ],
            [
              172,
              137
            ],
            [
              173,
              136
            ],
            [
              173,
              133
            ],
            [
              172,
              133
            ],
            [
              171,
              132
            ],
            [
              171,
              131
            ],
            [
              170,
              131
            ],
            [
              169,
              130
            ],
            [
              168,
              130
            ],
            [
              167,
              129
            ],
            [
              166,
              130
            ],
            [
              165,
              130
            ],
            [
              164,
              131
            ]
          ]
        ]
      },
      "properties": {
        "objectType": "annotation",
        "classification": {
          "name": "Connective",
          "color": [
            0,
            255,
            0
          ]
        },
        "isLocked": false,
        "measurements": []
      }
    },
    {
      "type": "Feature",
      "id": "PathAnnotationObject",
      "geometry": {
        "type": "Polygon",
        "coordinates": [
          [
            [
              95,
              130
            ],
            [
              94,
              130
            ],
            [
              93,
              131
            ],
            [
              93,
              132
            ],
            [
              92,
              133
            ],
            [
              92,
              134
            ],
            [
              91,
              135
            ],
            [
              91,
              138
            ],
            [
              92,
              139
            ],
            [
              92,
              140
            ],
            [
              94,
              140
            ],
            [
              95,
              139
            ],
            [
              95,
              138
            ],
            [
              97,
              136
            ],
            [
              98,
              136
            ],
            [
              98,
              133
            ],
            [
              95,
              130
            ]
          ]
        ]
      },
      "properties": {
        "objectType": "annotation",
        "classification": {
          "name": "Connective",
          "color": [
            0,
            255,
            0
          ]
        },
        "isLocked": false,
        "measurements": []
      }
    },
    {
      "type": "Feature",
      "id": "PathAnnotationObject",
      "geometry": {
        "type": "Polygon",
        "coordinates": [
          [
            [
              38,
              132
            ],
            [
              39,
              133
            ],
            [
              39,
              134
            ],
            [
              42,
              137
            ],
            [
              42,
              138
            ],
            [
              46,
              142
            ],
            [
              48,
              140
            ],
            [
              49,
              140
            ],
            [
              50,
              139
            ],
            [
              51,
              139
            ],
            [
              51,
              135
            ],
            [
              47,
              131
            ],
            [
              44,
              131
            ],
            [
              43,
              130
            ],
            [
              40,
              130
            ],
            [
              38,
              132
            ]
          ]
        ]
      },
      "properties": {
        "objectType": "annotation",
        "classification": {
          "name": "Connective",
          "color": [
            0,
            255,
            0
          ]
        },
        "isLocked": false,
        "measurements": []
      }
    },
    {
      "type": "Feature",
      "id": "PathAnnotationObject",
      "geometry": {
        "type": "Polygon",
        "coordinates": [
          [
            [
              26,
              131
            ],
            [
              25,
              132
            ],
            [
              23,
              132
            ],
            [
              22,
              133
            ],
            [
              22,
              134
            ],
            [
              21,
              135
            ],
            [
              21,
              140
            ],
            [
              23,
              142
            ],
            [
              27,
              142
            ],
            [
              27,
              140
            ],
            [
              29,
              138
            ],
            [
              29,
              134
            ],
            [
              26,
              131
            ]
          ]
        ]
      },
      "properties": {
        "objectType": "annotation",
        "classification": {
          "name": "Neoplastic",
          "color": [
            255,
            0,
            0
          ]
        },
        "isLocked": false,
        "measurements": []
      }
    },
    {
      "type": "Feature",
      "id": "PathAnnotationObject",
      "geometry": {
        "type": "Polygon",
        "coordinates": [
          [
            [
              129,
              139
            ],
            [
              129,
              140
            ],
            [
              131,
              142
            ],
            [
              134,
              142
            ],
            [
              135,
              143
            ],
            [
              141,
              143
            ],
            [
              141,
              140
            ],
            [
              140,
              140
            ],
            [
              139,
              139
            ],
            [
              138,
              139
            ],
            [
              137,
              138
            ],
            [
              136,
              138
            ],
            [
              135,
              137
            ],
            [
              134,
              138
            ],
            [
              131,
              138
            ],
            [
              130,
              139
            ],
            [
              129,
              139
            ]
          ]
        ]
      },
      "properties": {
        "objectType": "annotation",
        "classification": {
          "name": "Neoplastic",
          "color": [
            255,
            0,
            0
          ]
        },
        "isLocked": false,
        "measurements": []
      }
    },
    {
      "type": "Feature",
      "id": "PathAnnotationObject",
      "geometry": {
        "type": "Polygon",
        "coordinates": [
          [
            [
              113,
              140
            ],
            [
              113,
              141
            ],
            [
              114,
              142
            ],
            [
              114,
              144
            ],
            [
              115,
              145
            ],
            [
              116,
              144
            ],
            [
              125,
              144
            ],
            [
              125,
              142
            ],
            [
              123,
              140
            ],
            [
              120,
              140
            ],
            [
              119,
              139
            ],
            [
              117,
              139
            ],
            [
              116,
              138
            ],
            [
              115,
              139
            ],
            [
              114,
              139
            ],
            [
              113,
              140
            ]
          ]
        ]
      },
      "properties": {
        "objectType": "annotation",
        "classification": {
          "name": "Inflammatory",
          "color": [
            0,
            0,
            255
          ]
        },
        "isLocked": false,
        "measurements": []
      }
    },
    {
      "type": "Feature",
      "id": "PathAnnotationObject",
      "geometry": {
        "type": "Polygon",
        "coordinates": [
          [
            [
              75,
              138
            ],
            [
              75,
              144
            ],
            [
              77,
              146
            ],
            [
              77,
              147
            ],
            [
              79,
              149
            ],
            [
              82,
              149
            ],
            [
              84,
              147
            ],
            [
              85,
              147
            ],
            [
              85,
              143
            ],
            [
              84,
              143
            ],
            [
              83,
              142
            ],
            [
              83,
              141
            ],
            [
              80,
              138
            ],
            [
              75,
              138
            ]
          ]
        ]
      },
      "properties": {
        "objectType": "annotation",
        "classification": {
          "name": "Connective",
          "color": [
            0,
            255,
            0
          ]
        },
        "isLocked": false,
        "measurements": []
      }
    },
    {
      "type": "Feature",
      "id": "PathAnnotationObject",
      "geometry": {
        "type": "Polygon",
        "coordinates": [
          [
            [
              237,
              139
            ],
            [
              238,
              142
            ],
            [
              239,
              142
            ],
            [
              240,
              143
            ],
            [
              240,
              144
            ],
            [
              237,
              147
            ],
            [
              239,
              147
            ],
            [
              242,
              149
            ],
            [
              245,
              146
            ],
            [
              248,
              146
            ],
            [
              250,
              144
            ],
            [
              250,
              143
            ],
            [
              249,
              142
            ],
            [
              248,
              142
            ],
            [
              244,
              138
            ],
            [
              239,
              138
            ],
            [
              238,
              139
            ],
            [
              237,
              139
            ]
          ]
        ]
      },
      "properties": {
        "objectType": "annotation",
        "classification": {
          "name": "Connective",
          "color": [
            0,
            255,
            0
          ]
        },
        "isLocked": false,
        "measurements": []
      }
    },
    {
      "type": "Feature",
      "id": "PathAnnotationObject",
      "geometry": {
        "type": "Polygon",
        "coordinates": [
          [
            [
              107,
              142
            ],
            [
              107,
              144
            ],
            [
              108,
              145
            ],
            [
              108,
              146
            ],
            [
              109,
              147
            ],
            [
              110,
              146
            ],
            [
              111,
              147
            ],
            [
              112,
              146
            ],
            [
              114,
              146
            ],
            [
              114,
              145
            ],
            [
              113,
              144
            ],
            [
              113,
              142
            ],
            [
              112,
              141
            ],
            [
              108,
              141
            ],
            [
              107,
              142
            ]
          ]
        ]
      },
      "properties": {
        "objectType": "annotation",
        "classification": {
          "name": "Inflammatory",
          "color": [
            0,
            0,
            255
          ]
        },
        "isLocked": false,
        "measurements": []
      }
    },
    {
      "type": "Feature",
      "id": "PathAnnotationObject",
      "geometry": {
        "type": "Polygon",
        "coordinates": [
          [
            [
              143,
              143
            ],
            [
              143,
              147
            ],
            [
              144,
              147
            ],
            [
              145,
              148
            ],
            [
              146,
              148
            ],
            [
              147,
              149
            ],
            [
              152,
              149
            ],
            [
              152,
              146
            ],
            [
              153,
              145
            ],
            [
              152,
              144
            ],
            [
              152,
              143
            ],
            [
              150,
              143
            ],
            [
              149,
              142
            ],
            [
              147,
              142
            ],
            [
              146,
              143
            ],
            [
              143,
              143
            ]
          ]
        ]
      },
      "properties": {
        "objectType": "annotation",
        "classification": {
          "name": "Inflammatory",
          "color": [
            0,
            0,
            255
          ]
        },
        "isLocked": false,
        "measurements": []
      }
    },
    {
      "type": "Feature",
      "id": "PathAnnotationObject",
      "geometry": {
        "type": "Polygon",
        "coordinates": [
          [
            [
              167,
              143
            ],
            [
              167,
              147
            ],
            [
              170,
              150
            ],
            [
              176,
              150
            ],
            [
              176,
              148
            ],
            [
              178,
              146
            ],
            [
              178,
              144
            ],
            [
              177,
              143
            ],
            [
              176,
              143
            ],
            [
              175,
              142
            ],
            [
              169,
              142
            ],
            [
              168,
              143
            ],
            [
              167,
              143
            ]
          ]
        ]
      },
      "properties": {
        "objectType": "annotation",
        "classification": {
          "name": "Inflammatory",
          "color": [
            0,
            0,
            255
          ]
        },
        "isLocked": false,
        "measurements": []
      }
    },
    {
      "type": "Feature",
      "id": "PathAnnotationObject",
      "geometry": {
        "type": "Polygon",
        "coordinates": [
          [
            [
              102,
              143
            ],
            [
              99,
              143
            ],
            [
              99,
              144
            ],
            [
              98,
              145
            ],
            [
              96,
              145
            ],
            [
              96,
              151
            ],
            [
              102,
              151
            ],
            [
              102,
              149
            ],
            [
              103,
              148
            ],
            [
              103,
              144
            ],
            [
              102,
              143
            ]
          ]
        ]
      },
      "properties": {
        "objectType": "annotation",
        "classification": {
          "name": "Inflammatory",
          "color": [
            0,
            0,
            255
          ]
        },
        "isLocked": false,
        "measurements": []
      }
    },
    {
      "type": "Feature",
      "id": "PathAnnotationObject",
      "geometry": {
        "type": "Polygon",
        "coordinates": [
          [
            [
              199,
              144
            ],
            [
              198,
              145
            ],
            [
              198,
              146
            ],
            [
              197,
              147
            ],
            [
              198,
              148
            ],
            [
              198,
              150
            ],
            [
              199,
              151
            ],
            [
              203,
              151
            ],
            [
              205,
              149
            ],
            [
              204,
              148
            ],
            [
              204,
              147
            ],
            [
              203,
              146
            ],
            [
              203,
              145
            ],
            [
              201,
              145
            ],
            [
              200,
              144
            ],
            [
              199,
              144
            ]
          ]
        ]
      },
      "properties": {
        "objectType": "annotation",
        "classification": {
          "name": "Connective",
          "color": [
            0,
            255,
            0
          ]
        },
        "isLocked": false,
        "measurements": []
      }
    },
    {
      "type": "Feature",
      "id": "PathAnnotationObject",
      "geometry": {
        "type": "Polygon",
        "coordinates": [
          [
            [
              60,
              145
            ],
            [
              56,
              145
            ],
            [
              55,
              146
            ],
            [
              55,
              147
            ],
            [
              54,
              148
            ],
            [
              54,
              150
            ],
            [
              56,
              152
            ],
            [
              57,
              151
            ],
            [
              59,
              151
            ],
            [
              61,
              149
            ],
            [
              61,
              146
            ],
            [
              60,
              145
            ]
          ]
        ]
      },
      "properties": {
        "objectType": "annotation",
        "classification": {
          "name": "Inflammatory",
          "color": [
            0,
            0,
            255
          ]
        },
        "isLocked": false,
        "measurements": []
      }
    },
    {
      "type": "Feature",
      "id": "PathAnnotationObject",
      "geometry": {
        "type": "Polygon",
        "coordinates": [
          [
            [
              40,
              143
            ],
            [
              40,
              144
            ],
            [
              39,
              145
            ],
            [
              38,
              145
            ],
            [
              38,
              146
            ],
            [
              37,
              147
            ],
            [
              37,
              150
            ],
            [
              38,
              151
            ],
            [
              38,
              152
            ],
            [
              40,
              154
            ],
            [
              41,
              154
            ],
            [
              42,
              155
            ],
            [
              46,
              155
            ],
            [
              47,
              154
            ],
            [
              47,
              151
            ],
            [
              46,
              150
            ],
            [
              46,
              149
            ],
            [
              43,
              146
            ],
            [
              43,
              145
            ],
            [
              42,
              144
            ],
            [
              42,
              143
            ],
            [
              40,
              143
            ]
          ]
        ]
      },
      "properties": {
        "objectType": "annotation",
        "classification": {
          "name": "Neoplastic",
          "color": [
            255,
            0,
            0
          ]
        },
        "isLocked": false,
        "measurements": []
      }
    },
    {
      "type": "Feature",
      "id": "PathAnnotationObject",
      "geometry": {
        "type": "Polygon",
        "coordinates": [
          [
            [
              154,
              145
            ],
            [
              153,
              146
            ],
            [
              153,
              150
            ],
            [
              154,
              151
            ],
            [
              154,
              152
            ],
            [
              156,
              152
            ],
            [
              157,
              153
            ],
            [
              159,
              153
            ],
            [
              162,
              150
            ],
            [
              162,
              148
            ],
            [
              160,
              146
            ],
            [
              159,
              146
            ],
            [
              158,
              145
            ],
            [
              154,
              145
            ]
          ]
        ]
      },
      "properties": {
        "objectType": "annotation",
        "classification": {
          "name": "Inflammatory",
          "color": [
            0,
            0,
            255
          ]
        },
        "isLocked": false,
        "measurements": []
      }
    },
    {
      "type": "Feature",
      "id": "PathAnnotationObject",
      "geometry": {
        "type": "Polygon",
        "coordinates": [
          [
            [
              103,
              152
            ],
            [
              103,
              155
            ],
            [
              104,
              156
            ],
            [
              105,
              156
            ],
            [
              106,
              157
            ],
            [
              108,
              157
            ],
            [
              109,
              156
            ],
            [
              111,
              156
            ],
            [
              112,
              155
            ],
            [
              112,
              152
            ],
            [
              110,
              150
            ],
            [
              109,
              150
            ],
            [
              108,
              149
            ],
            [
              106,
              149
            ],
            [
              103,
              152
            ]
          ]
        ]
      },
      "properties": {
        "objectType": "annotation",
        "classification": {
          "name": "Inflammatory",
          "color": [
            0,
            0,
            255
          ]
        },
        "isLocked": false,
        "measurements": []
      }
    },
    {
      "type": "Feature",
      "id": "PathAnnotationObject",
      "geometry": {
        "type": "Polygon",
        "coordinates": [
          [
            [
              170,
              151
            ],
            [
              170,
              152
            ],
            [
              169,
              153
            ],
            [
              169,
              157
            ],
            [
              170,
              158
            ],
            [
              171,
              158
            ],
            [
              172,
              159
            ],
            [
              174,
              159
            ],
            [
              175,
              158
            ],
            [
              176,
              158
            ],
            [
              176,
              152
            ],
            [
              175,
              151
            ],
            [
              170,
              151
            ]
          ]
        ]
      },
      "properties": {
        "objectType": "annotation",
        "classification": {
          "name": "Inflammatory",
          "color": [
            0,
            0,
            255
          ]
        },
        "isLocked": false,
        "measurements": []
      }
    },
    {
      "type": "Feature",
      "id": "PathAnnotationObject",
      "geometry": {
        "type": "Polygon",
        "coordinates": [
          [
            [
              93,
              152
            ],
            [
              93,
              153
            ],
            [
              94,
              154
            ],
            [
              94,
              158
            ],
            [
              95,
              158
            ],
            [
              96,
              159
            ],
            [
              97,
              158
            ],
            [
              98,
              158
            ],
            [
              99,
              157
            ],
            [
              100,
              157
            ],
            [
              101,
              156
            ],
            [
              102,
              156
            ],
            [
              102,
              155
            ],
            [
              101,
              154
            ],
            [
              101,
              153
            ],
            [
              100,
              152
            ],
            [
              93,
              152
            ]
          ]
        ]
      },
      "properties": {
        "objectType": "annotation",
        "classification": {
          "name": "Inflammatory",
          "color": [
            0,
            0,
            255
          ]
        },
        "isLocked": false,
        "measurements": []
      }
    },
    {
      "type": "Feature",
      "id": "PathAnnotationObject",
      "geometry": {
        "type": "Polygon",
        "coordinates": [
          [
            [
              237,
              148
            ],
            [
              237,
              153
            ],
            [
              236,
              154
            ],
            [
              236,
              156
            ],
            [
              235,
              157
            ],
            [
              236,
              158
            ],
            [
              236,
              159
            ],
            [
              237,
              159
            ],
            [
              238,
              160
            ],
            [
              241,
              160
            ],
            [
              242,
              159
            ],
            [
              243,
              159
            ],
            [
              246,
              156
            ],
            [
              246,
              155
            ],
            [
              247,
              154
            ],
            [
              245,
              152
            ],
            [
              243,
              152
            ],
            [
              241,
              149
            ],
            [
              240,
              149
            ],
            [
              239,
              148
            ],
            [
              237,
              148
            ]
          ]
        ]
      },
      "properties": {
        "objectType": "annotation",
        "classification": {
          "name": "Connective",
          "color": [
            0,
            255,
            0
          ]
        },
        "isLocked": false,
        "measurements": []
      }
    },
    {
      "type": "Feature",
      "id": "PathAnnotationObject",
      "geometry": {
        "type": "Polygon",
        "coordinates": [
          [
            [
              93,
              154
            ],
            [
              92,
              153
            ],
            [
              92,
              152
            ],
            [
              90,
              152
            ],
            [
              89,
              153
            ],
            [
              87,
              153
            ],
            [
              84,
              156
            ],
            [
              83,
              155
            ],
            [
              83,
              156
            ],
            [
              82,
              157
            ],
            [
              82,
              158
            ],
            [
              85,
              158
            ],
            [
              86,
              159
            ],
            [
              87,
              159
            ],
            [
              89,
              161
            ],
            [
              90,
              161
            ],
            [
              90,
              160
            ],
            [
              91,
              159
            ],
            [
              93,
              159
            ],
            [
              93,
              154
            ]
          ]
        ]
      },
      "properties": {
        "objectType": "annotation",
        "classification": {
          "name": "Inflammatory",
          "color": [
            0,
            0,
            255
          ]
        },
        "isLocked": false,
        "measurements": []
      }
    },
    {
      "type": "Feature",
      "id": "PathAnnotationObject",
      "geometry": {
        "type": "Polygon",
        "coordinates": [
          [
            [
              6,
              153
            ],
            [
              4,
              155
            ],
            [
              4,
              156
            ],
            [
              3,
              157
            ],
            [
              3,
              158
            ],
            [
              2,
              159
            ],
            [
              2,
              163
            ],
            [
              6,
              163
            ],
            [
              7,
              162
            ],
            [
              7,
              160
            ],
            [
              8,
              159
            ],
            [
              8,
              156
            ],
            [
              7,
              155
            ],
            [
              7,
              154
            ],
            [
              6,
              153
            ]
          ]
        ]
      },
      "properties": {
        "objectType": "annotation",
        "classification": {
          "name": "Neoplastic",
          "color": [
            255,
            0,
            0
          ]
        },
        "isLocked": false,
        "measurements": []
      }
    },
    {
      "type": "Feature",
      "id": "PathAnnotationObject",
      "geometry": {
        "type": "Polygon",
        "coordinates": [
          [
            [
              82,
              155
            ],
            [
              81,
              154
            ],
            [
              81,
              153
            ],
            [
              80,
              153
            ],
            [
              79,
              152
            ],
            [
              75,
              152
            ],
            [
              74,
              153
            ],
            [
              65,
              153
            ],
            [
              65,
              154
            ],
            [
              64,
              155
            ],
            [
              64,
              158
            ],
            [
              66,
              161
            ],
            [
              68,
              161
            ],
            [
              69,
              160
            ],
            [
              70,
              161
            ],
            [
              70,
              162
            ],
            [
              73,
              162
            ],
            [
              74,
              161
            ],
            [
              77,
              161
            ],
            [
              77,
              160
            ],
            [
              78,
              159
            ],
            [
              81,
              158
            ],
            [
              82,
              155
            ]
          ]
        ]
      },
      "properties": {
        "objectType": "annotation",
        "classification": {
          "name": "Inflammatory",
          "color": [
            0,
            0,
            255
          ]
        },
        "isLocked": false,
        "measurements": []
      }
    },
    {
      "type": "Feature",
      "id": "PathAnnotationObject",
      "geometry": {
        "type": "Polygon",
        "coordinates": [
          [
            [
              56,
              153
            ],
            [
              54,
              155
            ],
            [
              54,
              158
            ],
            [
              55,
              159
            ],
            [
              55,
              160
            ],
            [
              56,
              161
            ],
            [
              57,
              161
            ],
            [
              59,
              163
            ],
            [
              60,
              162
            ],
            [
              61,
              162
            ],
            [
              61,
              157
            ],
            [
              60,
              157
            ],
            [
              59,
              156
            ],
            [
              59,
              155
            ],
            [
              57,
              155
            ],
            [
              56,
              154
            ],
            [
              56,
              153
            ]
          ]
        ]
      },
      "properties": {
        "objectType": "annotation",
        "classification": {
          "name": "Connective",
          "color": [
            0,
            255,
            0
          ]
        },
        "isLocked": false,
        "measurements": []
      }
    },
    {
      "type": "Feature",
      "id": "PathAnnotationObject",
      "geometry": {
        "type": "Polygon",
        "coordinates": [
          [
            [
              28,
              152
            ],
            [
              25,
              152
            ],
            [
              22,
              154
            ],
            [
              22,
              155
            ],
            [
              20,
              157
            ],
            [
              20,
              158
            ],
            [
              18,
              161
            ],
            [
              18,
              164
            ],
            [
              19,
              165
            ],
            [
              22,
              166
            ],
            [
              23,
              165
            ],
            [
              24,
              165
            ],
            [
              26,
              162
            ],
            [
              27,
              163
            ],
            [
              27,
              161
            ],
            [
              29,
              159
            ],
            [
              29,
              153
            ],
            [
              28,
              152
            ]
          ]
        ]
      },
      "properties": {
        "objectType": "annotation",
        "classification": {
          "name": "Neoplastic",
          "color": [
            255,
            0,
            0
          ]
        },
        "isLocked": false,
        "measurements": []
      }
    },
    {
      "type": "Feature",
      "id": "PathAnnotationObject",
      "geometry": {
        "type": "Polygon",
        "coordinates": [
          [
            [
              148,
              157
            ],
            [
              146,
              159
            ],
            [
              146,
              161
            ],
            [
              147,
              162
            ],
            [
              147,
              163
            ],
            [
              148,
              163
            ],
            [
              149,
              164
            ],
            [
              151,
              164
            ],
            [
              152,
              163
            ],
            [
              152,
              160
            ],
            [
              151,
              159
            ],
            [
              151,
              158
            ],
            [
              150,
              157
            ],
            [
              148,
              157
            ]
          ]
        ]
      },
      "properties": {
        "objectType": "annotation",
        "classification": {
          "name": "Inflammatory",
          "color": [
            0,
            0,
            255
          ]
        },
        "isLocked": false,
        "measurements": []
      }
    },
    {
      "type": "Feature",
      "id": "PathAnnotationObject",
      "geometry": {
        "type": "Polygon",
        "coordinates": [
          [
            [
              160,
              155
            ],
            [
              159,
              156
            ],
            [
              159,
              161
            ],
            [
              156,
              163
            ],
            [
              158,
              165
            ],
            [
              158,
              167
            ],
            [
              159,
              168
            ],
            [
              161,
              168
            ],
            [
              162,
              169
            ],
            [
              163,
              169
            ],
            [
              165,
              166
            ],
            [
              165,
              164
            ],
            [
              166,
              163
            ],
            [
              167,
              163
            ],
            [
              167,
              162
            ],
            [
              166,
              161
            ],
            [
              166,
              158
            ],
            [
              165,
              157
            ],
            [
              164,
              157
            ],
            [
              162,
              155
            ],
            [
              160,
              155
            ]
          ]
        ]
      },
      "properties": {
        "objectType": "annotation",
        "classification": {
          "name": "Inflammatory",
          "color": [
            0,
            0,
            255
          ]
        },
        "isLocked": false,
        "measurements": []
      }
    },
    {
      "type": "Feature",
      "id": "PathAnnotationObject",
      "geometry": {
        "type": "Polygon",
        "coordinates": [
          [
            [
              102,
              157
            ],
            [
              101,
              157
            ],
            [
              100,
              158
            ],
            [
              99,
              158
            ],
            [
              98,
              159
            ],
            [
              97,
              159
            ],
            [
              97,
              162
            ],
            [
              96,
              163
            ],
            [
              97,
              164
            ],
            [
              100,
              164
            ],
            [
              101,
              165
            ],
            [
              102,
              164
            ],
            [
              103,
              164
            ],
            [
              103,
              158
            ],
            [
              102,
              157
            ]
          ]
        ]
      },
      "properties": {
        "objectType": "annotation",
        "classification": {
          "name": "Inflammatory",
          "color": [
            0,
            0,
            255
          ]
        },
        "isLocked": false,
        "measurements": []
      }
    },
    {
      "type": "Feature",
      "id": "PathAnnotationObject",
      "geometry": {
        "type": "Polygon",
        "coordinates": [
          [
            [
              228,
              157
            ],
            [
              226,
              157
            ],
            [
              224,
              159
            ],
            [
              223,
              159
            ],
            [
              223,
              164
            ],
            [
              224,
              164
            ],
            [
              225,
              165
            ],
            [
              227,
              165
            ],
            [
              228,
              164
            ],
            [
              229,
              164
            ],
            [
              229,
              163
            ],
            [
              230,
              162
            ],
            [
              230,
              159
            ],
            [
              228,
              157
            ]
          ]
        ]
      },
      "properties": {
        "objectType": "annotation",
        "classification": {
          "name": "Inflammatory",
          "color": [
            0,
            0,
            255
          ]
        },
        "isLocked": false,
        "measurements": []
      }
    },
    {
      "type": "Feature",
      "id": "PathAnnotationObject",
      "geometry": {
        "type": "Polygon",
        "coordinates": [
          [
            [
              175,
              159
            ],
            [
              174,
              160
            ],
            [
              175,
              161
            ],
            [
              175,
              163
            ],
            [
              177,
              165
            ],
            [
              178,
              165
            ],
            [
              179,
              166
            ],
            [
              180,
              166
            ],
            [
              181,
              165
            ],
            [
              181,
              164
            ],
            [
              182,
              163
            ],
            [
              182,
              161
            ],
            [
              180,
              159
            ],
            [
              175,
              159
            ]
          ]
        ]
      },
      "properties": {
        "objectType": "annotation",
        "classification": {
          "name": "Inflammatory",
          "color": [
            0,
            0,
            255
          ]
        },
        "isLocked": false,
        "measurements": []
      }
    },
    {
      "type": "Feature",
      "id": "PathAnnotationObject",
      "geometry": {
        "type": "Polygon",
        "coordinates": [
          [
            [
              41,
              160
            ],
            [
              39,
              158
            ],
            [
              36,
              158
            ],
            [
              35,
              159
            ],
            [
              30,
              159
            ],
            [
              28,
              161
            ],
            [
              28,
              166
            ],
            [
              29,
              166
            ],
            [
              31,
              168
            ],
            [
              34,
              166
            ],
            [
              37,
              166
            ],
            [
              39,
              164
            ],
            [
              41,
              164
            ],
            [
              41,
              160
            ]
          ]
        ]
      },
      "properties": {
        "objectType": "annotation",
        "classification": {
          "name": "Neoplastic",
          "color": [
            255,
            0,
            0
          ]
        },
        "isLocked": false,
        "measurements": []
      }
    },
    {
      "type": "Feature",
      "id": "PathAnnotationObject",
      "geometry": {
        "type": "Polygon",
        "coordinates": [
          [
            [
              131,
              159
            ],
            [
              130,
              159
            ],
            [
              129,
              160
            ],
            [
              128,
              160
            ],
            [
              126,
              162
            ],
            [
              126,
              163
            ],
            [
              127,
              164
            ],
            [
              127,
              165
            ],
            [
              128,
              166
            ],
            [
              128,
              168
            ],
            [
              131,
              168
            ],
            [
              134,
              165
            ],
            [
              134,
              164
            ],
            [
              135,
              163
            ],
            [
              135,
              162
            ],
            [
              133,
              160
            ],
            [
              132,
              160
            ],
            [
              131,
              159
            ]
          ]
        ]
      },
      "properties": {
        "objectType": "annotation",
        "classification": {
          "name": "Inflammatory",
          "color": [
            0,
            0,
            255
          ]
        },
        "isLocked": false,
        "measurements": []
      }
    },
    {
      "type": "Feature",
      "id": "PathAnnotationObject",
      "geometry": {
        "type": "Polygon",
        "coordinates": [
          [
            [
              248,
              161
            ],
            [
              247,
              162
            ],
            [
              247,
              163
            ],
            [
              246,
              164
            ],
            [
              246,
              165
            ],
            [
              248,
              167
            ],
            [
              248,
              168
            ],
            [
              254,
              168
            ],
            [
              255,
              167
            ],
            [
              255,
              160
            ],
            [
              250,
              160
            ],
            [
              249,
              161
            ],
            [
              248,
              161
            ]
          ]
        ]
      },
      "properties": {
        "objectType": "annotation",
        "classification": {
          "name": "Inflammatory",
          "color": [
            0,
            0,
            255
          ]
        },
        "isLocked": false,
        "measurements": []
      }
    },
    {
      "type": "Feature",
      "id": "PathAnnotationObject",
      "geometry": {
        "type": "Polygon",
        "coordinates": [
          [
            [
              71,
              163
            ],
            [
              72,
              164
            ],
            [
              72,
              168
            ],
            [
              73,
              169
            ],
            [
              78,
              169
            ],
            [
              78,
              168
            ],
            [
              79,
              167
            ],
            [
              79,
              166
            ],
            [
              78,
              165
            ],
            [
              78,
              163
            ],
            [
              77,
              162
            ],
            [
              74,
              162
            ],
            [
              73,
              163
            ],
            [
              71,
              163
            ]
          ]
        ]
      },
      "properties": {
        "objectType": "annotation",
        "classification": {
          "name": "Inflammatory",
          "color": [
            0,
            0,
            255
          ]
        },
        "isLocked": false,
        "measurements": []
      }
    },
    {
      "type": "Feature",
      "id": "PathAnnotationObject",
      "geometry": {
        "type": "Polygon",
        "coordinates": [
          [
            [
              172,
              160
            ],
            [
              170,
              162
            ],
            [
              168,
              162
            ],
            [
              168,
              167
            ],
            [
              170,
              169
            ],
            [
              171,
              169
            ],
            [
              172,
              170
            ],
            [
              173,
              170
            ],
            [
              174,
              169
            ],
            [
              176,
              169
            ],
            [
              177,
              168
            ],
            [
              176,
              167
            ],
            [
              176,
              165
            ],
            [
              174,
              163
            ],
            [
              174,
              162
            ],
            [
              173,
              161
            ],
            [
              173,
              160
            ],
            [
              172,
              160
            ]
          ]
        ]
      },
      "properties": {
        "objectType": "annotation",
        "classification": {
          "name": "Inflammatory",
          "color": [
            0,
            0,
            255
          ]
        },
        "isLocked": false,
        "measurements": []
      }
    },
    {
      "type": "Feature",
      "id": "PathAnnotationObject",
      "geometry": {
        "type": "Polygon",
        "coordinates": [
          [
            [
              116,
              165
            ],
            [
              119,
              168
            ],
            [
              120,
              168
            ],
            [
              121,
              169
            ],
            [
              122,
              169
            ],
            [
              123,
              170
            ],
            [
              127,
              170
            ],
            [
              128,
              169
            ],
            [
              127,
              168
            ],
            [
              127,
              166
            ],
            [
              126,
              165
            ],
            [
              126,
              164
            ],
            [
              125,
              163
            ],
            [
              125,
              162
            ],
            [
              120,
              162
            ],
            [
              118,
              164
            ],
            [
              117,
              164
            ],
            [
              116,
              165
            ]
          ]
        ]
      },
      "properties": {
        "objectType": "annotation",
        "classification": {
          "name": "Inflammatory",
          "color": [
            0,
            0,
            255
          ]
        },
        "isLocked": false,
        "measurements": []
      }
    },
    {
      "type": "Feature",
      "id": "PathAnnotationObject",
      "geometry": {
        "type": "Polygon",
        "coordinates": [
          [
            [
              108,
              164
            ],
            [
              107,
              165
            ],
            [
              107,
              166
            ],
            [
              106,
              167
            ],
            [
              107,
              168
            ],
            [
              107,
              169
            ],
            [
              109,
              171
            ],
            [
              112,
              171
            ],
            [
              114,
              169
            ],
            [
              114,
              168
            ],
            [
              115,
              167
            ],
            [
              115,
              165
            ],
            [
              114,
              165
            ],
            [
              113,
              164
            ],
            [
              108,
              164
            ]
          ]
        ]
      },
      "properties": {
        "objectType": "annotation",
        "classification": {
          "name": "Inflammatory",
          "color": [
            0,
            0,
            255
          ]
        },
        "isLocked": false,
        "measurements": []
      }
    },
    {
      "type": "Feature",
      "id": "PathAnnotationObject",
      "geometry": {
        "type": "Polygon",
        "coordinates": [
          [
            [
              201,
              165
            ],
            [
              201,
              166
            ],
            [
              200,
              167
            ],
            [
              200,
              168
            ],
            [
              201,
              169
            ],
            [
              202,
              169
            ],
            [
              203,
              170
            ],
            [
              203,
              171
            ],
            [
              204,
              172
            ],
            [
              205,
              172
            ],
            [
              206,
              171
            ],
            [
              206,
              169
            ],
            [
              207,
              168
            ],
            [
              207,
              167
            ],
            [
              205,
              165
            ],
            [
              201,
              165
            ]
          ]
        ]
      },
      "properties": {
        "objectType": "annotation",
        "classification": {
          "name": "Connective",
          "color": [
            0,
            255,
            0
          ]
        },
        "isLocked": false,
        "measurements": []
      }
    },
    {
      "type": "Feature",
      "id": "PathAnnotationObject",
      "geometry": {
        "type": "Polygon",
        "coordinates": [
          [
            [
              82,
              166
            ],
            [
              82,
              168
            ],
            [
              86,
              172
            ],
            [
              90,
              172
            ],
            [
              91,
              171
            ],
            [
              91,
              165
            ],
            [
              83,
              165
            ],
            [
              82,
              166
            ]
          ]
        ]
      },
      "properties": {
        "objectType": "annotation",
        "classification": {
          "name": "Inflammatory",
          "color": [
            0,
            0,
            255
          ]
        },
        "isLocked": false,
        "measurements": []
      }
    },
    {
      "type": "Feature",
      "id": "PathAnnotationObject",
      "geometry": {
        "type": "Polygon",
        "coordinates": [
          [
            [
              92,
              164
            ],
            [
              92,
              172
            ],
            [
              93,
              173
            ],
            [
              97,
              173
            ],
            [
              99,
              171
            ],
            [
              99,
              167
            ],
            [
              98,
              166
            ],
            [
              98,
              165
            ],
            [
              97,
              165
            ],
            [
              96,
              164
            ],
            [
              92,
              164
            ]
          ]
        ]
      },
      "properties": {
        "objectType": "annotation",
        "classification": {
          "name": "Inflammatory",
          "color": [
            0,
            0,
            255
          ]
        },
        "isLocked": false,
        "measurements": []
      }
    },
    {
      "type": "Feature",
      "id": "PathAnnotationObject",
      "geometry": {
        "type": "Polygon",
        "coordinates": [
          [
            [
              156,
              164
            ],
            [
              155,
              164
            ],
            [
              154,
              165
            ],
            [
              150,
              165
            ],
            [
              150,
              166
            ],
            [
              149,
              167
            ],
            [
              149,
              168
            ],
            [
              148,
              169
            ],
            [
              148,
              172
            ],
            [
              149,
              173
            ],
            [
              154,
              173
            ],
            [
              154,
              172
            ],
            [
              155,
              171
            ],
            [
              155,
              170
            ],
            [
              156,
              169
            ],
            [
              156,
              167
            ],
            [
              157,
              166
            ],
            [
              157,
              165
            ],
            [
              156,
              164
            ]
          ]
        ]
      },
      "properties": {
        "objectType": "annotation",
        "classification": {
          "name": "Inflammatory",
          "color": [
            0,
            0,
            255
          ]
        },
        "isLocked": false,
        "measurements": []
      }
    },
    {
      "type": "Feature",
      "id": "PathAnnotationObject",
      "geometry": {
        "type": "Polygon",
        "coordinates": [
          [
            [
              142,
              165
            ],
            [
              141,
              165
            ],
            [
              141,
              169
            ],
            [
              140,
              170
            ],
            [
              139,
              170
            ],
            [
              138,
              169
            ],
            [
              138,
              168
            ],
            [
              137,
              167
            ],
            [
              136,
              168
            ],
            [
              136,
              170
            ],
            [
              137,
              171
            ],
            [
              138,
              171
            ],
            [
              139,
              172
            ],
            [
              143,
              172
            ],
            [
              143,
              171
            ],
            [
              144,
              170
            ],
            [
              144,
              167
            ],
            [
              143,
              167
            ],
            [
              142,
              166
            ],
            [
              142,
              165
            ]
          ]
        ]
      },
      "properties": {
        "objectType": "annotation",
        "classification": {
          "name": "Neoplastic",
          "color": [
            255,
            0,
            0
          ]
        },
        "isLocked": false,
        "measurements": []
      }
    },
    {
      "type": "Feature",
      "id": "PathAnnotationObject",
      "geometry": {
        "type": "Polygon",
        "coordinates": [
          [
            [
              65,
              165
            ],
            [
              64,
              166
            ],
            [
              64,
              168
            ],
            [
              63,
              169
            ],
            [
              63,
              173
            ],
            [
              64,
              174
            ],
            [
              64,
              176
            ],
            [
              68,
              176
            ],
            [
              71,
              173
            ],
            [
              71,
              169
            ],
            [
              70,
              168
            ],
            [
              70,
              167
            ],
            [
              69,
              166
            ],
            [
              67,
              166
            ],
            [
              66,
              165
            ],
            [
              65,
              165
            ]
          ]
        ]
      },
      "properties": {
        "objectType": "annotation",
        "classification": {
          "name": "Connective",
          "color": [
            0,
            255,
            0
          ]
        },
        "isLocked": false,
        "measurements": []
      }
    },
    {
      "type": "Feature",
      "id": "PathAnnotationObject",
      "geometry": {
        "type": "Polygon",
        "coordinates": [
          [
            [
              168,
              168
            ],
            [
              167,
              169
            ],
            [
              166,
              169
            ],
            [
              165,
              170
            ],
            [
              164,
              170
            ],
            [
              164,
              173
            ],
            [
              165,
              174
            ],
            [
              165,
              176
            ],
            [
              168,
              176
            ],
            [
              169,
              175
            ],
            [
              169,
              174
            ],
            [
              170,
              173
            ],
            [
              170,
              172
            ],
            [
              171,
              171
            ],
            [
              171,
              170
            ],
            [
              170,
              170
            ],
            [
              168,
              168
            ]
          ]
        ]
      },
      "properties": {
        "objectType": "annotation",
        "classification": {
          "name": "Inflammatory",
          "color": [
            0,
            0,
            255
          ]
        },
        "isLocked": false,
        "measurements": []
      }
    },
    {
      "type": "Feature",
      "id": "PathAnnotationObject",
      "geometry": {
        "type": "Polygon",
        "coordinates": [
          [
            [
              178,
              168
            ],
            [
              177,
              169
            ],
            [
              177,
              173
            ],
            [
              178,
              173
            ],
            [
              179,
              174
            ],
            [
              179,
              175
            ],
            [
              180,
              176
            ],
            [
              183,
              176
            ],
            [
              185,
              174
            ],
            [
              185,
              170
            ],
            [
              184,
              170
            ],
            [
              183,
              169
            ],
            [
              182,
              169
            ],
            [
              181,
              168
            ],
            [
              178,
              168
            ]
          ]
        ]
      },
      "properties": {
        "objectType": "annotation",
        "classification": {
          "name": "Inflammatory",
          "color": [
            0,
            0,
            255
          ]
        },
        "isLocked": false,
        "measurements": []
      }
    },
    {
      "type": "Feature",
      "id": "PathAnnotationObject",
      "geometry": {
        "type": "Polygon",
        "coordinates": [
          [
            [
              14,
              172
            ],
            [
              15,
              173
            ],
            [
              14,
              174
            ],
            [
              15,
              174
            ],
            [
              16,
              175
            ],
            [
              16,
              176
            ],
            [
              24,
              176
            ],
            [
              25,
              175
            ],
            [
              25,
              170
            ],
            [
              24,
              169
            ],
            [
              19,
              169
            ],
            [
              18,
              170
            ],
            [
              16,
              170
            ],
            [
              14,
              172
            ]
          ]
        ]
      },
      "properties": {
        "objectType": "annotation",
        "classification": {
          "name": "Neoplastic",
          "color": [
            255,
            0,
            0
          ]
        },
        "isLocked": false,
        "measurements": []
      }
    },
    {
      "type": "Feature",
      "id": "PathAnnotationObject",
      "geometry": {
        "type": "Polygon",
        "coordinates": [
          [
            [
              39,
              169
            ],
            [
              35,
              169
            ],
            [
              33,
              171
            ],
            [
              33,
              175
            ],
            [
              36,
              178
            ],
            [
              37,
              178
            ],
            [
              37,
              177
            ],
            [
              38,
              176
            ],
            [
              39,
              176
            ],
            [
              40,
              175
            ],
            [
              41,
              175
            ],
            [
              42,
              174
            ],
            [
              42,
              171
            ],
            [
              41,
              170
            ],
            [
              40,
              170
            ],
            [
              39,
              169
            ]
          ]
        ]
      },
      "properties": {
        "objectType": "annotation",
        "classification": {
          "name": "Neoplastic",
          "color": [
            255,
            0,
            0
          ]
        },
        "isLocked": false,
        "measurements": []
      }
    },
    {
      "type": "Feature",
      "id": "PathAnnotationObject",
      "geometry": {
        "type": "Polygon",
        "coordinates": [
          [
            [
              212,
              165
            ],
            [
              211,
              166
            ],
            [
              211,
              168
            ],
            [
              210,
              169
            ],
            [
              209,
              169
            ],
            [
              209,
              176
            ],
            [
              208,
              177
            ],
            [
              208,
              180
            ],
            [
              210,
              182
            ],
            [
              213,
              182
            ],
            [
              214,
              183
            ],
            [
              215,
              182
            ],
            [
              215,
              179
            ],
            [
              216,
              178
            ],
            [
              216,
              177
            ],
            [
              219,
              175
            ],
            [
              219,
              167
            ],
            [
              217,
              167
            ],
            [
              215,
              165
            ],
            [
              212,
              165
            ]
          ]
        ]
      },
      "properties": {
        "objectType": "annotation",
        "classification": {
          "name": "Inflammatory",
          "color": [
            0,
            0,
            255
          ]
        },
        "isLocked": false,
        "measurements": []
      }
    },
    {
      "type": "Feature",
      "id": "PathAnnotationObject",
      "geometry": {
        "type": "Polygon",
        "coordinates": [
          [
            [
              54,
              169
            ],
            [
              50,
              169
            ],
            [
              48,
              172
            ],
            [
              48,
              176
            ],
            [
              47,
              177
            ],
            [
              47,
              180
            ],
            [
              49,
              183
            ],
            [
              52,
              183
            ],
            [
              54,
              181
            ],
            [
              54,
              179
            ],
            [
              55,
              178
            ],
            [
              55,
              173
            ],
            [
              54,
              172
            ],
            [
              54,
              169
            ]
          ]
        ]
      },
      "properties": {
        "objectType": "annotation",
        "classification": {
          "name": "Neoplastic",
          "color": [
            255,
            0,
            0
          ]
        },
        "isLocked": false,
        "measurements": []
      }
    },
    {
      "type": "Feature",
      "id": "PathAnnotationObject",
      "geometry": {
        "type": "Polygon",
        "coordinates": [
          [
            [
              126,
              176
            ],
            [
              126,
              177
            ],
            [
              127,
              178
            ],
            [
              131,
              178
            ],
            [
              132,
              179
            ],
            [
              133,
              178
            ],
            [
              133,
              177
            ],
            [
              134,
              176
            ],
            [
              134,
              175
            ],
            [
              133,
              175
            ],
            [
              132,
              174
            ],
            [
              128,
              174
            ],
            [
              126,
              176
            ]
          ]
        ]
      },
      "properties": {
        "objectType": "annotation",
        "classification": {
          "name": "Inflammatory",
          "color": [
            0,
            0,
            255
          ]
        },
        "isLocked": false,
        "measurements": []
      }
    },
    {
      "type": "Feature",
      "id": "PathAnnotationObject",
      "geometry": {
        "type": "Polygon",
        "coordinates": [
          [
            [
              195,
              171
            ],
            [
              194,
              172
            ],
            [
              194,
              175
            ],
            [
              196,
              177
            ],
            [
              196,
              178
            ],
            [
              197,
              178
            ],
            [
              198,
              179
            ],
            [
              198,
              180
            ],
            [
              200,
              180
            ],
            [
              200,
              179
            ],
            [
              201,
              178
            ],
            [
              202,
              178
            ],
            [
              202,
              175
            ],
            [
              200,
              173
            ],
            [
              199,
              173
            ],
            [
              197,
              171
            ],
            [
              195,
              171
            ]
          ]
        ]
      },
      "properties": {
        "objectType": "annotation",
        "classification": {
          "name": "Inflammatory",
          "color": [
            0,
            0,
            255
          ]
        },
        "isLocked": false,
        "measurements": []
      }
    },
    {
      "type": "Feature",
      "id": "PathAnnotationObject",
      "geometry": {
        "type": "Polygon",
        "coordinates": [
          [
            [
              156,
              174
            ],
            [
              156,
              176
            ],
            [
              157,
              177
            ],
            [
              157,
              178
            ],
            [
              158,
              178
            ],
            [
              160,
              180
            ],
            [
              163,
              180
            ],
            [
              164,
              179
            ],
            [
              164,
              175
            ],
            [
              162,
              175
            ],
            [
              160,
              173
            ],
            [
              158,
              173
            ],
            [
              157,
              174
            ],
            [
              156,
              174
            ]
          ]
        ]
      },
      "properties": {
        "objectType": "annotation",
        "classification": {
          "name": "Inflammatory",
          "color": [
            0,
            0,
            255
          ]
        },
        "isLocked": false,
        "measurements": []
      }
    },
    {
      "type": "Feature",
      "id": "PathAnnotationObject",
      "geometry": {
        "type": "Polygon",
        "coordinates": [
          [
            [
              91,
              176
            ],
            [
              91,
              178
            ],
            [
              92,
              179
            ],
            [
              92,
              180
            ],
            [
              95,
              180
            ],
            [
              96,
              181
            ],
            [
              98,
              181
            ],
            [
              99,
              180
            ],
            [
              100,
              180
            ],
            [
              101,
              181
            ],
            [
              102,
              181
            ],
            [
              102,
              179
            ],
            [
              100,
              179
            ],
            [
              96,
              175
            ],
            [
              92,
              175
            ],
            [
              91,
              176
            ]
          ]
        ]
      },
      "properties": {
        "objectType": "annotation",
        "classification": {
          "name": "Inflammatory",
          "color": [
            0,
            0,
            255
          ]
        },
        "isLocked": false,
        "measurements": []
      }
    },
    {
      "type": "Feature",
      "id": "PathAnnotationObject",
      "geometry": {
        "type": "Polygon",
        "coordinates": [
          [
            [
              172,
              174
            ],
            [
              171,
              175
            ],
            [
              170,
              175
            ],
            [
              170,
              180
            ],
            [
              171,
              181
            ],
            [
              172,
              181
            ],
            [
              174,
              183
            ],
            [
              176,
              181
            ],
            [
              177,
              181
            ],
            [
              178,
              180
            ],
            [
              178,
              176
            ],
            [
              177,
              176
            ],
            [
              175,
              174
            ],
            [
              172,
              174
            ]
          ]
        ]
      },
      "properties": {
        "objectType": "annotation",
        "classification": {
          "name": "Inflammatory",
          "color": [
            0,
            0,
            255
          ]
        },
        "isLocked": false,
        "measurements": []
      }
    },
    {
      "type": "Feature",
      "id": "PathAnnotationObject",
      "geometry": {
        "type": "Polygon",
        "coordinates": [
          [
            [
              103,
              177
            ],
            [
              103,
              181
            ],
            [
              105,
              181
            ],
            [
              106,
              182
            ],
            [
              109,
              182
            ],
            [
              110,
              183
            ],
            [
              112,
              183
            ],
            [
              112,
              180
            ],
            [
              113,
              179
            ],
            [
              111,
              177
            ],
            [
              103,
              177
            ]
          ]
        ]
      },
      "properties": {
        "objectType": "annotation",
        "classification": {
          "name": "Neoplastic",
          "color": [
            255,
            0,
            0
          ]
        },
        "isLocked": false,
        "measurements": []
      }
    },
    {
      "type": "Feature",
      "id": "PathAnnotationObject",
      "geometry": {
        "type": "Polygon",
        "coordinates": [
          [
            [
              25,
              176
            ],
            [
              24,
              177
            ],
            [
              20,
              177
            ],
            [
              19,
              178
            ],
            [
              19,
              180
            ],
            [
              18,
              181
            ],
            [
              18,
              184
            ],
            [
              19,
              185
            ],
            [
              25,
              185
            ],
            [
              25,
              184
            ],
            [
              26,
              183
            ],
            [
              27,
              183
            ],
            [
              27,
              178
            ],
            [
              25,
              176
            ]
          ]
        ]
      },
      "properties": {
        "objectType": "annotation",
        "classification": {
          "name": "Neoplastic",
          "color": [
            255,
            0,
            0
          ]
        },
        "isLocked": false,
        "measurements": []
      }
    },
    {
      "type": "Feature",
      "id": "PathAnnotationObject",
      "geometry": {
        "type": "Polygon",
        "coordinates": [
          [
            [
              134,
              177
            ],
            [
              134,
              178
            ],
            [
              132,
              180
            ],
            [
              132,
              182
            ],
            [
              133,
              183
            ],
            [
              133,
              184
            ],
            [
              135,
              186
            ],
            [
              137,
              186
            ],
            [
              138,
              187
            ],
            [
              139,
              187
            ],
            [
              140,
              186
            ],
            [
              142,
              186
            ],
            [
              144,
              184
            ],
            [
              144,
              180
            ],
            [
              142,
              178
            ],
            [
              141,
              178
            ],
            [
              140,
              177
            ],
            [
              138,
              177
            ],
            [
              137,
              176
            ],
            [
              136,
              176
            ],
            [
              135,
              177
            ],
            [
              134,
              177
            ]
          ]
        ]
      },
      "properties": {
        "objectType": "annotation",
        "classification": {
          "name": "Inflammatory",
          "color": [
            0,
            0,
            255
          ]
        },
        "isLocked": false,
        "measurements": []
      }
    },
    {
      "type": "Feature",
      "id": "PathAnnotationObject",
      "geometry": {
        "type": "Polygon",
        "coordinates": [
          [
            [
              188,
              177
            ],
            [
              185,
              180
            ],
            [
              185,
              181
            ],
            [
              186,
              182
            ],
            [
              186,
              185
            ],
            [
              187,
              185
            ],
            [
              188,
              186
            ],
            [
              191,
              186
            ],
            [
              192,
              185
            ],
            [
              192,
              184
            ],
            [
              193,
              183
            ],
            [
              193,
              179
            ],
            [
              192,
              179
            ],
            [
              190,
              177
            ],
            [
              188,
              177
            ]
          ]
        ]
      },
      "properties": {
        "objectType": "annotation",
        "classification": {
          "name": "Inflammatory",
          "color": [
            0,
            0,
            255
          ]
        },
        "isLocked": false,
        "measurements": []
      }
    },
    {
      "type": "Feature",
      "id": "PathAnnotationObject",
      "geometry": {
        "type": "Polygon",
        "coordinates": [
          [
            [
              113,
              180
            ],
            [
              113,
              183
            ],
            [
              115,
              185
            ],
            [
              117,
              185
            ],
            [
              118,
              186
            ],
            [
              120,
              186
            ],
            [
              121,
              185
            ],
            [
              127,
              185
            ],
            [
              127,
              182
            ],
            [
              124,
              182
            ],
            [
              121,
              179
            ],
            [
              118,
              179
            ],
            [
              117,
              178
            ],
            [
              116,
              178
            ],
            [
              113,
              180
            ]
          ]
        ]
      },
      "properties": {
        "objectType": "annotation",
        "classification": {
          "name": "Inflammatory",
          "color": [
            0,
            0,
            255
          ]
        },
        "isLocked": false,
        "measurements": []
      }
    },
    {
      "type": "Feature",
      "id": "PathAnnotationObject",
      "geometry": {
        "type": "Polygon",
        "coordinates": [
          [
            [
              87,
              177
            ],
            [
              85,
              175
            ],
            [
              82,
              175
            ],
            [
              82,
              176
            ],
            [
              80,
              179
            ],
            [
              77,
              179
            ],
            [
              74,
              182
            ],
            [
              74,
              185
            ],
            [
              75,
              186
            ],
            [
              80,
              186
            ],
            [
              83,
              183
            ],
            [
              83,
              182
            ],
            [
              86,
              180
            ],
            [
              87,
              177
            ]
          ]
        ]
      },
      "properties": {
        "objectType": "annotation",
        "classification": {
          "name": "Inflammatory",
          "color": [
            0,
            0,
            255
          ]
        },
        "isLocked": false,
        "measurements": []
      }
    },
    {
      "type": "Feature",
      "id": "PathAnnotationObject",
      "geometry": {
        "type": "Polygon",
        "coordinates": [
          [
            [
              38,
              180
            ],
            [
              37,
              181
            ],
            [
              36,
              181
            ],
            [
              35,
              182
            ],
            [
              35,
              185
            ],
            [
              38,
              188
            ],
            [
              40,
              188
            ],
            [
              41,
              189
            ],
            [
              43,
              187
            ],
            [
              43,
              185
            ],
            [
              42,
              184
            ],
            [
              42,
              183
            ],
            [
              41,
              182
            ],
            [
              41,
              181
            ],
            [
              40,
              181
            ],
            [
              39,
              180
            ],
            [
              38,
              180
            ]
          ]
        ]
      },
      "properties": {
        "objectType": "annotation",
        "classification": {
          "name": "Neoplastic",
          "color": [
            255,
            0,
            0
          ]
        },
        "isLocked": false,
        "measurements": []
      }
    },
    {
      "type": "Feature",
      "id": "PathAnnotationObject",
      "geometry": {
        "type": "Polygon",
        "coordinates": [
          [
            [
              203,
              181
            ],
            [
              203,
              182
            ],
            [
              201,
              184
            ],
            [
              201,
              185
            ],
            [
              203,
              187
            ],
            [
              203,
              188
            ],
            [
              204,
              189
            ],
            [
              205,
              189
            ],
            [
              206,
              188
            ],
            [
              207,
              188
            ],
            [
              208,
              187
            ],
            [
              208,
              182
            ],
            [
              207,
              182
            ],
            [
              206,
              181
            ],
            [
              203,
              181
            ]
          ]
        ]
      },
      "properties": {
        "objectType": "annotation",
        "classification": {
          "name": "Inflammatory",
          "color": [
            0,
            0,
            255
          ]
        },
        "isLocked": false,
        "measurements": []
      }
    },
    {
      "type": "Feature",
      "id": "PathAnnotationObject",
      "geometry": {
        "type": "Polygon",
        "coordinates": [
          [
            [
              231,
              181
            ],
            [
              231,
              183
            ],
            [
              230,
              184
            ],
            [
              230,
              186
            ],
            [
              231,
              187
            ],
            [
              231,
              190
            ],
            [
              232,
              189
            ],
            [
              234,
              189
            ],
            [
              235,
              188
            ],
            [
              237,
              188
            ],
            [
              237,
              187
            ],
            [
              238,
              186
            ],
            [
              238,
              184
            ],
            [
              237,
              183
            ],
            [
              237,
              182
            ],
            [
              236,
              181
            ],
            [
              231,
              181
            ]
          ]
        ]
      },
      "properties": {
        "objectType": "annotation",
        "classification": {
          "name": "Connective",
          "color": [
            0,
            255,
            0
          ]
        },
        "isLocked": false,
        "measurements": []
      }
    },
    {
      "type": "Feature",
      "id": "PathAnnotationObject",
      "geometry": {
        "type": "Polygon",
        "coordinates": [
          [
            [
              148,
              186
            ],
            [
              148,
              188
            ],
            [
              149,
              188
            ],
            [
              150,
              189
            ],
            [
              151,
              189
            ],
            [
              152,
              190
            ],
            [
              153,
              189
            ],
            [
              154,
              189
            ],
            [
              155,
              188
            ],
            [
              156,
              188
            ],
            [
              156,
              186
            ],
            [
              154,
              184
            ],
            [
              150,
              184
            ],
            [
              148,
              186
            ]
          ]
        ]
      },
      "properties": {
        "objectType": "annotation",
        "classification": {
          "name": "Inflammatory",
          "color": [
            0,
            0,
            255
          ]
        },
        "isLocked": false,
        "measurements": []
      }
    },
    {
      "type": "Feature",
      "id": "PathAnnotationObject",
      "geometry": {
        "type": "Polygon",
        "coordinates": [
          [
            [
              255,
              175
            ],
            [
              252,
              175
            ],
            [
              250,
              177
            ],
            [
              250,
              181
            ],
            [
              248,
              183
            ],
            [
              248,
              184
            ],
            [
              246,
              187
            ],
            [
              246,
              189
            ],
            [
              248,
              191
            ],
            [
              250,
              191
            ],
            [
              251,
              190
            ],
            [
              252,
              190
            ],
            [
              252,
              189
            ],
            [
              253,
              188
            ],
            [
              253,
              186
            ],
            [
              255,
              183
            ],
            [
              255,
              175
            ]
          ]
        ]
      },
      "properties": {
        "objectType": "annotation",
        "classification": {
          "name": "Connective",
          "color": [
            0,
            255,
            0
          ]
        },
        "isLocked": false,
        "measurements": []
      }
    },
    {
      "type": "Feature",
      "id": "PathAnnotationObject",
      "geometry": {
        "type": "Polygon",
        "coordinates": [
          [
            [
              90,
              190
            ],
            [
              92,
              192
            ],
            [
              92,
              193
            ],
            [
              95,
              193
            ],
            [
              98,
              191
            ],
            [
              102,
              191
            ],
            [
              105,
              188
            ],
            [
              105,
              186
            ],
            [
              104,
              186
            ],
            [
              103,
              185
            ],
            [
              101,
              185
            ],
            [
              100,
              184
            ],
            [
              92,
              184
            ],
            [
              90,
              190
            ]
          ]
        ]
      },
      "properties": {
        "objectType": "annotation",
        "classification": {
          "name": "Connective",
          "color": [
            0,
            255,
            0
          ]
        },
        "isLocked": false,
        "measurements": []
      }
    },
    {
      "type": "Feature",
      "id": "PathAnnotationObject",
      "geometry": {
        "type": "Polygon",
        "coordinates": [
          [
            [
              180,
              186
            ],
            [
              179,
              187
            ],
            [
              179,
              193
            ],
            [
              185,
              193
            ],
            [
              185,
              192
            ],
            [
              186,
              191
            ],
            [
              186,
              187
            ],
            [
              185,
              186
            ],
            [
              180,
              186
            ]
          ]
        ]
      },
      "properties": {
        "objectType": "annotation",
        "classification": {
          "name": "Inflammatory",
          "color": [
            0,
            0,
            255
          ]
        },
        "isLocked": false,
        "measurements": []
      }
    },
    {
      "type": "Feature",
      "id": "PathAnnotationObject",
      "geometry": {
        "type": "Polygon",
        "coordinates": [
          [
            [
              211,
              186
            ],
            [
              210,
              187
            ],
            [
              209,
              187
            ],
            [
              208,
              188
            ],
            [
              209,
              189
            ],
            [
              209,
              192
            ],
            [
              211,
              194
            ],
            [
              213,
              194
            ],
            [
              214,
              193
            ],
            [
              215,
              193
            ],
            [
              215,
              189
            ],
            [
              214,
              189
            ],
            [
              213,
              188
            ],
            [
              213,
              187
            ],
            [
              212,
              186
            ],
            [
              211,
              186
            ]
          ]
        ]
      },
      "properties": {
        "objectType": "annotation",
        "classification": {
          "name": "Neoplastic",
          "color": [
            255,
            0,
            0
          ]
        },
        "isLocked": false,
        "measurements": []
      }
    },
    {
      "type": "Feature",
      "id": "PathAnnotationObject",
      "geometry": {
        "type": "Polygon",
        "coordinates": [
          [
            [
              34,
              189
            ],
            [
              33,
              189
            ],
            [
              32,
              188
            ],
            [
              32,
              187
            ],
            [
              31,
              187
            ],
            [
              30,
              186
            ],
            [
              28,
              186
            ],
            [
              25,
              189
            ],
            [
              25,
              193
            ],
            [
              26,
              194
            ],
            [
              26,
              195
            ],
            [
              29,
              195
            ],
            [
              30,
              194
            ],
            [
              31,
              194
            ],
            [
              34,
              191
            ],
            [
              34,
              189
            ]
          ]
        ]
      },
      "properties": {
        "objectType": "annotation",
        "classification": {
          "name": "Neoplastic",
          "color": [
            255,
            0,
            0
          ]
        },
        "isLocked": false,
        "measurements": []
      }
    },
    {
      "type": "Feature",
      "id": "PathAnnotationObject",
      "geometry": {
        "type": "Polygon",
        "coordinates": [
          [
            [
              170,
              183
            ],
            [
              167,
              183
            ],
            [
              167,
              186
            ],
            [
              162,
              190
            ],
            [
              163,
              191
            ],
            [
              163,
              193
            ],
            [
              165,
              195
            ],
            [
              166,
              195
            ],
            [
              167,
              196
            ],
            [
              168,
              196
            ],
            [
              168,
              195
            ],
            [
              169,
              194
            ],
            [
              170,
              191
            ],
            [
              171,
              190
            ],
            [
              172,
              190
            ],
            [
              174,
              188
            ],
            [
              174,
              186
            ],
            [
              172,
              184
            ],
            [
              171,
              184
            ],
            [
              170,
              183
            ]
          ]
        ]
      },
      "properties": {
        "objectType": "annotation",
        "classification": {
          "name": "Inflammatory",
          "color": [
            0,
            0,
            255
          ]
        },
        "isLocked": false,
        "measurements": []
      }
    },
    {
      "type": "Feature",
      "id": "PathAnnotationObject",
      "geometry": {
        "type": "Polygon",
        "coordinates": [
          [
            [
              17,
              190
            ],
            [
              14,
              187
            ],
            [
              10,
              187
            ],
            [
              6,
              191
            ],
            [
              6,
              193
            ],
            [
              7,
              194
            ],
            [
              7,
              195
            ],
            [
              8,
              196
            ],
            [
              12,
              196
            ],
            [
              15,
              193
            ],
            [
              15,
              192
            ],
            [
              17,
              190
            ]
          ]
        ]
      },
      "properties": {
        "objectType": "annotation",
        "classification": {
          "name": "Neoplastic",
          "color": [
            255,
            0,
            0
          ]
        },
        "isLocked": false,
        "measurements": []
      }
    },
    {
      "type": "Feature",
      "id": "PathAnnotationObject",
      "geometry": {
        "type": "Polygon",
        "coordinates": [
          [
            [
              229,
              186
            ],
            [
              223,
              186
            ],
            [
              223,
              187
            ],
            [
              221,
              189
            ],
            [
              220,
              189
            ],
            [
              220,
              194
            ],
            [
              221,
              195
            ],
            [
              221,
              196
            ],
            [
              223,
              198
            ],
            [
              224,
              198
            ],
            [
              225,
              199
            ],
            [
              226,
              198
            ],
            [
              227,
              198
            ],
            [
              227,
              192
            ],
            [
              230,
              190
            ],
            [
              230,
              189
            ],
            [
              229,
              188
            ],
            [
              229,
              186
            ]
          ]
        ]
      },
      "properties": {
        "objectType": "annotation",
        "classification": {
          "name": "Connective",
          "color": [
            0,
            255,
            0
          ]
        },
        "isLocked": false,
        "measurements": []
      }
    },
    {
      "type": "Feature",
      "id": "PathAnnotationObject",
      "geometry": {
        "type": "Polygon",
        "coordinates": [
          [
            [
              117,
              189
            ],
            [
              116,
              190
            ],
            [
              116,
              194
            ],
            [
              118,
              196
            ],
            [
              120,
              202
            ],
            [
              121,
              203
            ],
            [
              123,
              203
            ],
            [
              124,
              202
            ],
            [
              125,
              202
            ],
            [
              125,
              201
            ],
            [
              127,
              199
            ],
            [
              127,
              198
            ],
            [
              128,
              197
            ],
            [
              126,
              195
            ],
            [
              126,
              194
            ],
            [
              125,
              193
            ],
            [
              125,
              190
            ],
            [
              122,
              188
            ],
            [
              121,
              188
            ],
            [
              120,
              189
            ],
            [
              117,
              189
            ]
          ]
        ]
      },
      "properties": {
        "objectType": "annotation",
        "classification": {
          "name": "Connective",
          "color": [
            0,
            255,
            0
          ]
        },
        "isLocked": false,
        "measurements": []
      }
    },
    {
      "type": "Feature",
      "id": "PathAnnotationObject",
      "geometry": {
        "type": "Polygon",
        "coordinates": [
          [
            [
              197,
              192
            ],
            [
              196,
              191
            ],
            [
              195,
              191
            ],
            [
              194,
              190
            ],
            [
              193,
              191
            ],
            [
              191,
              191
            ],
            [
              191,
              193
            ],
            [
              190,
              194
            ],
            [
              190,
              195
            ],
            [
              191,
              196
            ],
            [
              191,
              197
            ],
            [
              195,
              197
            ],
            [
              197,
              195
            ],
            [
              197,
              192
            ]
          ]
        ]
      },
      "properties": {
        "objectType": "annotation",
        "classification": {
          "name": "Inflammatory",
          "color": [
            0,
            0,
            255
          ]
        },
        "isLocked": false,
        "measurements": []
      }
    },
    {
      "type": "Feature",
      "id": "PathAnnotationObject",
      "geometry": {
        "type": "Polygon",
        "coordinates": [
          [
            [
              69,
              187
            ],
            [
              69,
              188
            ],
            [
              68,
              189
            ],
            [
              67,
              189
            ],
            [
              62,
              192
            ],
            [
              62,
              196
            ],
            [
              64,
              198
            ],
            [
              65,
              201
            ],
            [
              67,
              201
            ],
            [
              68,
              202
            ],
            [
              69,
              201
            ],
            [
              69,
              200
            ],
            [
              70,
              199
            ],
            [
              71,
              196
            ],
            [
              72,
              195
            ],
            [
              73,
              195
            ],
            [
              73,
              189
            ],
            [
              72,
              189
            ],
            [
              69,
              187
            ]
          ]
        ]
      },
      "properties": {
        "objectType": "annotation",
        "classification": {
          "name": "Inflammatory",
          "color": [
            0,
            0,
            255
          ]
        },
        "isLocked": false,
        "measurements": []
      }
    },
    {
      "type": "Feature",
      "id": "PathAnnotationObject",
      "geometry": {
        "type": "Polygon",
        "coordinates": [
          [
            [
              133,
              194
            ],
            [
              133,
              200
            ],
            [
              140,
              200
            ],
            [
              142,
              198
            ],
            [
              142,
              193
            ],
            [
              141,
              192
            ],
            [
              136,
              192
            ],
            [
              134,
              194
            ],
            [
              133,
              194
            ]
          ]
        ]
      },
      "properties": {
        "objectType": "annotation",
        "classification": {
          "name": "Inflammatory",
          "color": [
            0,
            0,
            255
          ]
        },
        "isLocked": false,
        "measurements": []
      }
    },
    {
      "type": "Feature",
      "id": "PathAnnotationObject",
      "geometry": {
        "type": "Polygon",
        "coordinates": [
          [
            [
              79,
              191
            ],
            [
              76,
              194
            ],
            [
              76,
              195
            ],
            [
              75,
              196
            ],
            [
              75,
              199
            ],
            [
              78,
              202
            ],
            [
              86,
              202
            ],
            [
              86,
              201
            ],
            [
              87,
              200
            ],
            [
              88,
              200
            ],
            [
              88,
              197
            ],
            [
              87,
              196
            ],
            [
              86,
              196
            ],
            [
              85,
              195
            ],
            [
              85,
              194
            ],
            [
              84,
              194
            ],
            [
              82,
              192
            ],
            [
              79,
              191
            ]
          ]
        ]
      },
      "properties": {
        "objectType": "annotation",
        "classification": {
          "name": "Inflammatory",
          "color": [
            0,
            0,
            255
          ]
        },
        "isLocked": false,
        "measurements": []
      }
    },
    {
      "type": "Feature",
      "id": "PathAnnotationObject",
      "geometry": {
        "type": "Polygon",
        "coordinates": [
          [
            [
              93,
              194
            ],
            [
              91,
              196
            ],
            [
              91,
              197
            ],
            [
              90,
              198
            ],
            [
              90,
              200
            ],
            [
              91,
              201
            ],
            [
              91,
              203
            ],
            [
              96,
              203
            ],
            [
              96,
              201
            ],
            [
              97,
              200
            ],
            [
              97,
              197
            ],
            [
              94,
              194
            ],
            [
              93,
              194
            ]
          ]
        ]
      },
      "properties": {
        "objectType": "annotation",
        "classification": {
          "name": "Inflammatory",
          "color": [
            0,
            0,
            255
          ]
        },
        "isLocked": false,
        "measurements": []
      }
    },
    {
      "type": "Feature",
      "id": "PathAnnotationObject",
      "geometry": {
        "type": "Polygon",
        "coordinates": [
          [
            [
              204,
              195
            ],
            [
              200,
              199
            ],
            [
              200,
              200
            ],
            [
              201,
              200
            ],
            [
              203,
              202
            ],
            [
              207,
              202
            ],
            [
              209,
              200
            ],
            [
              209,
              197
            ],
            [
              208,
              196
            ],
            [
              206,
              196
            ],
            [
              205,
              195
            ],
            [
              204,
              195
            ]
          ]
        ]
      },
      "properties": {
        "objectType": "annotation",
        "classification": {
          "name": "Inflammatory",
          "color": [
            0,
            0,
            255
          ]
        },
        "isLocked": false,
        "measurements": []
      }
    },
    {
      "type": "Feature",
      "id": "PathAnnotationObject",
      "geometry": {
        "type": "Polygon",
        "coordinates": [
          [
            [
              219,
              195
            ],
            [
              214,
              195
            ],
            [
              213,
              196
            ],
            [
              213,
              201
            ],
            [
              212,
              202
            ],
            [
              212,
              207
            ],
            [
              214,
              207
            ],
            [
              215,
              206
            ],
            [
              215,
              205
            ],
            [
              216,
              204
            ],
            [
              215,
              203
            ],
            [
              216,
              202
            ],
            [
              220,
              202
            ],
            [
              220,
              201
            ],
            [
              221,
              200
            ],
            [
              221,
              197
            ],
            [
              219,
              195
            ]
          ]
        ]
      },
      "properties": {
        "objectType": "annotation",
        "classification": {
          "name": "Inflammatory",
          "color": [
            0,
            0,
            255
          ]
        },
        "isLocked": false,
        "measurements": []
      }
    },
    {
      "type": "Feature",
      "id": "PathAnnotationObject",
      "geometry": {
        "type": "Polygon",
        "coordinates": [
          [
            [
              172,
              196
            ],
            [
              169,
              196
            ],
            [
              168,
              197
            ],
            [
              167,
              197
            ],
            [
              166,
              198
            ],
            [
              165,
              198
            ],
            [
              165,
              201
            ],
            [
              166,
              202
            ],
            [
              166,
              203
            ],
            [
              167,
              204
            ],
            [
              167,
              205
            ],
            [
              169,
              203
            ],
            [
              172,
              203
            ],
            [
              173,
              202
            ],
            [
              174,
              202
            ],
            [
              174,
              201
            ],
            [
              173,
              200
            ],
            [
              173,
              197
            ],
            [
              172,
              196
            ]
          ]
        ]
      },
      "properties": {
        "objectType": "annotation",
        "classification": {
          "name": "Connective",
          "color": [
            0,
            255,
            0
          ]
        },
        "isLocked": false,
        "measurements": []
      }
    },
    {
      "type": "Feature",
      "id": "PathAnnotationObject",
      "geometry": {
        "type": "Polygon",
        "coordinates": [
          [
            [
              18,
              196
            ],
            [
              15,
              196
            ],
            [
              12,
              199
            ],
            [
              11,
              199
            ],
            [
              11,
              201
            ],
            [
              10,
              202
            ],
            [
              11,
              203
            ],
            [
              11,
              205
            ],
            [
              12,
              205
            ],
            [
              13,
              206
            ],
            [
              14,
              206
            ],
            [
              15,
              207
            ],
            [
              16,
              207
            ],
            [
              19,
              204
            ],
            [
              19,
              201
            ],
            [
              18,
              200
            ],
            [
              18,
              196
            ]
          ]
        ]
      },
      "properties": {
        "objectType": "annotation",
        "classification": {
          "name": "Neoplastic",
          "color": [
            255,
            0,
            0
          ]
        },
        "isLocked": false,
        "measurements": []
      }
    },
    {
      "type": "Feature",
      "id": "PathAnnotationObject",
      "geometry": {
        "type": "Polygon",
        "coordinates": [
          [
            [
              43,
              200
            ],
            [
              43,
              205
            ],
            [
              44,
              205
            ],
            [
              46,
              207
            ],
            [
              47,
              207
            ],
            [
              48,
              206
            ],
            [
              49,
              206
            ],
            [
              50,
              205
            ],
            [
              51,
              205
            ],
            [
              51,
              203
            ],
            [
              47,
              199
            ],
            [
              44,
              199
            ],
            [
              43,
              200
            ]
          ]
        ]
      },
      "properties": {
        "objectType": "annotation",
        "classification": {
          "name": "Neoplastic",
          "color": [
            255,
            0,
            0
          ]
        },
        "isLocked": false,
        "measurements": []
      }
    },
    {
      "type": "Feature",
      "id": "PathAnnotationObject",
      "geometry": {
        "type": "Polygon",
        "coordinates": [
          [
            [
              104,
              196
            ],
            [
              104,
              197
            ],
            [
              102,
              199
            ],
            [
              101,
              199
            ],
            [
              101,
              200
            ],
            [
              99,
              202
            ],
            [
              99,
              205
            ],
            [
              100,
              205
            ],
            [
              101,
              206
            ],
            [
              102,
              206
            ],
            [
              103,
              207
            ],
            [
              105,
              207
            ],
            [
              107,
              205
            ],
            [
              107,
              199
            ],
            [
              104,
              196
            ]
          ]
        ]
      },
      "properties": {
        "objectType": "annotation",
        "classification": {
          "name": "Inflammatory",
          "color": [
            0,
            0,
            255
          ]
        },
        "isLocked": false,
        "measurements": []
      }
    },
    {
      "type": "Feature",
      "id": "PathAnnotationObject",
      "geometry": {
        "type": "Polygon",
        "coordinates": [
          [
            [
              2,
              199
            ],
            [
              2,
              200
            ],
            [
              1,
              201
            ],
            [
              1,
              202
            ],
            [
              0,
              203
            ],
            [
              0,
              208
            ],
            [
              5,
              208
            ],
            [
              7,
              206
            ],
            [
              7,
              203
            ],
            [
              8,
              202
            ],
            [
              8,
              200
            ],
            [
              7,
              199
            ],
            [
              2,
              199
            ]
          ]
        ]
      },
      "properties": {
        "objectType": "annotation",
        "classification": {
          "name": "Neoplastic",
          "color": [
            255,
            0,
            0
          ]
        },
        "isLocked": false,
        "measurements": []
      }
    },
    {
      "type": "Feature",
      "id": "PathAnnotationObject",
      "geometry": {
        "type": "Polygon",
        "coordinates": [
          [
            [
              67,
              202
            ],
            [
              65,
              202
            ],
            [
              64,
              201
            ],
            [
              64,
              200
            ],
            [
              63,
              201
            ],
            [
              62,
              200
            ],
            [
              60,
              200
            ],
            [
              59,
              201
            ],
            [
              58,
              201
            ],
            [
              58,
              202
            ],
            [
              56,
              204
            ],
            [
              56,
              205
            ],
            [
              55,
              206
            ],
            [
              55,
              208
            ],
            [
              56,
              209
            ],
            [
              55,
              212
            ],
            [
              56,
              213
            ],
            [
              59,
              213
            ],
            [
              60,
              212
            ],
            [
              61,
              212
            ],
            [
              61,
              210
            ],
            [
              65,
              206
            ],
            [
              65,
              204
            ],
            [
              67,
              202
            ]
          ]
        ]
      },
      "properties": {
        "objectType": "annotation",
        "classification": {
          "name": "Inflammatory",
          "color": [
            0,
            0,
            255
          ]
        },
        "isLocked": false,
        "measurements": []
      }
    },
    {
      "type": "Feature",
      "id": "PathAnnotationObject",
      "geometry": {
        "type": "Polygon",
        "coordinates": [
          [
            [
              190,
              203
            ],
            [
              189,
              203
            ],
            [
              187,
              201
            ],
            [
              186,
              201
            ],
            [
              185,
              202
            ],
            [
              184,
              202
            ],
            [
              183,
              203
            ],
            [
              181,
              203
            ],
            [
              181,
              207
            ],
            [
              182,
              208
            ],
            [
              187,
              208
            ],
            [
              190,
              205
            ],
            [
              190,
              203
            ]
          ]
        ]
      },
      "properties": {
        "objectType": "annotation",
        "classification": {
          "name": "Inflammatory",
          "color": [
            0,
            0,
            255
          ]
        },
        "isLocked": false,
        "measurements": []
      }
    },
    {
      "type": "Feature",
      "id": "PathAnnotationObject",
      "geometry": {
        "type": "Polygon",
        "coordinates": [
          [
            [
              144,
              201
            ],
            [
              143,
              202
            ],
            [
              143,
              203
            ],
            [
              142,
              204
            ],
            [
              142,
              207
            ],
            [
              143,
              208
            ],
            [
              143,
              210
            ],
            [
              144,
              210
            ],
            [
              146,
              212
            ],
            [
              149,
              212
            ],
            [
              149,
              211
            ],
            [
              150,
              210
            ],
            [
              150,
              207
            ],
            [
              149,
              206
            ],
            [
              149,
              204
            ],
            [
              146,
              201
            ],
            [
              144,
              201
            ]
          ]
        ]
      },
      "properties": {
        "objectType": "annotation",
        "classification": {
          "name": "Connective",
          "color": [
            0,
            255,
            0
          ]
        },
        "isLocked": false,
        "measurements": []
      }
    },
    {
      "type": "Feature",
      "id": "PathAnnotationObject",
      "geometry": {
        "type": "Polygon",
        "coordinates": [
          [
            [
              196,
              202
            ],
            [
              194,
              204
            ],
            [
              194,
              205
            ],
            [
              195,
              206
            ],
            [
              195,
              207
            ],
            [
              196,
              208
            ],
            [
              200,
              208
            ],
            [
              200,
              205
            ],
            [
              201,
              204
            ],
            [
              200,
              203
            ],
            [
              198,
              203
            ],
            [
              197,
              202
            ],
            [
              196,
              202
            ]
          ]
        ]
      },
      "properties": {
        "objectType": "annotation",
        "classification": {
          "name": "Inflammatory",
          "color": [
            0,
            0,
            255
          ]
        },
        "isLocked": false,
        "measurements": []
      }
    },
    {
      "type": "Feature",
      "id": "PathAnnotationObject",
      "geometry": {
        "type": "Polygon",
        "coordinates": [
          [
            [
              245,
              201
            ],
            [
              244,
              202
            ],
            [
              243,
              202
            ],
            [
              243,
              203
            ],
            [
              242,
              204
            ],
            [
              242,
              210
            ],
            [
              245,
              210
            ],
            [
              247,
              208
            ],
            [
              247,
              206
            ],
            [
              248,
              205
            ],
            [
              247,
              204
            ],
            [
              247,
              202
            ],
            [
              246,
              202
            ],
            [
              245,
              201
            ]
          ]
        ]
      },
      "properties": {
        "objectType": "annotation",
        "classification": {
          "name": "Connective",
          "color": [
            0,
            255,
            0
          ]
        },
        "isLocked": false,
        "measurements": []
      }
    },
    {
      "type": "Feature",
      "id": "PathAnnotationObject",
      "geometry": {
        "type": "Polygon",
        "coordinates": [
          [
            [
              175,
              203
            ],
            [
              173,
              203
            ],
            [
              172,
              204
            ],
            [
              169,
              204
            ],
            [
              168,
              205
            ],
            [
              168,
              208
            ],
            [
              167,
              209
            ],
            [
              167,
              210
            ],
            [
              168,
              210
            ],
            [
              169,
              211
            ],
            [
              173,
              211
            ],
            [
              174,
              212
            ],
            [
              174,
              211
            ],
            [
              175,
              210
            ],
            [
              175,
              209
            ],
            [
              176,
              208
            ],
            [
              176,
              207
            ],
            [
              175,
              206
            ],
            [
              175,
              203
            ]
          ]
        ]
      },
      "properties": {
        "objectType": "annotation",
        "classification": {
          "name": "Connective",
          "color": [
            0,
            255,
            0
          ]
        },
        "isLocked": false,
        "measurements": []
      }
    },
    {
      "type": "Feature",
      "id": "PathAnnotationObject",
      "geometry": {
        "type": "Polygon",
        "coordinates": [
          [
            [
              131,
              200
            ],
            [
              128,
              203
            ],
            [
              128,
              208
            ],
            [
              129,
              209
            ],
            [
              129,
              210
            ],
            [
              130,
              211
            ],
            [
              130,
              212
            ],
            [
              135,
              212
            ],
            [
              135,
              211
            ],
            [
              137,
              209
            ],
            [
              137,
              205
            ],
            [
              136,
              204
            ],
            [
              136,
              203
            ],
            [
              135,
              203
            ],
            [
              134,
              202
            ],
            [
              134,
              201
            ],
            [
              133,
              201
            ],
            [
              132,
              200
            ],
            [
              131,
              200
            ]
          ]
        ]
      },
      "properties": {
        "objectType": "annotation",
        "classification": {
          "name": "Inflammatory",
          "color": [
            0,
            0,
            255
          ]
        },
        "isLocked": false,
        "measurements": []
      }
    },
    {
      "type": "Feature",
      "id": "PathAnnotationObject",
      "geometry": {
        "type": "Polygon",
        "coordinates": [
          [
            [
              91,
              204
            ],
            [
              91,
              205
            ],
            [
              90,
              206
            ],
            [
              90,
              209
            ],
            [
              91,
              210
            ],
            [
              91,
              211
            ],
            [
              92,
              211
            ],
            [
              93,
              212
            ],
            [
              94,
              212
            ],
            [
              96,
              210
            ],
            [
              96,
              209
            ],
            [
              97,
              208
            ],
            [
              97,
              207
            ],
            [
              96,
              206
            ],
            [
              96,
              205
            ],
            [
              95,
              204
            ],
            [
              91,
              204
            ]
          ]
        ]
      },
      "properties": {
        "objectType": "annotation",
        "classification": {
          "name": "Inflammatory",
          "color": [
            0,
            0,
            255
          ]
        },
        "isLocked": false,
        "measurements": []
      }
    },
    {
      "type": "Feature",
      "id": "PathAnnotationObject",
      "geometry": {
        "type": "Polygon",
        "coordinates": [
          [
            [
              232,
              204
            ],
            [
              231,
              204
            ],
            [
              230,
              203
            ],
            [
              228,
              203
            ],
            [
              227,
              204
            ],
            [
              224,
              204
            ],
            [
              222,
              206
            ],
            [
              221,
              206
            ],
            [
              220,
              207
            ],
            [
              221,
              208
            ],
            [
              221,
              210
            ],
            [
              222,
              210
            ],
            [
              223,
              211
            ],
            [
              223,
              212
            ],
            [
              230,
              212
            ],
            [
              230,
              211
            ],
            [
              231,
              210
            ],
            [
              232,
              210
            ],
            [
              232,
              204
            ]
          ]
        ]
      },
      "properties": {
        "objectType": "annotation",
        "classification": {
          "name": "Inflammatory",
          "color": [
            0,
            0,
            255
          ]
        },
        "isLocked": false,
        "measurements": []
      }
    },
    {
      "type": "Feature",
      "id": "PathAnnotationObject",
      "geometry": {
        "type": "Polygon",
        "coordinates": [
          [
            [
              125,
              203
            ],
            [
              124,
              203
            ],
            [
              123,
              204
            ],
            [
              123,
              205
            ],
            [
              122,
              206
            ],
            [
              121,
              206
            ],
            [
              121,
              207
            ],
            [
              118,
              210
            ],
            [
              118,
              212
            ],
            [
              119,
              212
            ],
            [
              120,
              213
            ],
            [
              122,
              213
            ],
            [
              123,
              214
            ],
            [
              124,
              214
            ],
            [
              125,
              213
            ],
            [
              126,
              213
            ],
            [
              129,
              211
            ],
            [
              127,
              208
            ],
            [
              127,
              205
            ],
            [
              126,
              206
            ],
            [
              125,
              205
            ],
            [
              125,
              203
            ]
          ]
        ]
      },
      "properties": {
        "objectType": "annotation",
        "classification": {
          "name": "Inflammatory",
          "color": [
            0,
            0,
            255
          ]
        },
        "isLocked": false,
        "measurements": []
      }
    },
    {
      "type": "Feature",
      "id": "PathAnnotationObject",
      "geometry": {
        "type": "Polygon",
        "coordinates": [
          [
            [
              18,
              209
            ],
            [
              18,
              213
            ],
            [
              19,
              213
            ],
            [
              20,
              214
            ],
            [
              22,
              214
            ],
            [
              23,
              215
            ],
            [
              25,
              215
            ],
            [
              26,
              214
            ],
            [
              27,
              214
            ],
            [
              29,
              212
            ],
            [
              30,
              212
            ],
            [
              29,
              211
            ],
            [
              29,
              210
            ],
            [
              28,
              209
            ],
            [
              27,
              209
            ],
            [
              26,
              208
            ],
            [
              25,
              208
            ],
            [
              24,
              207
            ],
            [
              21,
              207
            ],
            [
              20,
              208
            ],
            [
              19,
              208
            ],
            [
              18,
              209
            ]
          ]
        ]
      },
      "properties": {
        "objectType": "annotation",
        "classification": {
          "name": "Neoplastic",
          "color": [
            255,
            0,
            0
          ]
        },
        "isLocked": false,
        "measurements": []
      }
    },
    {
      "type": "Feature",
      "id": "PathAnnotationObject",
      "geometry": {
        "type": "Polygon",
        "coordinates": [
          [
            [
              8,
              209
            ],
            [
              8,
              211
            ],
            [
              7,
              212
            ],
            [
              8,
              213
            ],
            [
              8,
              215
            ],
            [
              9,
              215
            ],
            [
              10,
              216
            ],
            [
              12,
              216
            ],
            [
              13,
              217
            ],
            [
              15,
              215
            ],
            [
              17,
              215
            ],
            [
              17,
              213
            ],
            [
              16,
              214
            ],
            [
              14,
              212
            ],
            [
              14,
              211
            ],
            [
              12,
              209
            ],
            [
              8,
              209
            ]
          ]
        ]
      },
      "properties": {
        "objectType": "annotation",
        "classification": {
          "name": "Neoplastic",
          "color": [
            255,
            0,
            0
          ]
        },
        "isLocked": false,
        "measurements": []
      }
    },
    {
      "type": "Feature",
      "id": "PathAnnotationObject",
      "geometry": {
        "type": "Polygon",
        "coordinates": [
          [
            [
              197,
              211
            ],
            [
              196,
              210
            ],
            [
              196,
              209
            ],
            [
              195,
              209
            ],
            [
              192,
              207
            ],
            [
              191,
              208
            ],
            [
              188,
              209
            ],
            [
              188,
              210
            ],
            [
              187,
              211
            ],
            [
              185,
              211
            ],
            [
              182,
              214
            ],
            [
              182,
              215
            ],
            [
              183,
              216
            ],
            [
              182,
              217
            ],
            [
              184,
              217
            ],
            [
              185,
              218
            ],
            [
              186,
              217
            ],
            [
              190,
              217
            ],
            [
              191,
              218
            ],
            [
              194,
              218
            ],
            [
              197,
              216
            ],
            [
              197,
              211
            ]
          ]
        ]
      },
      "properties": {
        "objectType": "annotation",
        "classification": {
          "name": "Inflammatory",
          "color": [
            0,
            0,
            255
          ]
        },
        "isLocked": false,
        "measurements": []
      }
    },
    {
      "type": "Feature",
      "id": "PathAnnotationObject",
      "geometry": {
        "type": "Polygon",
        "coordinates": [
          [
            [
              203,
              209
            ],
            [
              202,
              210
            ],
            [
              202,
              215
            ],
            [
              203,
              215
            ],
            [
              204,
              216
            ],
            [
              204,
              217
            ],
            [
              208,
              217
            ],
            [
              209,
              218
            ],
            [
              210,
              218
            ],
            [
              210,
              210
            ],
            [
              208,
              210
            ],
            [
              207,
              209
            ],
            [
              203,
              209
            ]
          ]
        ]
      },
      "properties": {
        "objectType": "annotation",
        "classification": {
          "name": "Inflammatory",
          "color": [
            0,
            0,
            255
          ]
        },
        "isLocked": false,
        "measurements": []
      }
    },
    {
      "type": "Feature",
      "id": "PathAnnotationObject",
      "geometry": {
        "type": "Polygon",
        "coordinates": [
          [
            [
              213,
              208
            ],
            [
              212,
              208
            ],
            [
              211,
              209
            ],
            [
              211,
              218
            ],
            [
              213,
              218
            ],
            [
              217,
              214
            ],
            [
              216,
              214
            ],
            [
              215,
              213
            ],
            [
              215,
              211
            ],
            [
              214,
              211
            ],
            [
              212,
              209
            ],
            [
              213,
              208
            ]
          ]
        ]
      },
      "properties": {
        "objectType": "annotation",
        "classification": {
          "name": "Inflammatory",
          "color": [
            0,
            0,
            255
          ]
        },
        "isLocked": false,
        "measurements": []
      }
    },
    {
      "type": "Feature",
      "id": "PathAnnotationObject",
      "geometry": {
        "type": "Polygon",
        "coordinates": [
          [
            [
              98,
              209
            ],
            [
              97,
              210
            ],
            [
              97,
              213
            ],
            [
              96,
              214
            ],
            [
              96,
              215
            ],
            [
              97,
              216
            ],
            [
              97,
              218
            ],
            [
              98,
              219
            ],
            [
              104,
              219
            ],
            [
              105,
              220
            ],
            [
              105,
              214
            ],
            [
              104,
              214
            ],
            [
              102,
              212
            ],
            [
              102,
              211
            ],
            [
              100,
              209
            ],
            [
              98,
              209
            ]
          ]
        ]
      },
      "properties": {
        "objectType": "annotation",
        "classification": {
          "name": "Neoplastic",
          "color": [
            255,
            0,
            0
          ]
        },
        "isLocked": false,
        "measurements": []
      }
    },
    {
      "type": "Feature",
      "id": "PathAnnotationObject",
      "geometry": {
        "type": "Polygon",
        "coordinates": [
          [
            [
              157,
              214
            ],
            [
              159,
              216
            ],
            [
              159,
              218
            ],
            [
              160,
              219
            ],
            [
              163,
              219
            ],
            [
              164,
              220
            ],
            [
              165,
              219
            ],
            [
              166,
              219
            ],
            [
              168,
              217
            ],
            [
              168,
              216
            ],
            [
              170,
              213
            ],
            [
              172,
              213
            ],
            [
              173,
              212
            ],
            [
              169,
              212
            ],
            [
              168,
              211
            ],
            [
              167,
              211
            ],
            [
              166,
              212
            ],
            [
              165,
              211
            ],
            [
              159,
              211
            ],
            [
              159,
              212
            ],
            [
              157,
              214
            ]
          ]
        ]
      },
      "properties": {
        "objectType": "annotation",
        "classification": {
          "name": "Connective",
          "color": [
            0,
            255,
            0
          ]
        },
        "isLocked": false,
        "measurements": []
      }
    },
    {
      "type": "Feature",
      "id": "PathAnnotationObject",
      "geometry": {
        "type": "Polygon",
        "coordinates": [
          [
            [
              111,
              211
            ],
            [
              109,
              213
            ],
            [
              106,
              214
            ],
            [
              106,
              222
            ],
            [
              107,
              222
            ],
            [
              109,
              224
            ],
            [
              114,
              224
            ],
            [
              116,
              222
            ],
            [
              117,
              222
            ],
            [
              117,
              215
            ],
            [
              114,
              212
            ],
            [
              111,
              211
            ]
          ]
        ]
      },
      "properties": {
        "objectType": "annotation",
        "classification": {
          "name": "Inflammatory",
          "color": [
            0,
            0,
            255
          ]
        },
        "isLocked": false,
        "measurements": []
      }
    },
    {
      "type": "Feature",
      "id": "PathAnnotationObject",
      "geometry": {
        "type": "Polygon",
        "coordinates": [
          [
            [
              144,
              213
            ],
            [
              140,
              213
            ],
            [
              140,
              225
            ],
            [
              142,
              225
            ],
            [
              142,
              224
            ],
            [
              144,
              222
            ],
            [
              145,
              222
            ],
            [
              145,
              220
            ],
            [
              146,
              219
            ],
            [
              146,
              215
            ],
            [
              144,
              213
            ]
          ]
        ]
      },
      "properties": {
        "objectType": "annotation",
        "classification": {
          "name": "Inflammatory",
          "color": [
            0,
            0,
            255
          ]
        },
        "isLocked": false,
        "measurements": []
      }
    },
    {
      "type": "Feature",
      "id": "PathAnnotationObject",
      "geometry": {
        "type": "Polygon",
        "coordinates": [
          [
            [
              203,
              216
            ],
            [
              203,
              217
            ],
            [
              202,
              218
            ],
            [
              202,
              221
            ],
            [
              203,
              222
            ],
            [
              208,
              222
            ],
            [
              207,
              221
            ],
            [
              207,
              218
            ],
            [
              204,
              218
            ],
            [
              203,
              217
            ],
            [
              203,
              216
            ]
          ]
        ]
      },
      "properties": {
        "objectType": "annotation",
        "classification": {
          "name": "Neoplastic",
          "color": [
            255,
            0,
            0
          ]
        },
        "isLocked": false,
        "measurements": []
      }
    },
    {
      "type": "Feature",
      "id": "PathAnnotationObject",
      "geometry": {
        "type": "Polygon",
        "coordinates": [
          [
            [
              217,
              215
            ],
            [
              214,
              218
            ],
            [
              214,
              220
            ],
            [
              217,
              223
            ],
            [
              218,
              223
            ],
            [
              219,
              224
            ],
            [
              220,
              223
            ],
            [
              222,
              223
            ],
            [
              223,
              222
            ],
            [
              223,
              220
            ],
            [
              222,
              219
            ],
            [
              222,
              218
            ],
            [
              220,
              216
            ],
            [
              218,
              216
            ],
            [
              217,
              215
            ]
          ]
        ]
      },
      "properties": {
        "objectType": "annotation",
        "classification": {
          "name": "Inflammatory",
          "color": [
            0,
            0,
            255
          ]
        },
        "isLocked": false,
        "measurements": []
      }
    },
    {
      "type": "Feature",
      "id": "PathAnnotationObject",
      "geometry": {
        "type": "Polygon",
        "coordinates": [
          [
            [
              241,
              217
            ],
            [
              237,
              217
            ],
            [
              236,
              218
            ],
            [
              235,
              218
            ],
            [
              235,
              219
            ],
            [
              234,
              220
            ],
            [
              233,
              220
            ],
            [
              233,
              221
            ],
            [
              232,
              222
            ],
            [
              232,
              223
            ],
            [
              233,
              224
            ],
            [
              237,
              224
            ],
            [
              238,
              223
            ],
            [
              239,
              223
            ],
            [
              240,
              222
            ],
            [
              241,
              222
            ],
            [
              241,
              221
            ],
            [
              242,
              220
            ],
            [
              242,
              219
            ],
            [
              241,
              218
            ],
            [
              241,
              217
            ]
          ]
        ]
      },
      "properties": {
        "objectType": "annotation",
        "classification": {
          "name": "Neoplastic",
          "color": [
            255,
            0,
            0
          ]
        },
        "isLocked": false,
        "measurements": []
      }
    },
    {
      "type": "Feature",
      "id": "PathAnnotationObject",
      "geometry": {
        "type": "Polygon",
        "coordinates": [
          [
            [
              45,
              213
            ],
            [
              42,
              216
            ],
            [
              42,
              219
            ],
            [
              41,
              220
            ],
            [
              40,
              220
            ],
            [
              40,
              225
            ],
            [
              41,
              225
            ],
            [
              43,
              227
            ],
            [
              44,
              227
            ],
            [
              45,
              228
            ],
            [
              48,
              228
            ],
            [
              51,
              226
            ],
            [
              51,
              219
            ],
            [
              50,
              218
            ],
            [
              50,
              215
            ],
            [
              48,
              213
            ],
            [
              45,
              213
            ]
          ]
        ]
      },
      "properties": {
        "objectType": "annotation",
        "classification": {
          "name": "Inflammatory",
          "color": [
            0,
            0,
            255
          ]
        },
        "isLocked": false,
        "measurements": []
      }
    },
    {
      "type": "Feature",
      "id": "PathAnnotationObject",
      "geometry": {
        "type": "Polygon",
        "coordinates": [
          [
            [
              66,
              219
            ],
            [
              64,
              217
            ],
            [
              63,
              217
            ],
            [
              62,
              218
            ],
            [
              60,
              218
            ],
            [
              58,
              220
            ],
            [
              58,
              224
            ],
            [
              59,
              224
            ],
            [
              60,
              225
            ],
            [
              63,
              225
            ],
            [
              64,
              224
            ],
            [
              64,
              223
            ],
            [
              65,
              222
            ],
            [
              66,
              222
            ],
            [
              66,
              219
            ]
          ]
        ]
      },
      "properties": {
        "objectType": "annotation",
        "classification": {
          "name": "Inflammatory",
          "color": [
            0,
            0,
            255
          ]
        },
        "isLocked": false,
        "measurements": []
      }
    },
    {
      "type": "Feature",
      "id": "PathAnnotationObject",
      "geometry": {
        "type": "Polygon",
        "coordinates": [
          [
            [
              91,
              214
            ],
            [
              87,
              211
            ],
            [
              84,
              211
            ],
            [
              84,
              212
            ],
            [
              81,
              214
            ],
            [
              81,
              217
            ],
            [
              80,
              218
            ],
            [
              79,
              218
            ],
            [
              77,
              215
            ],
            [
              75,
              215
            ],
            [
              74,
              217
            ],
            [
              67,
              223
            ],
            [
              70,
              228
            ],
            [
              73,
              227
            ],
            [
              75,
              225
            ],
            [
              77,
              225
            ],
            [
              79,
              227
            ],
            [
              86,
              227
            ],
            [
              88,
              225
            ],
            [
              88,
              223
            ],
            [
              89,
              222
            ],
            [
              88,
              220
            ],
            [
              89,
              219
            ],
            [
              91,
              219
            ],
            [
              91,
              214
            ]
          ]
        ]
      },
      "properties": {
        "objectType": "annotation",
        "classification": {
          "name": "Inflammatory",
          "color": [
            0,
            0,
            255
          ]
        },
        "isLocked": false,
        "measurements": []
      }
    },
    {
      "type": "Feature",
      "id": "PathAnnotationObject",
      "geometry": {
        "type": "Polygon",
        "coordinates": [
          [
            [
              147,
              219
            ],
            [
              146,
              220
            ],
            [
              146,
              222
            ],
            [
              145,
              223
            ],
            [
              144,
              223
            ],
            [
              143,
              224
            ],
            [
              143,
              225
            ],
            [
              144,
              225
            ],
            [
              147,
              228
            ],
            [
              147,
              229
            ],
            [
              148,
              230
            ],
            [
              152,
              230
            ],
            [
              152,
              229
            ],
            [
              153,
              228
            ],
            [
              153,
              221
            ],
            [
              151,
              219
            ],
            [
              147,
              219
            ]
          ]
        ]
      },
      "properties": {
        "objectType": "annotation",
        "classification": {
          "name": "Connective",
          "color": [
            0,
            255,
            0
          ]
        },
        "isLocked": false,
        "measurements": []
      }
    },
    {
      "type": "Feature",
      "id": "PathAnnotationObject",
      "geometry": {
        "type": "Polygon",
        "coordinates": [
          [
            [
              13,
              225
            ],
            [
              14,
              226
            ],
            [
              14,
              227
            ],
            [
              16,
              229
            ],
            [
              17,
              229
            ],
            [
              18,
              230
            ],
            [
              19,
              229
            ],
            [
              20,
              229
            ],
            [
              21,
              228
            ],
            [
              21,
              225
            ],
            [
              20,
              224
            ],
            [
              20,
              223
            ],
            [
              15,
              223
            ],
            [
              13,
              225
            ]
          ]
        ]
      },
      "properties": {
        "objectType": "annotation",
        "classification": {
          "name": "Inflammatory",
          "color": [
            0,
            0,
            255
          ]
        },
        "isLocked": false,
        "measurements": []
      }
    },
    {
      "type": "Feature",
      "id": "PathAnnotationObject",
      "geometry": {
        "type": "Polygon",
        "coordinates": [
          [
            [
              209,
              223
            ],
            [
              209,
              226
            ],
            [
              210,
              227
            ],
            [
              211,
              227
            ],
            [
              214,
              230
            ],
            [
              216,
              230
            ],
            [
              217,
              229
            ],
            [
              219,
              229
            ],
            [
              219,
              225
            ],
            [
              218,
              224
            ],
            [
              217,
              224
            ],
            [
              215,
              222
            ],
            [
              211,
              222
            ],
            [
              210,
              223
            ],
            [
              209,
              223
            ]
          ]
        ]
      },
      "properties": {
        "objectType": "annotation",
        "classification": {
          "name": "Inflammatory",
          "color": [
            0,
            0,
            255
          ]
        },
        "isLocked": false,
        "measurements": []
      }
    },
    {
      "type": "Feature",
      "id": "PathAnnotationObject",
      "geometry": {
        "type": "Polygon",
        "coordinates": [
          [
            [
              139,
              214
            ],
            [
              134,
              214
            ],
            [
              128,
              219
            ],
            [
              130,
              223
            ],
            [
              126,
              227
            ],
            [
              127,
              228
            ],
            [
              126,
              230
            ],
            [
              130,
              230
            ],
            [
              134,
              232
            ],
            [
              135,
              230
            ],
            [
              135,
              226
            ],
            [
              137,
              223
            ],
            [
              139,
              223
            ],
            [
              139,
              214
            ]
          ]
        ]
      },
      "properties": {
        "objectType": "annotation",
        "classification": {
          "name": "Inflammatory",
          "color": [
            0,
            0,
            255
          ]
        },
        "isLocked": false,
        "measurements": []
      }
    },
    {
      "type": "Feature",
      "id": "PathAnnotationObject",
      "geometry": {
        "type": "Polygon",
        "coordinates": [
          [
            [
              194,
              227
            ],
            [
              193,
              228
            ],
            [
              192,
              228
            ],
            [
              192,
              229
            ],
            [
              191,
              230
            ],
            [
              191,
              234
            ],
            [
              193,
              236
            ],
            [
              197,
              236
            ],
            [
              199,
              234
            ],
            [
              200,
              234
            ],
            [
              200,
              230
            ],
            [
              197,
              227
            ],
            [
              194,
              227
            ]
          ]
        ]
      },
      "properties": {
        "objectType": "annotation",
        "classification": {
          "name": "Inflammatory",
          "color": [
            0,
            0,
            255
          ]
        },
        "isLocked": false,
        "measurements": []
      }
    },
    {
      "type": "Feature",
      "id": "PathAnnotationObject",
      "geometry": {
        "type": "Polygon",
        "coordinates": [
          [
            [
              0,
              224
            ],
            [
              0,
              239
            ],
            [
              1,
              238
            ],
            [
              2,
              238
            ],
            [
              5,
              234
            ],
            [
              6,
              234
            ],
            [
              8,
              236
            ],
            [
              14,
              236
            ],
            [
              15,
              235
            ],
            [
              15,
              231
            ],
            [
              14,
              231
            ],
            [
              12,
              229
            ],
            [
              10,
              229
            ],
            [
              9,
              228
            ],
            [
              8,
              228
            ],
            [
              5,
              225
            ],
            [
              4,
              225
            ],
            [
              3,
              224
            ],
            [
              0,
              224
            ]
          ]
        ]
      },
      "properties": {
        "objectType": "annotation",
        "classification": {
          "name": "Inflammatory",
          "color": [
            0,
            0,
            255
          ]
        },
        "isLocked": false,
        "measurements": []
      }
    },
    {
      "type": "Feature",
      "id": "PathAnnotationObject",
      "geometry": {
        "type": "Polygon",
        "coordinates": [
          [
            [
              99,
              230
            ],
            [
              97,
              228
            ],
            [
              94,
              228
            ],
            [
              90,
              232
            ],
            [
              88,
              232
            ],
            [
              87,
              233
            ],
            [
              87,
              238
            ],
            [
              88,
              239
            ],
            [
              92,
              239
            ],
            [
              95,
              236
            ],
            [
              100,
              236
            ],
            [
              100,
              232
            ],
            [
              99,
              231
            ],
            [
              99,
              230
            ]
          ]
        ]
      },
      "properties": {
        "objectType": "annotation",
        "classification": {
          "name": "Inflammatory",
          "color": [
            0,
            0,
            255
          ]
        },
        "isLocked": false,
        "measurements": []
      }
    },
    {
      "type": "Feature",
      "id": "PathAnnotationObject",
      "geometry": {
        "type": "Polygon",
        "coordinates": [
          [
            [
              111,
              230
            ],
            [
              111,
              234
            ],
            [
              112,
              234
            ],
            [
              113,
              235
            ],
            [
              113,
              236
            ],
            [
              116,
              236
            ],
            [
              117,
              235
            ],
            [
              117,
              230
            ],
            [
              116,
              230
            ],
            [
              115,
              229
            ],
            [
              113,
              229
            ],
            [
              112,
              230
            ],
            [
              111,
              230
            ]
          ]
        ]
      },
      "properties": {
        "objectType": "annotation",
        "classification": {
          "name": "Inflammatory",
          "color": [
            0,
            0,
            255
          ]
        },
        "isLocked": false,
        "measurements": []
      }
    },
    {
      "type": "Feature",
      "id": "PathAnnotationObject",
      "geometry": {
        "type": "Polygon",
        "coordinates": [
          [
            [
              78,
              228
            ],
            [
              78,
              229
            ],
            [
              77,
              230
            ],
            [
              76,
              230
            ],
            [
              76,
              233
            ],
            [
              77,
              234
            ],
            [
              77,
              236
            ],
            [
              78,
              237
            ],
            [
              82,
              237
            ],
            [
              83,
              236
            ],
            [
              84,
              236
            ],
            [
              85,
              235
            ],
            [
              85,
              231
            ],
            [
              84,
              231
            ],
            [
              83,
              230
            ],
            [
              83,
              228
            ],
            [
              78,
              228
            ]
          ]
        ]
      },
      "properties": {
        "objectType": "annotation",
        "classification": {
          "name": "Inflammatory",
          "color": [
            0,
            0,
            255
          ]
        },
        "isLocked": false,
        "measurements": []
      }
    },
    {
      "type": "Feature",
      "id": "PathAnnotationObject",
      "geometry": {
        "type": "Polygon",
        "coordinates": [
          [
            [
              164,
              232
            ],
            [
              163,
              231
            ],
            [
              162,
              231
            ],
            [
              161,
              230
            ],
            [
              160,
              230
            ],
            [
              157,
              233
            ],
            [
              156,
              233
            ],
            [
              155,
              234
            ],
            [
              155,
              236
            ],
            [
              158,
              236
            ],
            [
              159,
              237
            ],
            [
              163,
              237
            ],
            [
              163,
              236
            ],
            [
              164,
              235
            ],
            [
              164,
              232
            ]
          ]
        ]
      },
      "properties": {
        "objectType": "annotation",
        "classification": {
          "name": "Inflammatory",
          "color": [
            0,
            0,
            255
          ]
        },
        "isLocked": false,
        "measurements": []
      }
    },
    {
      "type": "Feature",
      "id": "PathAnnotationObject",
      "geometry": {
        "type": "Polygon",
        "coordinates": [
          [
            [
              126,
              231
            ],
            [
              126,
              232
            ],
            [
              125,
              233
            ],
            [
              125,
              236
            ],
            [
              126,
              237
            ],
            [
              126,
              238
            ],
            [
              127,
              239
            ],
            [
              128,
              239
            ],
            [
              129,
              240
            ],
            [
              130,
              240
            ],
            [
              131,
              239
            ],
            [
              132,
              239
            ],
            [
              133,
              238
            ],
            [
              133,
              233
            ],
            [
              132,
              232
            ],
            [
              131,
              232
            ],
            [
              130,
              231
            ],
            [
              126,
              231
            ]
          ]
        ]
      },
      "properties": {
        "objectType": "annotation",
        "classification": {
          "name": "Inflammatory",
          "color": [
            0,
            0,
            255
          ]
        },
        "isLocked": false,
        "measurements": []
      }
    },
    {
      "type": "Feature",
      "id": "PathAnnotationObject",
      "geometry": {
        "type": "Polygon",
        "coordinates": [
          [
            [
              172,
              230
            ],
            [
              171,
              231
            ],
            [
              170,
              231
            ],
            [
              170,
              233
            ],
            [
              169,
              234
            ],
            [
              170,
              235
            ],
            [
              170,
              236
            ],
            [
              172,
              238
            ],
            [
              172,
              239
            ],
            [
              175,
              239
            ],
            [
              176,
              238
            ],
            [
              176,
              237
            ],
            [
              177,
              236
            ],
            [
              178,
              237
            ],
            [
              178,
              233
            ],
            [
              177,
              233
            ],
            [
              176,
              232
            ],
            [
              176,
              231
            ],
            [
              174,
              231
            ],
            [
              173,
              230
            ],
            [
              172,
              230
            ]
          ]
        ]
      },
      "properties": {
        "objectType": "annotation",
        "classification": {
          "name": "Inflammatory",
          "color": [
            0,
            0,
            255
          ]
        },
        "isLocked": false,
        "measurements": []
      }
    },
    {
      "type": "Feature",
      "id": "PathAnnotationObject",
      "geometry": {
        "type": "Polygon",
        "coordinates": [
          [
            [
              218,
              230
            ],
            [
              218,
              236
            ],
            [
              219,
              237
            ],
            [
              224,
              237
            ],
            [
              224,
              236
            ],
            [
              225,
              235
            ],
            [
              225,
              233
            ],
            [
              222,
              230
            ],
            [
              218,
              230
            ]
          ]
        ]
      },
      "properties": {
        "objectType": "annotation",
        "classification": {
          "name": "Inflammatory",
          "color": [
            0,
            0,
            255
          ]
        },
        "isLocked": false,
        "measurements": []
      }
    },
    {
      "type": "Feature",
      "id": "PathAnnotationObject",
      "geometry": {
        "type": "Polygon",
        "coordinates": [
          [
            [
              68,
              231
            ],
            [
              67,
              232
            ],
            [
              67,
              233
            ],
            [
              65,
              235
            ],
            [
              65,
              236
            ],
            [
              66,
              237
            ],
            [
              66,
              239
            ],
            [
              68,
              241
            ],
            [
              69,
              241
            ],
            [
              69,
              240
            ],
            [
              72,
              237
            ],
            [
              72,
              234
            ],
            [
              69,
              231
            ],
            [
              68,
              231
            ]
          ]
        ]
      },
      "properties": {
        "objectType": "annotation",
        "classification": {
          "name": "Connective",
          "color": [
            0,
            255,
            0
          ]
        },
        "isLocked": false,
        "measurements": []
      }
    },
    {
      "type": "Feature",
      "id": "PathAnnotationObject",
      "geometry": {
        "type": "Polygon",
        "coordinates": [
          [
            [
              182,
              230
            ],
            [
              179,
              232
            ],
            [
              179,
              239
            ],
            [
              181,
              239
            ],
            [
              184,
              241
            ],
            [
              186,
              241
            ],
            [
              186,
              240
            ],
            [
              187,
              239
            ],
            [
              188,
              239
            ],
            [
              188,
              238
            ],
            [
              189,
              237
            ],
            [
              189,
              235
            ],
            [
              188,
              234
            ],
            [
              188,
              231
            ],
            [
              187,
              230
            ],
            [
              182,
              230
            ]
          ]
        ]
      },
      "properties": {
        "objectType": "annotation",
        "classification": {
          "name": "Inflammatory",
          "color": [
            0,
            0,
            255
          ]
        },
        "isLocked": false,
        "measurements": []
      }
    },
    {
      "type": "Feature",
      "id": "PathAnnotationObject",
      "geometry": {
        "type": "Polygon",
        "coordinates": [
          [
            [
              234,
              234
            ],
            [
              234,
              235
            ],
            [
              235,
              236
            ],
            [
              235,
              237
            ],
            [
              237,
              239
            ],
            [
              238,
              239
            ],
            [
              239,
              240
            ],
            [
              239,
              242
            ],
            [
              244,
              242
            ],
            [
              246,
              240
            ],
            [
              245,
              240
            ],
            [
              244,
              239
            ],
            [
              244,
              238
            ],
            [
              242,
              236
            ],
            [
              242,
              235
            ],
            [
              241,
              234
            ],
            [
              241,
              233
            ],
            [
              239,
              233
            ],
            [
              238,
              232
            ],
            [
              237,
              232
            ],
            [
              234,
              234
            ]
          ]
        ]
      },
      "properties": {
        "objectType": "annotation",
        "classification": {
          "name": "Inflammatory",
          "color": [
            0,
            0,
            255
          ]
        },
        "isLocked": false,
        "measurements": []
      }
    },
    {
      "type": "Feature",
      "id": "PathAnnotationObject",
      "geometry": {
        "type": "Polygon",
        "coordinates": [
          [
            [
              165,
              234
            ],
            [
              165,
              235
            ],
            [
              164,
              236
            ],
            [
              164,
              237
            ],
            [
              163,
              238
            ],
            [
              162,
              238
            ],
            [
              163,
              239
            ],
            [
              163,
              240
            ],
            [
              164,
              241
            ],
            [
              170,
              241
            ],
            [
              171,
              240
            ],
            [
              171,
              238
            ],
            [
              169,
              236
            ],
            [
              169,
              235
            ],
            [
              168,
              234
            ],
            [
              165,
              234
            ]
          ]
        ]
      },
      "properties": {
        "objectType": "annotation",
        "classification": {
          "name": "Inflammatory",
          "color": [
            0,
            0,
            255
          ]
        },
        "isLocked": false,
        "measurements": []
      }
    },
    {
      "type": "Feature",
      "id": "PathAnnotationObject",
      "geometry": {
        "type": "Polygon",
        "coordinates": [
          [
            [
              154,
              235
            ],
            [
              153,
              234
            ],
            [
              152,
              234
            ],
            [
              151,
              235
            ],
            [
              149,
              235
            ],
            [
              148,
              236
            ],
            [
              146,
              236
            ],
            [
              145,
              237
            ],
            [
              143,
              237
            ],
            [
              142,
              238
            ],
            [
              141,
              238
            ],
            [
              141,
              239
            ],
            [
              142,
              240
            ],
            [
              142,
              246
            ],
            [
              144,
              243
            ],
            [
              145,
              244
            ],
            [
              149,
              244
            ],
            [
              150,
              243
            ],
            [
              151,
              243
            ],
            [
              151,
              242
            ],
            [
              152,
              241
            ],
            [
              152,
              237
            ],
            [
              153,
              236
            ],
            [
              154,
              236
            ],
            [
              154,
              235
            ]
          ]
        ]
      },
      "properties": {
        "objectType": "annotation",
        "classification": {
          "name": "Inflammatory",
          "color": [
            0,
            0,
            255
          ]
        },
        "isLocked": false,
        "measurements": []
      }
    },
    {
      "type": "Feature",
      "id": "PathAnnotationObject",
      "geometry": {
        "type": "Polygon",
        "coordinates": [
          [
            [
              78,
              240
            ],
            [
              77,
              240
            ],
            [
              76,
              239
            ],
            [
              74,
              239
            ],
            [
              73,
              240
            ],
            [
              72,
              240
            ],
            [
              72,
              241
            ],
            [
              71,
              242
            ],
            [
              70,
              241
            ],
            [
              70,
              243
            ],
            [
              71,
              244
            ],
            [
              72,
              244
            ],
            [
              73,
              245
            ],
            [
              74,
              245
            ],
            [
              75,
              244
            ],
            [
              76,
              244
            ],
            [
              76,
              243
            ],
            [
              77,
              242
            ],
            [
              78,
              242
            ],
            [
              78,
              240
            ]
          ]
        ]
      },
      "properties": {
        "objectType": "annotation",
        "classification": {
          "name": "Inflammatory",
          "color": [
            0,
            0,
            255
          ]
        },
        "isLocked": false,
        "measurements": []
      }
    },
    {
      "type": "Feature",
      "id": "PathAnnotationObject",
      "geometry": {
        "type": "Polygon",
        "coordinates": [
          [
            [
              106,
              240
            ],
            [
              106,
              241
            ],
            [
              105,
              242
            ],
            [
              105,
              244
            ],
            [
              106,
              245
            ],
            [
              106,
              246
            ],
            [
              112,
              246
            ],
            [
              112,
              243
            ],
            [
              113,
              242
            ],
            [
              112,
              241
            ],
            [
              112,
              239
            ],
            [
              108,
              239
            ],
            [
              107,
              240
            ],
            [
              106,
              240
            ]
          ]
        ]
      },
      "properties": {
        "objectType": "annotation",
        "classification": {
          "name": "Inflammatory",
          "color": [
            0,
            0,
            255
          ]
        },
        "isLocked": false,
        "measurements": []
      }
    },
    {
      "type": "Feature",
      "id": "PathAnnotationObject",
      "geometry": {
        "type": "Polygon",
        "coordinates": [
          [
            [
              135,
              239
            ],
            [
              134,
              240
            ],
            [
              133,
              240
            ],
            [
              133,
              246
            ],
            [
              134,
              246
            ],
            [
              136,
              248
            ],
            [
              138,
              248
            ],
            [
              139,
              247
            ],
            [
              140,
              247
            ],
            [
              141,
              246
            ],
            [
              141,
              240
            ],
            [
              140,
              239
            ],
            [
              135,
              239
            ]
          ]
        ]
      },
      "properties": {
        "objectType": "annotation",
        "classification": {
          "name": "Inflammatory",
          "color": [
            0,
            0,
            255
          ]
        },
        "isLocked": false,
        "measurements": []
      }
    },
    {
      "type": "Feature",
      "id": "PathAnnotationObject",
      "geometry": {
        "type": "Polygon",
        "coordinates": [
          [
            [
              179,
              240
            ],
            [
              179,
              241
            ],
            [
              178,
              242
            ],
            [
              177,
              242
            ],
            [
              177,
              243
            ],
            [
              176,
              244
            ],
            [
              176,
              245
            ],
            [
              177,
              246
            ],
            [
              177,
              247
            ],
            [
              183,
              247
            ],
            [
              183,
              246
            ],
            [
              184,
              245
            ],
            [
              184,
              244
            ],
            [
              183,
              243
            ],
            [
              183,
              241
            ],
            [
              182,
              241
            ],
            [
              181,
              240
            ],
            [
              179,
              240
            ]
          ]
        ]
      },
      "properties": {
        "objectType": "annotation",
        "classification": {
          "name": "Inflammatory",
          "color": [
            0,
            0,
            255
          ]
        },
        "isLocked": false,
        "measurements": []
      }
    },
    {
      "type": "Feature",
      "id": "PathAnnotationObject",
      "geometry": {
        "type": "Polygon",
        "coordinates": [
          [
            [
              86,
              240
            ],
            [
              82,
              244
            ],
            [
              82,
              249
            ],
            [
              84,
              251
            ],
            [
              88,
              251
            ],
            [
              88,
              250
            ],
            [
              89,
              249
            ],
            [
              89,
              248
            ],
            [
              90,
              247
            ],
            [
              90,
              244
            ],
            [
              86,
              240
            ]
          ]
        ]
      },
      "properties": {
        "objectType": "annotation",
        "classification": {
          "name": "Inflammatory",
          "color": [
            0,
            0,
            255
          ]
        },
        "isLocked": false,
        "measurements": []
      }
    },
    {
      "type": "Feature",
      "id": "PathAnnotationObject",
      "geometry": {
        "type": "Polygon",
        "coordinates": [
          [
            [
              66,
              243
            ],
            [
              65,
              243
            ],
            [
              64,
              242
            ],
            [
              63,
              243
            ],
            [
              62,
              243
            ],
            [
              59,
              246
            ],
            [
              59,
              247
            ],
            [
              58,
              248
            ],
            [
              59,
              249
            ],
            [
              59,
              252
            ],
            [
              63,
              252
            ],
            [
              63,
              251
            ],
            [
              64,
              250
            ],
            [
              64,
              249
            ],
            [
              66,
              247
            ],
            [
              66,
              243
            ]
          ]
        ]
      },
      "properties": {
        "objectType": "annotation",
        "classification": {
          "name": "Inflammatory",
          "color": [
            0,
            0,
            255
          ]
        },
        "isLocked": false,
        "measurements": []
      }
    },
    {
      "type": "Feature",
      "id": "PathAnnotationObject",
      "geometry": {
        "type": "Polygon",
        "coordinates": [
          [
            [
              227,
              243
            ],
            [
              225,
              243
            ],
            [
              223,
              245
            ],
            [
              223,
              249
            ],
            [
              224,
              249
            ],
            [
              225,
              250
            ],
            [
              226,
              249
            ],
            [
              228,
              249
            ],
            [
              228,
              248
            ],
            [
              229,
              247
            ],
            [
              229,
              246
            ],
            [
              227,
              244
            ],
            [
              227,
              243
            ]
          ]
        ]
      },
      "properties": {
        "objectType": "annotation",
        "classification": {
          "name": "Inflammatory",
          "color": [
            0,
            0,
            255
          ]
        },
        "isLocked": false,
        "measurements": []
      }
    },
    {
      "type": "Feature",
      "id": "PathAnnotationObject",
      "geometry": {
        "type": "Polygon",
        "coordinates": [
          [
            [
              153,
              244
            ],
            [
              153,
              245
            ],
            [
              152,
              246
            ],
            [
              152,
              249
            ],
            [
              154,
              251
            ],
            [
              157,
              251
            ],
            [
              159,
              253
            ],
            [
              159,
              254
            ],
            [
              158,
              255
            ],
            [
              157,
              255
            ],
            [
              162,
              255
            ],
            [
              162,
              254
            ],
            [
              163,
              253
            ],
            [
              163,
              247
            ],
            [
              162,
              247
            ],
            [
              160,
              244
            ],
            [
              158,
              244
            ],
            [
              157,
              243
            ],
            [
              156,
              244
            ],
            [
              153,
              244
            ]
          ]
        ]
      },
      "properties": {
        "objectType": "annotation",
        "classification": {
          "name": "Connective",
          "color": [
            0,
            255,
            0
          ]
        },
        "isLocked": false,
        "measurements": []
      }
    },
    {
      "type": "Feature",
      "id": "PathAnnotationObject",
      "geometry": {
        "type": "Polygon",
        "coordinates": [
          [
            [
              212,
              242
            ],
            [
              210,
              244
            ],
            [
              210,
              246
            ],
            [
              209,
              247
            ],
            [
              209,
              248
            ],
            [
              210,
              249
            ],
            [
              210,
              251
            ],
            [
              211,
              252
            ],
            [
              212,
              255
            ],
            [
              219,
              255
            ],
            [
              219,
              251
            ],
            [
              218,
              251
            ],
            [
              217,
              250
            ],
            [
              217,
              247
            ],
            [
              218,
              246
            ],
            [
              218,
              243
            ],
            [
              217,
              243
            ],
            [
              216,
              242
            ],
            [
              212,
              242
            ]
          ]
        ]
      },
      "properties": {
        "objectType": "annotation",
        "classification": {
          "name": "Inflammatory",
          "color": [
            0,
            0,
            255
          ]
        },
        "isLocked": false,
        "measurements": []
      }
    },
    {
      "type": "Feature",
      "id": "PathAnnotationObject",
      "geometry": {
        "type": "Polygon",
        "coordinates": [
          [
            [
              199,
              247
            ],
            [
              199,
              248
            ],
            [
              202,
              251
            ],
            [
              203,
              251
            ],
            [
              204,
              252
            ],
            [
              208,
              252
            ],
            [
              209,
              251
            ],
            [
              209,
              249
            ],
            [
              208,
              248
            ],
            [
              208,
              246
            ],
            [
              207,
              245
            ],
            [
              201,
              245
            ],
            [
              199,
              247
            ]
          ]
        ]
      },
      "properties": {
        "objectType": "annotation",
        "classification": {
          "name": "Inflammatory",
          "color": [
            0,
            0,
            255
          ]
        },
        "isLocked": false,
        "measurements": []
      }
    },
    {
      "type": "Feature",
      "id": "PathAnnotationObject",
      "geometry": {
        "type": "Polygon",
        "coordinates": [
          [
            [
              244,
              243
            ],
            [
              239,
              243
            ],
            [
              237,
              245
            ],
            [
              237,
              246
            ],
            [
              235,
              248
            ],
            [
              235,
              252
            ],
            [
              236,
              252
            ],
            [
              237,
              253
            ],
            [
              239,
              253
            ],
            [
              241,
              251
            ],
            [
              241,
              247
            ],
            [
              242,
              246
            ],
            [
              242,
              245
            ],
            [
              244,
              243
            ]
          ]
        ]
      },
      "properties": {
        "objectType": "annotation",
        "classification": {
          "name": "Inflammatory",
          "color": [
            0,
            0,
            255
          ]
        },
        "isLocked": false,
        "measurements": []
      }
    },
    {
      "type": "Feature",
      "id": "PathAnnotationObject",
      "geometry": {
        "type": "Polygon",
        "coordinates": [
          [
            [
              104,
              247
            ],
            [
              104,
              254
            ],
            [
              105,
              255
            ],
            [
              110,
              255
            ],
            [
              111,
              254
            ],
            [
              112,
              254
            ],
            [
              112,
              253
            ],
            [
              113,
              252
            ],
            [
              113,
              248
            ],
            [
              112,
              247
            ],
            [
              104,
              247
            ]
          ]
        ]
      },
      "properties": {
        "objectType": "annotation",
        "classification": {
          "name": "Inflammatory",
          "color": [
            0,
            0,
            255
          ]
        },
        "isLocked": false,
        "measurements": []
      }
    },
    {
      "type": "Feature",
      "id": "PathAnnotationObject",
      "geometry": {
        "type": "Polygon",
        "coordinates": [
          [
            [
              52,
              248
            ],
            [
              50,
              250
            ],
            [
              50,
              252
            ],
            [
              51,
              252
            ],
            [
              52,
              253
            ],
            [
              52,
              255
            ],
            [
              57,
              255
            ],
            [
              57,
              252
            ],
            [
              54,
              249
            ],
            [
              54,
              248
            ],
            [
              52,
              248
            ]
          ]
        ]
      },
      "properties": {
        "objectType": "annotation",
        "classification": {
          "name": "Inflammatory",
          "color": [
            0,
            0,
            255
          ]
        },
        "isLocked": false,
        "measurements": []
      }
    },
    {
      "type": "Feature",
      "id": "PathAnnotationObject",
      "geometry": {
        "type": "Polygon",
        "coordinates": [
          [
            [
              103,
              248
            ],
            [
              97,
              248
            ],
            [
              95,
              250
            ],
            [
              94,
              250
            ],
            [
              94,
              251
            ],
            [
              93,
              252
            ],
            [
              93,
              254
            ],
            [
              94,
              255
            ],
            [
              100,
              255
            ],
            [
              101,
              254
            ],
            [
              101,
              253
            ],
            [
              102,
              252
            ],
            [
              103,
              252
            ],
            [
              103,
              248
            ]
          ]
        ]
      },
      "properties": {
        "objectType": "annotation",
        "classification": {
          "name": "Inflammatory",
          "color": [
            0,
            0,
            255
          ]
        },
        "isLocked": false,
        "measurements": []
      }
    },
    {
      "type": "Feature",
      "id": "PathAnnotationObject",
      "geometry": {
        "type": "Polygon",
        "coordinates": [
          [
            [
              128,
              248
            ],
            [
              128,
              249
            ],
            [
              129,
              250
            ],
            [
              129,
              251
            ],
            [
              128,
              252
            ],
            [
              128,
              254
            ],
            [
              129,
              254
            ],
            [
              130,
              255
            ],
            [
              135,
              255
            ],
            [
              137,
              253
            ],
            [
              137,
              249
            ],
            [
              136,
              249
            ],
            [
              135,
              248
            ],
            [
              128,
              248
            ]
          ]
        ]
      },
      "properties": {
        "objectType": "annotation",
        "classification": {
          "name": "Inflammatory",
          "color": [
            0,
            0,
            255
          ]
        },
        "isLocked": false,
        "measurements": []
      }
    },
    {
      "type": "Feature",
      "id": "PathAnnotationObject",
      "geometry": {
        "type": "Polygon",
        "coordinates": [
          [
            [
              167,
              250
            ],
            [
              167,
              251
            ],
            [
              166,
              252
            ],
            [
              166,
              254
            ],
            [
              167,
              255
            ],
            [
              173,
              255
            ],
            [
              172,
              254
            ],
            [
              172,
              252
            ],
            [
              171,
              251
            ],
            [
              171,
              249
            ],
            [
              169,
              249
            ],
            [
              168,
              250
            ],
            [
              167,
              250
            ]
          ]
        ]
      },
      "properties": {
        "objectType": "annotation",
        "classification": {
          "name": "Inflammatory",
          "color": [
            0,
            0,
            255
          ]
        },
        "isLocked": false,
        "measurements": []
      }
    }
  ]
}