{
  "type": "FeatureCollection",
  "features": [
    {
      "type": "Feature",
      "id": "PathAnnotationObject",
      "geometry": {
        "type": "Polygon",
        "coordinates": [
          [
            [
              25,
              0
            ],
            [
              24,
              1
            ],
            [
              23,
              1
            ],
            [
              23,
              2
            ],
            [
              22,
              3
            ],
            [
              23,
              4
            ],
            [
              23,
              6
            ],
            [
              26,
              9
            ],
            [
              26,
              10
            ],
            [
              28,
              12
            ],
            [
              29,
              12
            ],
            [
              31,
              10
            ],
            [
              31,
              8
            ],
            [
              30,
              7
            ],
            [
              30,
              6
            ],
            [
              29,
              5
            ],
            [
              29,
              1
            ],
            [
              28,
              1
            ],
            [
              27,
              0
            ],
            [
              25,
              0
            ]
          ]
        ]
      },
      "properties": {
        "objectType": "annotation",
        "classification": {
          "name": "Inflammatory",
          "color": [
            0,
            0,
            255
          ]
        },
        "isLocked": false,
        "measurements": []
      }
    },
    {
      "type": "Feature",
      "id": "PathAnnotationObject",
      "geometry": {
        "type": "Polygon",
        "coordinates": [
          [
            [
              39,
              0
            ],
            [
              39,
              2
            ],
            [
              40,
              3
            ],
            [
              39,
              4
            ],
            [
              39,
              6
            ],
            [
              41,
              8
            ],
            [
              42,
              8
            ],
            [
              43,
              9
            ],
            [
              45,
              7
            ],
            [
              45,
              6
            ],
            [
              44,
              5
            ],
            [
              44,
              0
            ],
            [
              39,
              0
            ]
          ]
        ]
      },
      "properties": {
        "objectType": "annotation",
        "classification": {
          "name": "Inflammatory",
          "color": [
            0,
            0,
            255
          ]
        },
        "isLocked": false,
        "measurements": []
      }
    },
    {
      "type": "Feature",
      "id": "PathAnnotationObject",
      "geometry": {
        "type": "Polygon",
        "coordinates": [
          [
            [
              83,
              0
            ],
            [
              83,
              5
            ],
            [
              84,
              6
            ],
            [
              84,
              7
            ],
            [
              86,
              9
            ],
            [
              89,
              9
            ],
            [
              90,
              10
            ],
            [
              94,
              10
            ],
            [
              95,
              9
            ],
            [
              98,
              8
            ],
            [
              98,
              6
            ],
            [
              100,
              3
            ],
            [
              99,
              2
            ],
            [
              99,
              0
            ],
            [
              83,
              0
            ]
          ]
        ]
      },
      "properties": {
        "objectType": "annotation",
        "classification": {
          "name": "Neoplastic",
          "color": [
            255,
            0,
            0
          ]
        },
        "isLocked": false,
        "measurements": []
      }
    },
    {
      "type": "Feature",
      "id": "PathAnnotationObject",
      "geometry": {
        "type": "Polygon",
        "coordinates": [
          [
            [
              170,
              1
            ],
            [
              169,
              2
            ],
            [
              169,
              5
            ],
            [
              170,
              6
            ],
            [
              169,
              7
            ],
            [
              171,
              7
            ],
            [
              172,
              8
            ],
            [
              173,
              7
            ],
            [
              173,
              1
            ],
            [
              170,
              1
            ]
          ]
        ]
      },
      "properties": {
        "objectType": "annotation",
        "classification": {
          "name": "Inflammatory",
          "color": [
            0,
            0,
            255
          ]
        },
        "isLocked": false,
        "measurements": []
      }
    },
    {
      "type": "Feature",
      "id": "PathAnnotationObject",
      "geometry": {
        "type": "Polygon",
        "coordinates": [
          [
            [
              194,
              0
            ],
            [
              186,
              0
            ],
            [
              185,
              1
            ],
            [
              184,
              1
            ],
            [
              184,
              2
            ],
            [
              183,
              3
            ],
            [
              182,
              3
            ],
            [
              182,
              7
            ],
            [
              183,
              8
            ],
            [
              187,
              8
            ],
            [
              192,
              3
            ],
            [
              193,
              3
            ],
            [
              193,
              1
            ],
            [
              194,
              0
            ]
          ]
        ]
      },
      "properties": {
        "objectType": "annotation",
        "classification": {
          "name": "Connective",
          "color": [
            0,
            255,
            0
          ]
        },
        "isLocked": false,
        "measurements": []
      }
    },
    {
      "type": "Feature",
      "id": "PathAnnotationObject",
      "geometry": {
        "type": "Polygon",
        "coordinates": [
          [
            [
              145,
              0
            ],
            [
              140,
              0
            ],
            [
              140,
              1
            ],
            [
              138,
              3
            ],
            [
              138,
              5
            ],
            [
              137,
              6
            ],
            [
              138,
              7
            ],
            [
              138,
              8
            ],
            [
              139,
              9
            ],
            [
              141,
              9
            ],
            [
              143,
              7
            ],
            [
              143,
              6
            ],
            [
              144,
              5
            ],
            [
              145,
              5
            ],
            [
              145,
              0
            ]
          ]
        ]
      },
      "properties": {
        "objectType": "annotation",
        "classification": {
          "name": "Neoplastic",
          "color": [
            255,
            0,
            0
          ]
        },
        "isLocked": false,
        "measurements": []
      }
    },
    {
      "type": "Feature",
      "id": "PathAnnotationObject",
      "geometry": {
        "type": "Polygon",
        "coordinates": [
          [
            [
              217,
              1
            ],
            [
              216,
              2
            ],
            [
              216,
              7
            ],
            [
              217,
              7
            ],
            [
              218,
              8
            ],
            [
              220,
              8
            ],
            [
              221,
              7
            ],
            [
              221,
              5
            ],
            [
              220,
              4
            ],
            [
              220,
              2
            ],
            [
              219,
              1
            ],
            [
              217,
              1
            ]
          ]
        ]
      },
      "properties": {
        "objectType": "annotation",
        "classification": {
          "name": "Inflammatory",
          "color": [
            0,
            0,
            255
          ]
        },
        "isLocked": false,
        "measurements": []
      }
    },
    {
      "type": "Feature",
      "id": "PathAnnotationObject",
      "geometry": {
        "type": "Polygon",
        "coordinates": [
          [
            [
              56,
              4
            ],
            [
              53,
              4
            ],
            [
              51,
              6
            ],
            [
              52,
              7
            ],
            [
              52,
              8
            ],
            [
              53,
              9
            ],
            [
              53,
              10
            ],
            [
              54,
              10
            ],
            [
              56,
              8
            ],
            [
              57,
              8
            ],
            [
              57,
              5
            ],
            [
              56,
              4
            ]
          ]
        ]
      },
      "properties": {
        "objectType": "annotation",
        "classification": {
          "name": "Inflammatory",
          "color": [
            0,
            0,
            255
          ]
        },
        "isLocked": false,
        "measurements": []
      }
    },
    {
      "type": "Feature",
      "id": "PathAnnotationObject",
      "geometry": {
        "type": "Polygon",
        "coordinates": [
          [
            [
              111,
              3
            ],
            [
              109,
              5
            ],
            [
              109,
              8
            ],
            [
              110,
              8
            ],
            [
              111,
              9
            ],
            [
              111,
              10
            ],
            [
              112,
              11
            ],
            [
              112,
              12
            ],
            [
              115,
              12
            ],
            [
              115,
              11
            ],
            [
              116,
              10
            ],
            [
              117,
              10
            ],
            [
              117,
              8
            ],
            [
              116,
              7
            ],
            [
              116,
              6
            ],
            [
              115,
              5
            ],
            [
              115,
              4
            ],
            [
              113,
              4
            ],
            [
              112,
              3
            ],
            [
              111,
              3
            ]
          ]
        ]
      },
      "properties": {
        "objectType": "annotation",
        "classification": {
          "name": "Neoplastic",
          "color": [
            255,
            0,
            0
          ]
        },
        "isLocked": false,
        "measurements": []
      }
    },
    {
      "type": "Feature",
      "id": "PathAnnotationObject",
      "geometry": {
        "type": "Polygon",
        "coordinates": [
          [
            [
              235,
              1
            ],
            [
              234,
              1
            ],
            [
              232,
              4
            ],
            [
              231,
              4
            ],
            [
              230,
              3
            ],
            [
              228,
              3
            ],
            [
              227,
              4
            ],
            [
              227,
              7
            ],
            [
              228,
              8
            ],
            [
              228,
              10
            ],
            [
              230,
              12
            ],
            [
              231,
              12
            ],
            [
              232,
              11
            ],
            [
              234,
              11
            ],
            [
              235,
              10
            ],
            [
              237,
              10
            ],
            [
              237,
              9
            ],
            [
              239,
              6
            ],
            [
              238,
              5
            ],
            [
              238,
              4
            ],
            [
              235,
              1
            ]
          ]
        ]
      },
      "properties": {
        "objectType": "annotation",
        "classification": {
          "name": "Inflammatory",
          "color": [
            0,
            0,
            255
          ]
        },
        "isLocked": false,
        "measurements": []
      }
    },
    {
      "type": "Feature",
      "id": "PathAnnotationObject",
      "geometry": {
        "type": "Polygon",
        "coordinates": [
          [
            [
              150,
              4
            ],
            [
              149,
              4
            ],
            [
              147,
              6
            ],
            [
              145,
              6
            ],
            [
              146,
              7
            ],
            [
              145,
              8
            ],
            [
              145,
              14
            ],
            [
              146,
              15
            ],
            [
              148,
              15
            ],
            [
              149,
              16
            ],
            [
              150,
              15
            ],
            [
              151,
              15
            ],
            [
              151,
              14
            ],
            [
              152,
              13
            ],
            [
              152,
              11
            ],
            [
              153,
              10
            ],
            [
              152,
              9
            ],
            [
              152,
              6
            ],
            [
              150,
              4
            ]
          ]
        ]
      },
      "properties": {
        "objectType": "annotation",
        "classification": {
          "name": "Neoplastic",
          "color": [
            255,
            0,
            0
          ]
        },
        "isLocked": false,
        "measurements": []
      }
    },
    {
      "type": "Feature",
      "id": "PathAnnotationObject",
      "geometry": {
        "type": "Polygon",
        "coordinates": [
          [
            [
              171,
              8
            ],
            [
              169,
              8
            ],
            [
              168,
              9
            ],
            [
              167,
              9
            ],
            [
              167,
              10
            ],
            [
              166,
              11
            ],
            [
              165,
              11
            ],
            [
              165,
              12
            ],
            [
              166,
              13
            ],
            [
              166,
              14
            ],
            [
              167,
              14
            ],
            [
              168,
              15
            ],
            [
              169,
              14
            ],
            [
              171,
              14
            ],
            [
              172,
              13
            ],
            [
              173,
              13
            ],
            [
              173,
              10
            ],
            [
              171,
              8
            ]
          ]
        ]
      },
      "properties": {
        "objectType": "annotation",
        "classification": {
          "name": "Inflammatory",
          "color": [
            0,
            0,
            255
          ]
        },
        "isLocked": false,
        "measurements": []
      }
    },
    {
      "type": "Feature",
      "id": "PathAnnotationObject",
      "geometry": {
        "type": "Polygon",
        "coordinates": [
          [
            [
              194,
              7
            ],
            [
              192,
              9
            ],
            [
              192,
              12
            ],
            [
              195,
              15
            ],
            [
              197,
              15
            ],
            [
              198,
              14
            ],
            [
              198,
              9
            ],
            [
              197,
              8
            ],
            [
              196,
              8
            ],
            [
              195,
              7
            ],
            [
              194,
              7
            ]
          ]
        ]
      },
      "properties": {
        "objectType": "annotation",
        "classification": {
          "name": "Inflammatory",
          "color": [
            0,
            0,
            255
          ]
        },
        "isLocked": false,
        "measurements": []
      }
    },
    {
      "type": "Feature",
      "id": "PathAnnotationObject",
      "geometry": {
        "type": "Polygon",
        "coordinates": [
          [
            [
              53,
              13
            ],
            [
              55,
              15
            ],
            [
              60,
              15
            ],
            [
              60,
              11
            ],
            [
              58,
              9
            ],
            [
              56,
              9
            ],
            [
              54,
              11
            ],
            [
              54,
              12
            ],
            [
              53,
              13
            ]
          ]
        ]
      },
      "properties": {
        "objectType": "annotation",
        "classification": {
          "name": "Inflammatory",
          "color": [
            0,
            0,
            255
          ]
        },
        "isLocked": false,
        "measurements": []
      }
    },
    {
      "type": "Feature",
      "id": "PathAnnotationObject",
      "geometry": {
        "type": "Polygon",
        "coordinates": [
          [
            [
              40,
              10
            ],
            [
              39,
              10
            ],
            [
              36,
              13
            ],
            [
              36,
              17
            ],
            [
              42,
              17
            ],
            [
              42,
              16
            ],
            [
              43,
              15
            ],
            [
              43,
              14
            ],
            [
              42,
              13
            ],
            [
              42,
              12
            ],
            [
              40,
              10
            ]
          ]
        ]
      },
      "properties": {
        "objectType": "annotation",
        "classification": {
          "name": "Inflammatory",
          "color": [
            0,
            0,
            255
          ]
        },
        "isLocked": false,
        "measurements": []
      }
    },
    {
      "type": "Feature",
      "id": "PathAnnotationObject",
      "geometry": {
        "type": "Polygon",
        "coordinates": [
          [
            [
              7,
              11
            ],
            [
              4,
              11
            ],
            [
              2,
              13
            ],
            [
              1,
              13
            ],
            [
              0,
              14
            ],
            [
              0,
              20
            ],
            [
              3,
              20
            ],
            [
              5,
              22
            ],
            [
              5,
              21
            ],
            [
              6,
              20
            ],
            [
              7,
              20
            ],
            [
              7,
              18
            ],
            [
              8,
              17
            ],
            [
              8,
              16
            ],
            [
              9,
              15
            ],
            [
              9,
              13
            ],
            [
              7,
              11
            ]
          ]
        ]
      },
      "properties": {
        "objectType": "annotation",
        "classification": {
          "name": "Connective",
          "color": [
            0,
            255,
            0
          ]
        },
        "isLocked": false,
        "measurements": []
      }
    },
    {
      "type": "Feature",
      "id": "PathAnnotationObject",
      "geometry": {
        "type": "Polygon",
        "coordinates": [
          [
            [
              86,
              13
            ],
            [
              86,
              18
            ],
            [
              91,
              18
            ],
            [
              92,
              17
            ],
            [
              93,
              17
            ],
            [
              93,
              15
            ],
            [
              92,
              16
            ],
            [
              91,
              16
            ],
            [
              90,
              15
            ],
            [
              90,
              14
            ],
            [
              88,
              14
            ],
            [
              87,
              13
            ],
            [
              86,
              13
            ]
          ]
        ]
      },
      "properties": {
        "objectType": "annotation",
        "classification": {
          "name": "Neoplastic",
          "color": [
            255,
            0,
            0
          ]
        },
        "isLocked": false,
        "measurements": []
      }
    },
    {
      "type": "Feature",
      "id": "PathAnnotationObject",
      "geometry": {
        "type": "Polygon",
        "coordinates": [
          [
            [
              116,
              11
            ],
            [
              116,
              12
            ],
            [
              115,
              13
            ],
            [
              113,
              13
            ],
            [
              113,
              14
            ],
            [
              112,
              15
            ],
            [
              112,
              17
            ],
            [
              114,
              19
            ],
            [
              114,
              20
            ],
            [
              115,
              20
            ],
            [
              117,
              22
            ],
            [
              120,
              22
            ],
            [
              120,
              21
            ],
            [
              121,
              20
            ],
            [
              122,
              20
            ],
            [
              122,
              19
            ],
            [
              125,
              17
            ],
            [
              125,
              15
            ],
            [
              122,
              12
            ],
            [
              121,
              12
            ],
            [
              120,
              11
            ],
            [
              116,
              11
            ]
          ]
        ]
      },
      "properties": {
        "objectType": "annotation",
        "classification": {
          "name": "Neoplastic",
          "color": [
            255,
            0,
            0
          ]
        },
        "isLocked": false,
        "measurements": []
      }
    },
    {
      "type": "Feature",
      "id": "PathAnnotationObject",
      "geometry": {
        "type": "Polygon",
        "coordinates": [
          [
            [
              24,
              13
            ],
            [
              21,
              12
            ],
            [
              18,
              14
            ],
            [
              17,
              13
            ],
            [
              14,
              13
            ],
            [
              13,
              14
            ],
            [
              13,
              16
            ],
            [
              14,
              17
            ],
            [
              14,
              22
            ],
            [
              16,
              24
            ],
            [
              17,
              24
            ],
            [
              17,
              23
            ],
            [
              18,
              22
            ],
            [
              19,
              22
            ],
            [
              22,
              19
            ],
            [
              24,
              13
            ]
          ]
        ]
      },
      "properties": {
        "objectType": "annotation",
        "classification": {
          "name": "Inflammatory",
          "color": [
            0,
            0,
            255
          ]
        },
        "isLocked": false,
        "measurements": []
      }
    },
    {
      "type": "Feature",
      "id": "PathAnnotationObject",
      "geometry": {
        "type": "Polygon",
        "coordinates": [
          [
            [
              165,
              13
            ],
            [
              163,
              15
            ],
            [
              162,
              15
            ],
            [
              161,
              16
            ],
            [
              161,
              18
            ],
            [
              162,
              19
            ],
            [
              162,
              20
            ],
            [
              163,
              21
            ],
            [
              165,
              21
            ],
            [
              166,
              20
            ],
            [
              166,
              19
            ],
            [
              167,
              18
            ],
            [
              166,
              17
            ],
            [
              166,
              16
            ],
            [
              167,
              15
            ],
            [
              166,
              15
            ],
            [
              165,
              14
            ],
            [
              165,
              13
            ]
          ]
        ]
      },
      "properties": {
        "objectType": "annotation",
        "classification": {
          "name": "Inflammatory",
          "color": [
            0,
            0,
            255
          ]
        },
        "isLocked": false,
        "measurements": []
      }
    },
    {
      "type": "Feature",
      "id": "PathAnnotationObject",
      "geometry": {
        "type": "Polygon",
        "coordinates": [
          [
            [
              186,
              13
            ],
            [
              186,
              14
            ],
            [
              185,
              15
            ],
            [
              185,
              17
            ],
            [
              186,
              18
            ],
            [
              186,
              20
            ],
            [
              187,
              21
            ],
            [
              189,
              21
            ],
            [
              190,
              22
            ],
            [
              193,
              19
            ],
            [
              193,
              16
            ],
            [
              190,
              13
            ],
            [
              186,
              13
            ]
          ]
        ]
      },
      "properties": {
        "objectType": "annotation",
        "classification": {
          "name": "Connective",
          "color": [
            0,
            255,
            0
          ]
        },
        "isLocked": false,
        "measurements": []
      }
    },
    {
      "type": "Feature",
      "id": "PathAnnotationObject",
      "geometry": {
        "type": "Polygon",
        "coordinates": [
          [
            [
              209,
              13
            ],
            [
              208,
              14
            ],
            [
              207,
              14
            ],
            [
              207,
              15
            ],
            [
              206,
              16
            ],
            [
              206,
              20
            ],
            [
              207,
              20
            ],
            [
              208,
              21
            ],
            [
              209,
              20
            ],
            [
              210,
              21
            ],
            [
              210,
              22
            ],
            [
              211,
              23
            ],
            [
              212,
              23
            ],
            [
              212,
              22
            ],
            [
              213,
              21
            ],
            [
              213,
              18
            ],
            [
              212,
              17
            ],
            [
              212,
              16
            ],
            [
              209,
              13
            ]
          ]
        ]
      },
      "properties": {
        "objectType": "annotation",
        "classification": {
          "name": "Connective",
          "color": [
            0,
            255,
            0
          ]
        },
        "isLocked": false,
        "measurements": []
      }
    },
    {
      "type": "Feature",
      "id": "PathAnnotationObject",
      "geometry": {
        "type": "Polygon",
        "coordinates": [
          [
            [
              94,
              15
            ],
            [
              94,
              17
            ],
            [
              93,
              18
            ],
            [
              92,
              18
            ],
            [
              92,
              20
            ],
            [
              93,
              20
            ],
            [
              94,
              21
            ],
            [
              94,
              22
            ],
            [
              95,
              22
            ],
            [
              96,
              23
            ],
            [
              96,
              24
            ],
            [
              100,
              24
            ],
            [
              102,
              22
            ],
            [
              102,
              20
            ],
            [
              103,
              19
            ],
            [
              103,
              18
            ],
            [
              102,
              17
            ],
            [
              102,
              16
            ],
            [
              101,
              16
            ],
            [
              100,
              15
            ],
            [
              97,
              15
            ],
            [
              96,
              14
            ],
            [
              95,
              15
            ],
            [
              94,
              15
            ]
          ]
        ]
      },
      "properties": {
        "objectType": "annotation",
        "classification": {
          "name": "Neoplastic",
          "color": [
            255,
            0,
            0
          ]
        },
        "isLocked": false,
        "measurements": []
      }
    },
    {
      "type": "Feature",
      "id": "PathAnnotationObject",
      "geometry": {
        "type": "Polygon",
        "coordinates": [
          [
            [
              136,
              15
            ],
            [
              134,
              18
            ],
            [
              135,
              19
            ],
            [
              135,
              21
            ],
            [
              136,
              22
            ],
            [
              136,
              23
            ],
            [
              137,
              24
            ],
            [
              139,
              24
            ],
            [
              140,
              25
            ],
            [
              145,
              25
            ],
            [
              146,
              24
            ],
            [
              146,
              21
            ],
            [
              145,
              20
            ],
            [
              145,
              19
            ],
            [
              144,
              18
            ],
            [
              144,
              17
            ],
            [
              142,
              15
            ],
            [
              142,
              14
            ],
            [
              138,
              14
            ],
            [
              137,
              15
            ],
            [
              136,
              15
            ]
          ]
        ]
      },
      "properties": {
        "objectType": "annotation",
        "classification": {
          "name": "Neoplastic",
          "color": [
            255,
            0,
            0
          ]
        },
        "isLocked": false,
        "measurements": []
      }
    },
    {
      "type": "Feature",
      "id": "PathAnnotationObject",
      "geometry": {
        "type": "Polygon",
        "coordinates": [
          [
            [
              229,
              18
            ],
            [
              228,
              18
            ],
            [
              227,
              17
            ],
            [
              225,
              17
            ],
            [
              224,
              18
            ],
            [
              223,
              18
            ],
            [
              223,
              23
            ],
            [
              227,
              23
            ],
            [
              229,
              21
            ],
            [
              229,
              18
            ]
          ]
        ]
      },
      "properties": {
        "objectType": "annotation",
        "classification": {
          "name": "Inflammatory",
          "color": [
            0,
            0,
            255
          ]
        },
        "isLocked": false,
        "measurements": []
      }
    },
    {
      "type": "Feature",
      "id": "PathAnnotationObject",
      "geometry": {
        "type": "Polygon",
        "coordinates": [
          [
            [
              48,
              22
            ],
            [
              48,
              23
            ],
            [
              49,
              24
            ],
            [
              50,
              24
            ],
            [
              51,
              25
            ],
            [
              52,
              25
            ],
            [
              53,
              24
            ],
            [
              54,
              24
            ],
            [
              54,
              22
            ],
            [
              52,
              20
            ],
            [
              50,
              20
            ],
            [
              48,
              22
            ]
          ]
        ]
      },
      "properties": {
        "objectType": "annotation",
        "classification": {
          "name": "Inflammatory",
          "color": [
            0,
            0,
            255
          ]
        },
        "isLocked": false,
        "measurements": []
      }
    },
    {
      "type": "Feature",
      "id": "PathAnnotationObject",
      "geometry": {
        "type": "Polygon",
        "coordinates": [
          [
            [
              181,
              19
            ],
            [
              180,
              19
            ],
            [
              177,
              22
            ],
            [
              177,
              23
            ],
            [
              176,
              24
            ],
            [
              177,
              25
            ],
            [
              178,
              25
            ],
            [
              179,
              26
            ],
            [
              181,
              26
            ],
            [
              183,
              24
            ],
            [
              183,
              22
            ],
            [
              182,
              21
            ],
            [
              182,
              20
            ],
            [
              181,
              19
            ]
          ]
        ]
      },
      "properties": {
        "objectType": "annotation",
        "classification": {
          "name": "Connective",
          "color": [
            0,
            255,
            0
          ]
        },
        "isLocked": false,
        "measurements": []
      }
    },
    {
      "type": "Feature",
      "id": "PathAnnotationObject",
      "geometry": {
        "type": "Polygon",
        "coordinates": [
          [
            [
              194,
              19
            ],
            [
              191,
              22
            ],
            [
              191,
              25
            ],
            [
              192,
              26
            ],
            [
              192,
              27
            ],
            [
              198,
              27
            ],
            [
              198,
              25
            ],
            [
              199,
              24
            ],
            [
              198,
              23
            ],
            [
              198,
              22
            ],
            [
              197,
              21
            ],
            [
              197,
              20
            ],
            [
              196,
              19
            ],
            [
              194,
              19
            ]
          ]
        ]
      },
      "properties": {
        "objectType": "annotation",
        "classification": {
          "name": "Inflammatory",
          "color": [
            0,
            0,
            255
          ]
        },
        "isLocked": false,
        "measurements": []
      }
    },
    {
      "type": "Feature",
      "id": "PathAnnotationObject",
      "geometry": {
        "type": "Polygon",
        "coordinates": [
          [
            [
              43,
              19
            ],
            [
              40,
              22
            ],
            [
              40,
              23
            ],
            [
              39,
              24
            ],
            [
              44,
              29
            ],
            [
              46,
              29
            ],
            [
              47,
              28
            ],
            [
              47,
              22
            ],
            [
              46,
              21
            ],
            [
              45,
              21
            ],
            [
              43,
              19
            ]
          ]
        ]
      },
      "properties": {
        "objectType": "annotation",
        "classification": {
          "name": "Inflammatory",
          "color": [
            0,
            0,
            255
          ]
        },
        "isLocked": false,
        "measurements": []
      }
    },
    {
      "type": "Feature",
      "id": "PathAnnotationObject",
      "geometry": {
        "type": "Polygon",
        "coordinates": [
          [
            [
              239,
              20
            ],
            [
              237,
              20
            ],
            [
              234,
              23
            ],
            [
              233,
              23
            ],
            [
              233,
              26
            ],
            [
              234,
              27
            ],
            [
              235,
              27
            ],
            [
              236,
              28
            ],
            [
              238,
              28
            ],
            [
              239,
              27
            ],
            [
              240,
              27
            ],
            [
              241,
              26
            ],
            [
              241,
              23
            ],
            [
              239,
              21
            ],
            [
              239,
              20
            ]
          ]
        ]
      },
      "properties": {
        "objectType": "annotation",
        "classification": {
          "name": "Inflammatory",
          "color": [
            0,
            0,
            255
          ]
        },
        "isLocked": false,
        "measurements": []
      }
    },
    {
      "type": "Feature",
      "id": "PathAnnotationObject",
      "geometry": {
        "type": "Polygon",
        "coordinates": [
          [
            [
              211,
              24
            ],
            [
              210,
              23
            ],
            [
              208,
              23
            ],
            [
              207,
              22
            ],
            [
              207,
              21
            ],
            [
              204,
              21
            ],
            [
              202,
              23
            ],
            [
              202,
              25
            ],
            [
              200,
              27
            ],
            [
              199,
              27
            ],
            [
              198,
              30
            ],
            [
              196,
              32
            ],
            [
              198,
              34
            ],
            [
              200,
              34
            ],
            [
              204,
              30
            ],
            [
              205,
              30
            ],
            [
              207,
              28
            ],
            [
              207,
              27
            ],
            [
              210,
              24
            ],
            [
              211,
              24
            ]
          ]
        ]
      },
      "properties": {
        "objectType": "annotation",
        "classification": {
          "name": "Inflammatory",
          "color": [
            0,
            0,
            255
          ]
        },
        "isLocked": false,
        "measurements": []
      }
    },
    {
      "type": "Feature",
      "id": "PathAnnotationObject",
      "geometry": {
        "type": "Polygon",
        "coordinates": [
          [
            [
              3,
              21
            ],
            [
              3,
              22
            ],
            [
              4,
              23
            ],
            [
              4,
              24
            ],
            [
              3,
              25
            ],
            [
              3,
              27
            ],
            [
              4,
              28
            ],
            [
              4,
              29
            ],
            [
              7,
              29
            ],
            [
              7,
              21
            ],
            [
              6,
              21
            ],
            [
              6,
              22
            ],
            [
              5,
              23
            ],
            [
              3,
              21
            ]
          ]
        ]
      },
      "properties": {
        "objectType": "annotation",
        "classification": {
          "name": "Inflammatory",
          "color": [
            0,
            0,
            255
          ]
        },
        "isLocked": false,
        "measurements": []
      }
    },
    {
      "type": "Feature",
      "id": "PathAnnotationObject",
      "geometry": {
        "type": "Polygon",
        "coordinates": [
          [
            [
              120,
              24
            ],
            [
              119,
              25
            ],
            [
              118,
              25
            ],
            [
              118,
              32
            ],
            [
              119,
              33
            ],
            [
              119,
              34
            ],
            [
              122,
              34
            ],
            [
              124,
              32
            ],
            [
              124,
              31
            ],
            [
              125,
              30
            ],
            [
              125,
              28
            ],
            [
              124,
              27
            ],
            [
              124,
              25
            ],
            [
              123,
              25
            ],
            [
              122,
              24
            ],
            [
              120,
              24
            ]
          ]
        ]
      },
      "properties": {
        "objectType": "annotation",
        "classification": {
          "name": "Neoplastic",
          "color": [
            255,
            0,
            0
          ]
        },
        "isLocked": false,
        "measurements": []
      }
    },
    {
      "type": "Feature",
      "id": "PathAnnotationObject",
      "geometry": {
        "type": "Polygon",
        "coordinates": [
          [
            [
              247,
              24
            ],
            [
              246,
              25
            ],
            [
              245,
              25
            ],
            [
              245,
              30
            ],
            [
              247,
              32
            ],
            [
              249,
              32
            ],
            [
              249,
              31
            ],
            [
              251,
              29
            ],
            [
              251,
              28
            ],
            [
              250,
              27
            ],
            [
              250,
              26
            ],
            [
              249,
              25
            ],
            [
              248,
              25
            ],
            [
              247,
              24
            ]
          ]
        ]
      },
      "properties": {
        "objectType": "annotation",
        "classification": {
          "name": "Inflammatory",
          "color": [
            0,
            0,
            255
          ]
        },
        "isLocked": false,
        "measurements": []
      }
    },
    {
      "type": "Feature",
      "id": "PathAnnotationObject",
      "geometry": {
        "type": "Polygon",
        "coordinates": [
          [
            [
              147,
              26
            ],
            [
              144,
              29
            ],
            [
              144,
              31
            ],
            [
              145,
              32
            ],
            [
              147,
              32
            ],
            [
              149,
              30
            ],
            [
              149,
              28
            ],
            [
              147,
              26
            ]
          ]
        ]
      },
      "properties": {
        "objectType": "annotation",
        "classification": {
          "name": "Connective",
          "color": [
            0,
            255,
            0
          ]
        },
        "isLocked": false,
        "measurements": []
      }
    },
    {
      "type": "Feature",
      "id": "PathAnnotationObject",
      "geometry": {
        "type": "Polygon",
        "coordinates": [
          [
            [
              65,
              30
            ],
            [
              65,
              32
            ],
            [
              66,
              33
            ],
            [
              66,
              34
            ],
            [
              67,
              34
            ],
            [
              68,
              35
            ],
            [
              74,
              35
            ],
            [
              75,
              34
            ],
            [
              77,
              34
            ],
            [
              79,
              32
            ],
            [
              79,
              30
            ],
            [
              78,
              29
            ],
            [
              78,
              28
            ],
            [
              76,
              26
            ],
            [
              70,
              26
            ],
            [
              70,
              27
            ],
            [
              69,
              28
            ],
            [
              68,
              28
            ],
            [
              66,
              30
            ],
            [
              65,
              30
            ]
          ]
        ]
      },
      "properties": {
        "objectType": "annotation",
        "classification": {
          "name": "Neoplastic",
          "color": [
            255,
            0,
            0
          ]
        },
        "isLocked": false,
        "measurements": []
      }
    },
    {
      "type": "Feature",
      "id": "PathAnnotationObject",
      "geometry": {
        "type": "Polygon",
        "coordinates": [
          [
            [
              172,
              27
            ],
            [
              171,
              28
            ],
            [
              170,
              28
            ],
            [
              170,
              29
            ],
            [
              169,
              30
            ],
            [
              169,
              31
            ],
            [
              172,
              34
            ],
            [
              173,
              34
            ],
            [
              173,
              33
            ],
            [
              175,
              31
            ],
            [
              175,
              29
            ],
            [
              173,
              27
            ],
            [
              172,
              27
            ]
          ]
        ]
      },
      "properties": {
        "objectType": "annotation",
        "classification": {
          "name": "Inflammatory",
          "color": [
            0,
            0,
            255
          ]
        },
        "isLocked": false,
        "measurements": []
      }
    },
    {
      "type": "Feature",
      "id": "PathAnnotationObject",
      "geometry": {
        "type": "Polygon",
        "coordinates": [
          [
            [
              217,
              23
            ],
            [
              216,
              24
            ],
            [
              216,
              29
            ],
            [
              217,
              29
            ],
            [
              218,
              30
            ],
            [
              218,
              31
            ],
            [
              221,
              34
            ],
            [
              224,
              34
            ],
            [
              224,
              33
            ],
            [
              226,
              30
            ],
            [
              226,
              28
            ],
            [
              225,
              28
            ],
            [
              224,
              27
            ],
            [
              223,
              27
            ],
            [
              222,
              26
            ],
            [
              222,
              24
            ],
            [
              220,
              22
            ],
            [
              219,
              23
            ],
            [
              217,
              23
            ]
          ]
        ]
      },
      "properties": {
        "objectType": "annotation",
        "classification": {
          "name": "Inflammatory",
          "color": [
            0,
            0,
            255
          ]
        },
        "isLocked": false,
        "measurements": []
      }
    },
    {
      "type": "Feature",
      "id": "PathAnnotationObject",
      "geometry": {
        "type": "Polygon",
        "coordinates": [
          [
            [
              27,
              31
            ],
            [
              25,
              33
            ],
            [
              25,
              36
            ],
            [
              26,
              37
            ],
            [
              27,
              37
            ],
            [
              30,
              40
            ],
            [
              30,
              41
            ],
            [
              31,
              42
            ],
            [
              32,
              41
            ],
            [
              33,
              41
            ],
            [
              34,
              40
            ],
            [
              34,
              36
            ],
            [
              33,
              36
            ],
            [
              32,
              35
            ],
            [
              32,
              33
            ],
            [
              30,
              31
            ],
            [
              27,
              31
            ]
          ]
        ]
      },
      "properties": {
        "objectType": "annotation",
        "classification": {
          "name": "Inflammatory",
          "color": [
            0,
            0,
            255
          ]
        },
        "isLocked": false,
        "measurements": []
      }
    },
    {
      "type": "Feature",
      "id": "PathAnnotationObject",
      "geometry": {
        "type": "Polygon",
        "coordinates": [
          [
            [
              230,
              31
            ],
            [
              229,
              32
            ],
            [
              228,
              32
            ],
            [
              228,
              37
            ],
            [
              229,
              37
            ],
            [
              230,
              38
            ],
            [
              232,
              38
            ],
            [
              232,
              36
            ],
            [
              234,
              34
            ],
            [
              234,
              32
            ],
            [
              233,
              31
            ],
            [
              230,
              31
            ]
          ]
        ]
      },
      "properties": {
        "objectType": "annotation",
        "classification": {
          "name": "Inflammatory",
          "color": [
            0,
            0,
            255
          ]
        },
        "isLocked": false,
        "measurements": []
      }
    },
    {
      "type": "Feature",
      "id": "PathAnnotationObject",
      "geometry": {
        "type": "Polygon",
        "coordinates": [
          [
            [
              186,
              32
            ],
            [
              186,
              35
            ],
            [
              187,
              36
            ],
            [
              187,
              37
            ],
            [
              191,
              37
            ],
            [
              194,
              34
            ],
            [
              194,
              33
            ],
            [
              192,
              31
            ],
            [
              187,
              31
            ],
            [
              186,
              32
            ]
          ]
        ]
      },
      "properties": {
        "objectType": "annotation",
        "classification": {
          "name": "Connective",
          "color": [
            0,
            255,
            0
          ]
        },
        "isLocked": false,
        "measurements": []
      }
    },
    {
      "type": "Feature",
      "id": "PathAnnotationObject",
      "geometry": {
        "type": "Polygon",
        "coordinates": [
          [
            [
              161,
              29
            ],
            [
              160,
              30
            ],
            [
              159,
              30
            ],
            [
              159,
              32
            ],
            [
              158,
              33
            ],
            [
              158,
              34
            ],
            [
              156,
              36
            ],
            [
              156,
              39
            ],
            [
              157,
              40
            ],
            [
              158,
              40
            ],
            [
              159,
              39
            ],
            [
              161,
              39
            ],
            [
              161,
              37
            ],
            [
              162,
              36
            ],
            [
              162,
              35
            ],
            [
              163,
              34
            ],
            [
              163,
              31
            ],
            [
              161,
              29
            ]
          ]
        ]
      },
      "properties": {
        "objectType": "annotation",
        "classification": {
          "name": "Connective",
          "color": [
            0,
            255,
            0
          ]
        },
        "isLocked": false,
        "measurements": []
      }
    },
    {
      "type": "Feature",
      "id": "PathAnnotationObject",
      "geometry": {
        "type": "Polygon",
        "coordinates": [
          [
            [
              240,
              32
            ],
            [
              238,
              34
            ],
            [
              238,
              35
            ],
            [
              237,
              36
            ],
            [
              237,
              37
            ],
            [
              238,
              38
            ],
            [
              238,
              39
            ],
            [
              237,
              40
            ],
            [
              237,
              42
            ],
            [
              236,
              43
            ],
            [
              236,
              44
            ],
            [
              240,
              44
            ],
            [
              240,
              43
            ],
            [
              243,
              40
            ],
            [
              244,
              40
            ],
            [
              244,
              39
            ],
            [
              245,
              38
            ],
            [
              245,
              36
            ],
            [
              242,
              33
            ],
            [
              241,
              33
            ],
            [
              240,
              32
            ]
          ]
        ]
      },
      "properties": {
        "objectType": "annotation",
        "classification": {
          "name": "Inflammatory",
          "color": [
            0,
            0,
            255
          ]
        },
        "isLocked": false,
        "measurements": []
      }
    },
    {
      "type": "Feature",
      "id": "PathAnnotationObject",
      "geometry": {
        "type": "Polygon",
        "coordinates": [
          [
            [
              18,
              35
            ],
            [
              16,
              35
            ],
            [
              14,
              37
            ],
            [
              14,
              43
            ],
            [
              17,
              46
            ],
            [
              20,
              43
            ],
            [
              20,
              38
            ],
            [
              19,
              37
            ],
            [
              19,
              36
            ],
            [
              18,
              35
            ]
          ]
        ]
      },
      "properties": {
        "objectType": "annotation",
        "classification": {
          "name": "Inflammatory",
          "color": [
            0,
            0,
            255
          ]
        },
        "isLocked": false,
        "measurements": []
      }
    },
    {
      "type": "Feature",
      "id": "PathAnnotationObject",
      "geometry": {
        "type": "Polygon",
        "coordinates": [
          [
            [
              130,
              33
            ],
            [
              127,
              33
            ],
            [
              120,
              40
            ],
            [
              120,
              44
            ],
            [
              121,
              44
            ],
            [
              123,
              46
            ],
            [
              125,
              46
            ],
            [
              125,
              45
            ],
            [
              126,
              44
            ],
            [
              128,
              44
            ],
            [
              129,
              43
            ],
            [
              129,
              42
            ],
            [
              131,
              39
            ],
            [
              131,
              35
            ],
            [
              130,
              34
            ],
            [
              130,
              33
            ]
          ]
        ]
      },
      "properties": {
        "objectType": "annotation",
        "classification": {
          "name": "Neoplastic",
          "color": [
            255,
            0,
            0
          ]
        },
        "isLocked": false,
        "measurements": []
      }
    },
    {
      "type": "Feature",
      "id": "PathAnnotationObject",
      "geometry": {
        "type": "Polygon",
        "coordinates": [
          [
            [
              217,
              37
            ],
            [
              216,
              37
            ],
            [
              215,
              38
            ],
            [
              214,
              38
            ],
            [
              213,
              39
            ],
            [
              213,
              42
            ],
            [
              215,
              44
            ],
            [
              217,
              44
            ],
            [
              218,
              43
            ],
            [
              218,
              39
            ],
            [
              217,
              38
            ],
            [
              217,
              37
            ]
          ]
        ]
      },
      "properties": {
        "objectType": "annotation",
        "classification": {
          "name": "Inflammatory",
          "color": [
            0,
            0,
            255
          ]
        },
        "isLocked": false,
        "measurements": []
      }
    },
    {
      "type": "Feature",
      "id": "PathAnnotationObject",
      "geometry": {
        "type": "Polygon",
        "coordinates": [
          [
            [
              165,
              38
            ],
            [
              165,
              39
            ],
            [
              164,
              40
            ],
            [
              164,
              44
            ],
            [
              165,
              44
            ],
            [
              166,
              43
            ],
            [
              168,
              43
            ],
            [
              169,
              44
            ],
            [
              169,
              43
            ],
            [
              170,
              42
            ],
            [
              170,
              40
            ],
            [
              169,
              40
            ],
            [
              168,
              39
            ],
            [
              168,
              38
            ],
            [
              165,
              38
            ]
          ]
        ]
      },
      "properties": {
        "objectType": "annotation",
        "classification": {
          "name": "Inflammatory",
          "color": [
            0,
            0,
            255
          ]
        },
        "isLocked": false,
        "measurements": []
      }
    },
    {
      "type": "Feature",
      "id": "PathAnnotationObject",
      "geometry": {
        "type": "Polygon",
        "coordinates": [
          [
            [
              180,
              40
            ],
            [
              178,
              38
            ],
            [
              176,
              38
            ],
            [
              175,
              37
            ],
            [
              174,
              37
            ],
            [
              171,
              40
            ],
            [
              171,
              42
            ],
            [
              172,
              42
            ],
            [
              173,
              43
            ],
            [
              173,
              45
            ],
            [
              174,
              45
            ],
            [
              175,
              44
            ],
            [
              178,
              44
            ],
            [
              178,
              43
            ],
            [
              179,
              42
            ],
            [
              180,
              42
            ],
            [
              180,
              40
            ]
          ]
        ]
      },
      "properties": {
        "objectType": "annotation",
        "classification": {
          "name": "Inflammatory",
          "color": [
            0,
            0,
            255
          ]
        },
        "isLocked": false,
        "measurements": []
      }
    },
    {
      "type": "Feature",
      "id": "PathAnnotationObject",
      "geometry": {
        "type": "Polygon",
        "coordinates": [
          [
            [
              45,
              36
            ],
            [
              44,
              37
            ],
            [
              44,
              38
            ],
            [
              43,
              39
            ],
            [
              43,
              41
            ],
            [
              42,
              42
            ],
            [
              43,
              43
            ],
            [
              43,
              44
            ],
            [
              46,
              44
            ],
            [
              46,
              43
            ],
            [
              47,
              42
            ],
            [
              47,
              41
            ],
            [
              46,
              40
            ],
            [
              46,
              37
            ],
            [
              45,
              36
            ]
          ]
        ]
      },
      "properties": {
        "objectType": "annotation",
        "classification": {
          "name": "Inflammatory",
          "color": [
            0,
            0,
            255
          ]
        },
        "isLocked": false,
        "measurements": []
      }
    },
    {
      "type": "Feature",
      "id": "PathAnnotationObject",
      "geometry": {
        "type": "Polygon",
        "coordinates": [
          [
            [
              109,
              38
            ],
            [
              106,
              41
            ],
            [
              106,
              44
            ],
            [
              108,
              44
            ],
            [
              109,
              45
            ],
            [
              111,
              45
            ],
            [
              112,
              44
            ],
            [
              113,
              44
            ],
            [
              113,
              40
            ],
            [
              111,
              38
            ],
            [
              109,
              38
            ]
          ]
        ]
      },
      "properties": {
        "objectType": "annotation",
        "classification": {
          "name": "Neoplastic",
          "color": [
            255,
            0,
            0
          ]
        },
        "isLocked": false,
        "measurements": []
      }
    },
    {
      "type": "Feature",
      "id": "PathAnnotationObject",
      "geometry": {
        "type": "Polygon",
        "coordinates": [
          [
            [
              94,
              37
            ],
            [
              92,
              39
            ],
            [
              92,
              43
            ],
            [
              93,
              44
            ],
            [
              96,
              44
            ],
            [
              97,
              45
            ],
            [
              97,
              46
            ],
            [
              98,
              46
            ],
            [
              99,
              47
            ],
            [
              102,
              48
            ],
            [
              104,
              46
            ],
            [
              104,
              45
            ],
            [
              105,
              44
            ],
            [
              105,
              40
            ],
            [
              102,
              38
            ],
            [
              97,
              38
            ],
            [
              96,
              37
            ],
            [
              96,
              36
            ],
            [
              95,
              37
            ],
            [
              94,
              37
            ]
          ]
        ]
      },
      "properties": {
        "objectType": "annotation",
        "classification": {
          "name": "Neoplastic",
          "color": [
            255,
            0,
            0
          ]
        },
        "isLocked": false,
        "measurements": []
      }
    },
    {
      "type": "Feature",
      "id": "PathAnnotationObject",
      "geometry": {
        "type": "Polygon",
        "coordinates": [
          [
            [
              229,
              38
            ],
            [
              227,
              38
            ],
            [
              227,
              39
            ],
            [
              225,
              41
            ],
            [
              225,
              43
            ],
            [
              224,
              44
            ],
            [
              225,
              45
            ],
            [
              225,
              46
            ],
            [
              226,
              47
            ],
            [
              228,
              47
            ],
            [
              231,
              44
            ],
            [
              232,
              44
            ],
            [
              232,
              42
            ],
            [
              230,
              40
            ],
            [
              231,
              39
            ],
            [
              230,
              39
            ],
            [
              229,
              38
            ]
          ]
        ]
      },
      "properties": {
        "objectType": "annotation",
        "classification": {
          "name": "Inflammatory",
          "color": [
            0,
            0,
            255
          ]
        },
        "isLocked": false,
        "measurements": []
      }
    },
    {
      "type": "Feature",
      "id": "PathAnnotationObject",
      "geometry": {
        "type": "Polygon",
        "coordinates": [
          [
            [
              9,
              43
            ],
            [
              8,
              44
            ],
            [
              8,
              50
            ],
            [
              9,
              51
            ],
            [
              13,
              51
            ],
            [
              13,
              50
            ],
            [
              14,
              49
            ],
            [
              14,
              48
            ],
            [
              15,
              47
            ],
            [
              16,
              47
            ],
            [
              16,
              46
            ],
            [
              13,
              43
            ],
            [
              9,
              43
            ]
          ]
        ]
      },
      "properties": {
        "objectType": "annotation",
        "classification": {
          "name": "Inflammatory",
          "color": [
            0,
            0,
            255
          ]
        },
        "isLocked": false,
        "measurements": []
      }
    },
    {
      "type": "Feature",
      "id": "PathAnnotationObject",
      "geometry": {
        "type": "Polygon",
        "coordinates": [
          [
            [
              69,
              40
            ],
            [
              67,
              42
            ],
            [
              67,
              46
            ],
            [
              68,
              47
            ],
            [
              68,
              48
            ],
            [
              69,
              49
            ],
            [
              69,
              51
            ],
            [
              73,
              51
            ],
            [
              73,
              50
            ],
            [
              74,
              49
            ],
            [
              74,
              47
            ],
            [
              75,
              46
            ],
            [
              73,
              44
            ],
            [
              73,
              43
            ],
            [
              72,
              43
            ],
            [
              69,
              40
            ]
          ]
        ]
      },
      "properties": {
        "objectType": "annotation",
        "classification": {
          "name": "Neoplastic",
          "color": [
            255,
            0,
            0
          ]
        },
        "isLocked": false,
        "measurements": []
      }
    },
    {
      "type": "Feature",
      "id": "PathAnnotationObject",
      "geometry": {
        "type": "Polygon",
        "coordinates": [
          [
            [
              206,
              46
            ],
            [
              208,
              48
            ],
            [
              208,
              49
            ],
            [
              213,
              49
            ],
            [
              213,
              45
            ],
            [
              212,
              45
            ],
            [
              211,
              44
            ],
            [
              208,
              44
            ],
            [
              206,
              46
            ]
          ]
        ]
      },
      "properties": {
        "objectType": "annotation",
        "classification": {
          "name": "Inflammatory",
          "color": [
            0,
            0,
            255
          ]
        },
        "isLocked": false,
        "measurements": []
      }
    },
    {
      "type": "Feature",
      "id": "PathAnnotationObject",
      "geometry": {
        "type": "Polygon",
        "coordinates": [
          [
            [
              78,
              46
            ],
            [
              78,
              48
            ],
            [
              79,
              49
            ],
            [
              84,
              49
            ],
            [
              85,
              48
            ],
            [
              85,
              46
            ],
            [
              84,
              45
            ],
            [
              83,
              45
            ],
            [
              82,
              44
            ],
            [
              81,
              44
            ],
            [
              80,
              45
            ],
            [
              79,
              45
            ],
            [
              78,
              46
            ]
          ]
        ]
      },
      "properties": {
        "objectType": "annotation",
        "classification": {
          "name": "Inflammatory",
          "color": [
            0,
            0,
            255
          ]
        },
        "isLocked": false,
        "measurements": []
      }
    },
    {
      "type": "Feature",
      "id": "PathAnnotationObject",
      "geometry": {
        "type": "Polygon",
        "coordinates": [
          [
            [
              142,
              45
            ],
            [
              137,
              45
            ],
            [
              135,
              47
            ],
            [
              134,
              47
            ],
            [
              133,
              48
            ],
            [
              133,
              52
            ],
            [
              138,
              52
            ],
            [
              139,
              51
            ],
            [
              141,
              51
            ],
            [
              142,
              50
            ],
            [
              142,
              45
            ]
          ]
        ]
      },
      "properties": {
        "objectType": "annotation",
        "classification": {
          "name": "Neoplastic",
          "color": [
            255,
            0,
            0
          ]
        },
        "isLocked": false,
        "measurements": []
      }
    },
    {
      "type": "Feature",
      "id": "PathAnnotationObject",
      "geometry": {
        "type": "Polygon",
        "coordinates": [
          [
            [
              241,
              45
            ],
            [
              240,
              46
            ],
            [
              240,
              49
            ],
            [
              241,
              50
            ],
            [
              241,
              51
            ],
            [
              246,
              51
            ],
            [
              246,
              47
            ],
            [
              245,
              46
            ],
            [
              245,
              45
            ],
            [
              244,
              45
            ],
            [
              243,
              46
            ],
            [
              242,
              45
            ],
            [
              241,
              45
            ]
          ]
        ]
      },
      "properties": {
        "objectType": "annotation",
        "classification": {
          "name": "Connective",
          "color": [
            0,
            255,
            0
          ]
        },
        "isLocked": false,
        "measurements": []
      }
    },
    {
      "type": "Feature",
      "id": "PathAnnotationObject",
      "geometry": {
        "type": "Polygon",
        "coordinates": [
          [
            [
              164,
              48
            ],
            [
              165,
              49
            ],
            [
              165,
              50
            ],
            [
              166,
              50
            ],
            [
              167,
              51
            ],
            [
              167,
              52
            ],
            [
              171,
              52
            ],
            [
              172,
              51
            ],
            [
              172,
              50
            ],
            [
              173,
              49
            ],
            [
              173,
              46
            ],
            [
              172,
              45
            ],
            [
              168,
              45
            ],
            [
              167,
              46
            ],
            [
              167,
              47
            ],
            [
              166,
              48
            ],
            [
              164,
              48
            ]
          ]
        ]
      },
      "properties": {
        "objectType": "annotation",
        "classification": {
          "name": "Inflammatory",
          "color": [
            0,
            0,
            255
          ]
        },
        "isLocked": false,
        "measurements": []
      }
    },
    {
      "type": "Feature",
      "id": "PathAnnotationObject",
      "geometry": {
        "type": "Polygon",
        "coordinates": [
          [
            [
              224,
              48
            ],
            [
              223,
              48
            ],
            [
              222,
              47
            ],
            [
              221,
              48
            ],
            [
              218,
              48
            ],
            [
              218,
              49
            ],
            [
              214,
              53
            ],
            [
              214,
              55
            ],
            [
              213,
              56
            ],
            [
              214,
              57
            ],
            [
              215,
              57
            ],
            [
              216,
              56
            ],
            [
              216,
              53
            ],
            [
              217,
              52
            ],
            [
              219,
              52
            ],
            [
              220,
              53
            ],
            [
              220,
              54
            ],
            [
              222,
              54
            ],
            [
              225,
              51
            ],
            [
              225,
              50
            ],
            [
              224,
              49
            ],
            [
              224,
              48
            ]
          ]
        ]
      },
      "properties": {
        "objectType": "annotation",
        "classification": {
          "name": "Neoplastic",
          "color": [
            255,
            0,
            0
          ]
        },
        "isLocked": false,
        "measurements": []
      }
    },
    {
      "type": "Feature",
      "id": "PathAnnotationObject",
      "geometry": {
        "type": "Polygon",
        "coordinates": [
          [
            [
              233,
              47
            ],
            [
              232,
              48
            ],
            [
              231,
              48
            ],
            [
              231,
              52
            ],
            [
              234,
              55
            ],
            [
              235,
              55
            ],
            [
              237,
              53
            ],
            [
              237,
              49
            ],
            [
              238,
              48
            ],
            [
              237,
              48
            ],
            [
              236,
              47
            ],
            [
              233,
              47
            ]
          ]
        ]
      },
      "properties": {
        "objectType": "annotation",
        "classification": {
          "name": "Inflammatory",
          "color": [
            0,
            0,
            255
          ]
        },
        "isLocked": false,
        "measurements": []
      }
    },
    {
      "type": "Feature",
      "id": "PathAnnotationObject",
      "geometry": {
        "type": "Polygon",
        "coordinates": [
          [
            [
              26,
              47
            ],
            [
              23,
              47
            ],
            [
              21,
              49
            ],
            [
              21,
              54
            ],
            [
              25,
              54
            ],
            [
              25,
              52
            ],
            [
              26,
              51
            ],
            [
              26,
              50
            ],
            [
              27,
              49
            ],
            [
              27,
              48
            ],
            [
              26,
              47
            ]
          ]
        ]
      },
      "properties": {
        "objectType": "annotation",
        "classification": {
          "name": "Inflammatory",
          "color": [
            0,
            0,
            255
          ]
        },
        "isLocked": false,
        "measurements": []
      }
    },
    {
      "type": "Feature",
      "id": "PathAnnotationObject",
      "geometry": {
        "type": "Polygon",
        "coordinates": [
          [
            [
              50,
              47
            ],
            [
              49,
              48
            ],
            [
              49,
              49
            ],
            [
              48,
              50
            ],
            [
              48,
              53
            ],
            [
              49,
              54
            ],
            [
              50,
              54
            ],
            [
              52,
              56
            ],
            [
              55,
              56
            ],
            [
              58,
              53
            ],
            [
              57,
              52
            ],
            [
              57,
              49
            ],
            [
              56,
              48
            ],
            [
              55,
              48
            ],
            [
              54,
              47
            ],
            [
              50,
              47
            ]
          ]
        ]
      },
      "properties": {
        "objectType": "annotation",
        "classification": {
          "name": "Neoplastic",
          "color": [
            255,
            0,
            0
          ]
        },
        "isLocked": false,
        "measurements": []
      }
    },
    {
      "type": "Feature",
      "id": "PathAnnotationObject",
      "geometry": {
        "type": "Polygon",
        "coordinates": [
          [
            [
              117,
              48
            ],
            [
              116,
              48
            ],
            [
              115,
              47
            ],
            [
              113,
              47
            ],
            [
              112,
              48
            ],
            [
              110,
              48
            ],
            [
              109,
              49
            ],
            [
              109,
              52
            ],
            [
              108,
              53
            ],
            [
              109,
              54
            ],
            [
              109,
              56
            ],
            [
              110,
              56
            ],
            [
              111,
              57
            ],
            [
              112,
              57
            ],
            [
              117,
              52
            ],
            [
              117,
              48
            ]
          ]
        ]
      },
      "properties": {
        "objectType": "annotation",
        "classification": {
          "name": "Neoplastic",
          "color": [
            255,
            0,
            0
          ]
        },
        "isLocked": false,
        "measurements": []
      }
    },
    {
      "type": "Feature",
      "id": "PathAnnotationObject",
      "geometry": {
        "type": "Polygon",
        "coordinates": [
          [
            [
              200,
              48
            ],
            [
              198,
              50
            ],
            [
              198,
              53
            ],
            [
              200,
              55
            ],
            [
              202,
              55
            ],
            [
              205,
              52
            ],
            [
              205,
              51
            ],
            [
              202,
              48
            ],
            [
              200,
              48
            ]
          ]
        ]
      },
      "properties": {
        "objectType": "annotation",
        "classification": {
          "name": "Inflammatory",
          "color": [
            0,
            0,
            255
          ]
        },
        "isLocked": false,
        "measurements": []
      }
    },
    {
      "type": "Feature",
      "id": "PathAnnotationObject",
      "geometry": {
        "type": "Polygon",
        "coordinates": [
          [
            [
              192,
              52
            ],
            [
              191,
              53
            ],
            [
              191,
              54
            ],
            [
              190,
              55
            ],
            [
              192,
              57
            ],
            [
              193,
              57
            ],
            [
              194,
              58
            ],
            [
              194,
              59
            ],
            [
              197,
              59
            ],
            [
              198,
              60
            ],
            [
              198,
              61
            ],
            [
              200,
              61
            ],
            [
              200,
              58
            ],
            [
              198,
              56
            ],
            [
              198,
              55
            ],
            [
              197,
              54
            ],
            [
              197,
              53
            ],
            [
              196,
              53
            ],
            [
              195,
              52
            ],
            [
              192,
              52
            ]
          ]
        ]
      },
      "properties": {
        "objectType": "annotation",
        "classification": {
          "name": "Inflammatory",
          "color": [
            0,
            0,
            255
          ]
        },
        "isLocked": false,
        "measurements": []
      }
    },
    {
      "type": "Feature",
      "id": "PathAnnotationObject",
      "geometry": {
        "type": "Polygon",
        "coordinates": [
          [
            [
              4,
              52
            ],
            [
              3,
              53
            ],
            [
              3,
              61
            ],
            [
              5,
              61
            ],
            [
              5,
              60
            ],
            [
              6,
              59
            ],
            [
              8,
              61
            ],
            [
              8,
              64
            ],
            [
              7,
              65
            ],
            [
              7,
              66
            ],
            [
              8,
              67
            ],
            [
              9,
              67
            ],
            [
              10,
              66
            ],
            [
              10,
              64
            ],
            [
              12,
              61
            ],
            [
              12,
              56
            ],
            [
              10,
              54
            ],
            [
              10,
              52
            ],
            [
              4,
              52
            ]
          ]
        ]
      },
      "properties": {
        "objectType": "annotation",
        "classification": {
          "name": "Inflammatory",
          "color": [
            0,
            0,
            255
          ]
        },
        "isLocked": false,
        "measurements": []
      }
    },
    {
      "type": "Feature",
      "id": "PathAnnotationObject",
      "geometry": {
        "type": "Polygon",
        "coordinates": [
          [
            [
              164,
              52
            ],
            [
              164,
              54
            ],
            [
              163,
              55
            ],
            [
              162,
              55
            ],
            [
              162,
              56
            ],
            [
              163,
              56
            ],
            [
              164,
              57
            ],
            [
              164,
              58
            ],
            [
              167,
              61
            ],
            [
              169,
              61
            ],
            [
              169,
              54
            ],
            [
              170,
              53
            ],
            [
              167,
              53
            ],
            [
              166,
              52
            ],
            [
              164,
              52
            ]
          ]
        ]
      },
      "properties": {
        "objectType": "annotation",
        "classification": {
          "name": "Inflammatory",
          "color": [
            0,
            0,
            255
          ]
        },
        "isLocked": false,
        "measurements": []
      }
    },
    {
      "type": "Feature",
      "id": "PathAnnotationObject",
      "geometry": {
        "type": "Polygon",
        "coordinates": [
          [
            [
              255,
              53
            ],
            [
              254,
              53
            ],
            [
              253,
              52
            ],
            [
              252,
              52
            ],
            [
              250,
              54
            ],
            [
              250,
              55
            ],
            [
              249,
              56
            ],
            [
              250,
              57
            ],
            [
              250,
              59
            ],
            [
              253,
              59
            ],
            [
              253,
              58
            ],
            [
              254,
              57
            ],
            [
              255,
              57
            ],
            [
              255,
              53
            ]
          ]
        ]
      },
      "properties": {
        "objectType": "annotation",
        "classification": {
          "name": "Inflammatory",
          "color": [
            0,
            0,
            255
          ]
        },
        "isLocked": false,
        "measurements": []
      }
    },
    {
      "type": "Feature",
      "id": "PathAnnotationObject",
      "geometry": {
        "type": "Polygon",
        "coordinates": [
          [
            [
              234,
              56
            ],
            [
              232,
              54
            ],
            [
              231,
              55
            ],
            [
              229,
              55
            ],
            [
              228,
              56
            ],
            [
              228,
              57
            ],
            [
              227,
              58
            ],
            [
              226,
              58
            ],
            [
              226,
              59
            ],
            [
              227,
              60
            ],
            [
              227,
              61
            ],
            [
              229,
              61
            ],
            [
              230,
              62
            ],
            [
              231,
              61
            ],
            [
              232,
              61
            ],
            [
              234,
              59
            ],
            [
              234,
              56
            ]
          ]
        ]
      },
      "properties": {
        "objectType": "annotation",
        "classification": {
          "name": "Inflammatory",
          "color": [
            0,
            0,
            255
          ]
        },
        "isLocked": false,
        "measurements": []
      }
    },
    {
      "type": "Feature",
      "id": "PathAnnotationObject",
      "geometry": {
        "type": "Polygon",
        "coordinates": [
          [
            [
              237,
              54
            ],
            [
              235,
              56
            ],
            [
              235,
              57
            ],
            [
              236,
              58
            ],
            [
              236,
              60
            ],
            [
              237,
              61
            ],
            [
              241,
              61
            ],
            [
              242,
              60
            ],
            [
              242,
              56
            ],
            [
              240,
              54
            ],
            [
              237,
              54
            ]
          ]
        ]
      },
      "properties": {
        "objectType": "annotation",
        "classification": {
          "name": "Inflammatory",
          "color": [
            0,
            0,
            255
          ]
        },
        "isLocked": false,
        "measurements": []
      }
    },
    {
      "type": "Feature",
      "id": "PathAnnotationObject",
      "geometry": {
        "type": "Polygon",
        "coordinates": [
          [
            [
              90,
              58
            ],
            [
              89,
              57
            ],
            [
              88,
              57
            ],
            [
              86,
              55
            ],
            [
              79,
              55
            ],
            [
              75,
              59
            ],
            [
              75,
              60
            ],
            [
              74,
              61
            ],
            [
              74,
              65
            ],
            [
              75,
              66
            ],
            [
              75,
              68
            ],
            [
              83,
              68
            ],
            [
              83,
              67
            ],
            [
              87,
              63
            ],
            [
              89,
              63
            ],
            [
              90,
              62
            ],
            [
              90,
              58
            ]
          ]
        ]
      },
      "properties": {
        "objectType": "annotation",
        "classification": {
          "name": "Neoplastic",
          "color": [
            255,
            0,
            0
          ]
        },
        "isLocked": false,
        "measurements": []
      }
    },
    {
      "type": "Feature",
      "id": "PathAnnotationObject",
      "geometry": {
        "type": "Polygon",
        "coordinates": [
          [
            [
              170,
              61
            ],
            [
              171,
              61
            ],
            [
              173,
              63
            ],
            [
              174,
              63
            ],
            [
              175,
              64
            ],
            [
              178,
              64
            ],
            [
              179,
              63
            ],
            [
              179,
              62
            ],
            [
              180,
              61
            ],
            [
              178,
              59
            ],
            [
              178,
              58
            ],
            [
              174,
              58
            ],
            [
              174,
              59
            ],
            [
              173,
              60
            ],
            [
              171,
              60
            ],
            [
              170,
              61
            ]
          ]
        ]
      },
      "properties": {
        "objectType": "annotation",
        "classification": {
          "name": "Neoplastic",
          "color": [
            255,
            0,
            0
          ]
        },
        "isLocked": false,
        "measurements": []
      }
    },
    {
      "type": "Feature",
      "id": "PathAnnotationObject",
      "geometry": {
        "type": "Polygon",
        "coordinates": [
          [
            [
              190,
              56
            ],
            [
              188,
              58
            ],
            [
              187,
              58
            ],
            [
              184,
              61
            ],
            [
              184,
              64
            ],
            [
              189,
              64
            ],
            [
              190,
              63
            ],
            [
              191,
              64
            ],
            [
              193,
              64
            ],
            [
              193,
              60
            ],
            [
              191,
              60
            ],
            [
              190,
              59
            ],
            [
              190,
              56
            ]
          ]
        ]
      },
      "properties": {
        "objectType": "annotation",
        "classification": {
          "name": "Inflammatory",
          "color": [
            0,
            0,
            255
          ]
        },
        "isLocked": false,
        "measurements": []
      }
    },
    {
      "type": "Feature",
      "id": "PathAnnotationObject",
      "geometry": {
        "type": "Polygon",
        "coordinates": [
          [
            [
              139,
              60
            ],
            [
              138,
              60
            ],
            [
              136,
              58
            ],
            [
              134,
              58
            ],
            [
              130,
              62
            ],
            [
              129,
              62
            ],
            [
              128,
              63
            ],
            [
              128,
              64
            ],
            [
              129,
              65
            ],
            [
              129,
              66
            ],
            [
              130,
              66
            ],
            [
              131,
              67
            ],
            [
              132,
              67
            ],
            [
              133,
              66
            ],
            [
              135,
              66
            ],
            [
              135,
              65
            ],
            [
              136,
              64
            ],
            [
              139,
              64
            ],
            [
              139,
              60
            ]
          ]
        ]
      },
      "properties": {
        "objectType": "annotation",
        "classification": {
          "name": "Neoplastic",
          "color": [
            255,
            0,
            0
          ]
        },
        "isLocked": false,
        "measurements": []
      }
    },
    {
      "type": "Feature",
      "id": "PathAnnotationObject",
      "geometry": {
        "type": "Polygon",
        "coordinates": [
          [
            [
              249,
              60
            ],
            [
              248,
              61
            ],
            [
              248,
              63
            ],
            [
              247,
              64
            ],
            [
              248,
              65
            ],
            [
              248,
              66
            ],
            [
              249,
              67
            ],
            [
              249,
              68
            ],
            [
              250,
              69
            ],
            [
              253,
              69
            ],
            [
              254,
              68
            ],
            [
              254,
              67
            ],
            [
              255,
              66
            ],
            [
              255,
              62
            ],
            [
              254,
              62
            ],
            [
              253,
              61
            ],
            [
              253,
              60
            ],
            [
              249,
              60
            ]
          ]
        ]
      },
      "properties": {
        "objectType": "annotation",
        "classification": {
          "name": "Connective",
          "color": [
            0,
            255,
            0
          ]
        },
        "isLocked": false,
        "measurements": []
      }
    },
    {
      "type": "Feature",
      "id": "PathAnnotationObject",
      "geometry": {
        "type": "Polygon",
        "coordinates": [
          [
            [
              199,
              62
            ],
            [
              199,
              63
            ],
            [
              200,
              63
            ],
            [
              201,
              64
            ],
            [
              203,
              64
            ],
            [
              204,
              65
            ],
            [
              204,
              67
            ],
            [
              206,
              69
            ],
            [
              208,
              69
            ],
            [
              209,
              68
            ],
            [
              210,
              68
            ],
            [
              212,
              66
            ],
            [
              212,
              64
            ],
            [
              210,
              61
            ],
            [
              206,
              61
            ],
            [
              205,
              62
            ],
            [
              204,
              62
            ],
            [
              203,
              61
            ],
            [
              203,
              60
            ],
            [
              201,
              60
            ],
            [
              201,
              61
            ],
            [
              200,
              62
            ],
            [
              199,
              62
            ]
          ]
        ]
      },
      "properties": {
        "objectType": "annotation",
        "classification": {
          "name": "Inflammatory",
          "color": [
            0,
            0,
            255
          ]
        },
        "isLocked": false,
        "measurements": []
      }
    },
    {
      "type": "Feature",
      "id": "PathAnnotationObject",
      "geometry": {
        "type": "Polygon",
        "coordinates": [
          [
            [
              146,
              58
            ],
            [
              147,
              58
            ],
            [
              148,
              59
            ],
            [
              147,
              60
            ],
            [
              147,
              62
            ],
            [
              149,
              64
            ],
            [
              149,
              71
            ],
            [
              154,
              71
            ],
            [
              154,
              70
            ],
            [
              155,
              69
            ],
            [
              156,
              69
            ],
            [
              158,
              66
            ],
            [
              158,
              64
            ],
            [
              156,
              62
            ],
            [
              156,
              60
            ],
            [
              155,
              60
            ],
            [
              154,
              59
            ],
            [
              154,
              58
            ],
            [
              152,
              58
            ],
            [
              151,
              57
            ],
            [
              149,
              57
            ],
            [
              148,
              58
            ],
            [
              146,
              58
            ]
          ]
        ]
      },
      "properties": {
        "objectType": "annotation",
        "classification": {
          "name": "Inflammatory",
          "color": [
            0,
            0,
            255
          ]
        },
        "isLocked": false,
        "measurements": []
      }
    },
    {
      "type": "Feature",
      "id": "PathAnnotationObject",
      "geometry": {
        "type": "Polygon",
        "coordinates": [
          [
            [
              54,
              62
            ],
            [
              50,
              62
            ],
            [
              48,
              64
            ],
            [
              48,
              66
            ],
            [
              47,
              67
            ],
            [
              47,
              69
            ],
            [
              48,
              70
            ],
            [
              48,
              71
            ],
            [
              49,
              72
            ],
            [
              52,
              72
            ],
            [
              53,
              71
            ],
            [
              54,
              71
            ],
            [
              54,
              69
            ],
            [
              56,
              67
            ],
            [
              56,
              65
            ],
            [
              55,
              64
            ],
            [
              55,
              63
            ],
            [
              54,
              62
            ]
          ]
        ]
      },
      "properties": {
        "objectType": "annotation",
        "classification": {
          "name": "Neoplastic",
          "color": [
            255,
            0,
            0
          ]
        },
        "isLocked": false,
        "measurements": []
      }
    },
    {
      "type": "Feature",
      "id": "PathAnnotationObject",
      "geometry": {
        "type": "Polygon",
        "coordinates": [
          [
            [
              33,
              62
            ],
            [
              31,
              64
            ],
            [
              31,
              65
            ],
            [
              30,
              66
            ],
            [
              30,
              69
            ],
            [
              31,
              70
            ],
            [
              31,
              71
            ],
            [
              32,
              71
            ],
            [
              33,
              72
            ],
            [
              35,
              72
            ],
            [
              36,
              71
            ],
            [
              37,
              71
            ],
            [
              37,
              65
            ],
            [
              34,
              62
            ],
            [
              33,
              62
            ]
          ]
        ]
      },
      "properties": {
        "objectType": "annotation",
        "classification": {
          "name": "Neoplastic",
          "color": [
            255,
            0,
            0
          ]
        },
        "isLocked": false,
        "measurements": []
      }
    },
    {
      "type": "Feature",
      "id": "PathAnnotationObject",
      "geometry": {
        "type": "Polygon",
        "coordinates": [
          [
            [
              125,
              68
            ],
            [
              124,
              67
            ],
            [
              124,
              66
            ],
            [
              122,
              64
            ],
            [
              120,
              64
            ],
            [
              119,
              65
            ],
            [
              118,
              65
            ],
            [
              118,
              68
            ],
            [
              116,
              70
            ],
            [
              115,
              70
            ],
            [
              114,
              69
            ],
            [
              113,
              70
            ],
            [
              125,
              70
            ],
            [
              125,
              68
            ]
          ]
        ]
      },
      "properties": {
        "objectType": "annotation",
        "classification": {
          "name": "Neoplastic",
          "color": [
            255,
            0,
            0
          ]
        },
        "isLocked": false,
        "measurements": []
      }
    },
    {
      "type": "Feature",
      "id": "PathAnnotationObject",
      "geometry": {
        "type": "Polygon",
        "coordinates": [
          [
            [
              184,
              65
            ],
            [
              184,
              68
            ],
            [
              183,
              69
            ],
            [
              184,
              70
            ],
            [
              184,
              71
            ],
            [
              186,
              71
            ],
            [
              186,
              70
            ],
            [
              187,
              69
            ],
            [
              188,
              69
            ],
            [
              188,
              67
            ],
            [
              187,
              66
            ],
            [
              187,
              65
            ],
            [
              184,
              65
            ]
          ]
        ]
      },
      "properties": {
        "objectType": "annotation",
        "classification": {
          "name": "Inflammatory",
          "color": [
            0,
            0,
            255
          ]
        },
        "isLocked": false,
        "measurements": []
      }
    },
    {
      "type": "Feature",
      "id": "PathAnnotationObject",
      "geometry": {
        "type": "Polygon",
        "coordinates": [
          [
            [
              95,
              65
            ],
            [
              94,
              65
            ],
            [
              93,
              64
            ],
            [
              91,
              64
            ],
            [
              90,
              65
            ],
            [
              89,
              65
            ],
            [
              87,
              67
            ],
            [
              86,
              67
            ],
            [
              86,
              68
            ],
            [
              84,
              70
            ],
            [
              81,
              70
            ],
            [
              81,
              71
            ],
            [
              83,
              73
            ],
            [
              84,
              73
            ],
            [
              86,
              71
            ],
            [
              87,
              72
            ],
            [
              87,
              74
            ],
            [
              88,
              75
            ],
            [
              90,
              75
            ],
            [
              92,
              73
            ],
            [
              93,
              73
            ],
            [
              93,
              72
            ],
            [
              94,
              71
            ],
            [
              95,
              71
            ],
            [
              95,
              65
            ]
          ]
        ]
      },
      "properties": {
        "objectType": "annotation",
        "classification": {
          "name": "Neoplastic",
          "color": [
            255,
            0,
            0
          ]
        },
        "isLocked": false,
        "measurements": []
      }
    },
    {
      "type": "Feature",
      "id": "PathAnnotationObject",
      "geometry": {
        "type": "Polygon",
        "coordinates": [
          [
            [
              195,
              70
            ],
            [
              195,
              72
            ],
            [
              198,
              75
            ],
            [
              202,
              75
            ],
            [
              204,
              73
            ],
            [
              205,
              73
            ],
            [
              205,
              69
            ],
            [
              203,
              67
            ],
            [
              199,
              67
            ],
            [
              197,
              69
            ],
            [
              196,
              69
            ],
            [
              195,
              70
            ]
          ]
        ]
      },
      "properties": {
        "objectType": "annotation",
        "classification": {
          "name": "Inflammatory",
          "color": [
            0,
            0,
            255
          ]
        },
        "isLocked": false,
        "measurements": []
      }
    },
    {
      "type": "Feature",
      "id": "PathAnnotationObject",
      "geometry": {
        "type": "Polygon",
        "coordinates": [
          [
            [
              161,
              70
            ],
            [
              160,
              71
            ],
            [
              160,
              74
            ],
            [
              161,
              74
            ],
            [
              162,
              75
            ],
            [
              164,
              75
            ],
            [
              166,
              73
            ],
            [
              166,
              71
            ],
            [
              165,
              70
            ],
            [
              161,
              70
            ]
          ]
        ]
      },
      "properties": {
        "objectType": "annotation",
        "classification": {
          "name": "Inflammatory",
          "color": [
            0,
            0,
            255
          ]
        },
        "isLocked": false,
        "measurements": []
      }
    },
    {
      "type": "Feature",
      "id": "PathAnnotationObject",
      "geometry": {
        "type": "Polygon",
        "coordinates": [
          [
            [
              175,
              70
            ],
            [
              174,
              71
            ],
            [
              174,
              74
            ],
            [
              175,
              75
            ],
            [
              175,
              76
            ],
            [
              177,
              78
            ],
            [
              180,
              78
            ],
            [
              180,
              76
            ],
            [
              181,
              75
            ],
            [
              181,
              74
            ],
            [
              180,
              73
            ],
            [
              180,
              71
            ],
            [
              179,
              71
            ],
            [
              178,
              70
            ],
            [
              175,
              70
            ]
          ]
        ]
      },
      "properties": {
        "objectType": "annotation",
        "classification": {
          "name": "Neoplastic",
          "color": [
            255,
            0,
            0
          ]
        },
        "isLocked": false,
        "measurements": []
      }
    },
    {
      "type": "Feature",
      "id": "PathAnnotationObject",
      "geometry": {
        "type": "Polygon",
        "coordinates": [
          [
            [
              76,
              75
            ],
            [
              76,
              77
            ],
            [
              77,
              77
            ],
            [
              78,
              76
            ],
            [
              78,
              75
            ],
            [
              79,
              74
            ],
            [
              80,
              75
            ],
            [
              80,
              79
            ],
            [
              81,
              80
            ],
            [
              83,
              80
            ],
            [
              83,
              79
            ],
            [
              84,
              78
            ],
            [
              84,
              75
            ],
            [
              81,
              72
            ],
            [
              79,
              74
            ],
            [
              77,
              74
            ],
            [
              76,
              75
            ]
          ]
        ]
      },
      "properties": {
        "objectType": "annotation",
        "classification": {
          "name": "Neoplastic",
          "color": [
            255,
            0,
            0
          ]
        },
        "isLocked": false,
        "measurements": []
      }
    },
    {
      "type": "Feature",
      "id": "PathAnnotationObject",
      "geometry": {
        "type": "Polygon",
        "coordinates": [
          [
            [
              59,
              70
            ],
            [
              58,
              71
            ],
            [
              58,
              73
            ],
            [
              57,
              74
            ],
            [
              57,
              77
            ],
            [
              58,
              78
            ],
            [
              58,
              79
            ],
            [
              59,
              80
            ],
            [
              63,
              80
            ],
            [
              65,
              78
            ],
            [
              65,
              77
            ],
            [
              66,
              76
            ],
            [
              65,
              75
            ],
            [
              65,
              72
            ],
            [
              63,
              70
            ],
            [
              59,
              70
            ]
          ]
        ]
      },
      "properties": {
        "objectType": "annotation",
        "classification": {
          "name": "Neoplastic",
          "color": [
            255,
            0,
            0
          ]
        },
        "isLocked": false,
        "measurements": []
      }
    },
    {
      "type": "Feature",
      "id": "PathAnnotationObject",
      "geometry": {
        "type": "Polygon",
        "coordinates": [
          [
            [
              129,
              72
            ],
            [
              128,
              72
            ],
            [
              127,
              73
            ],
            [
              126,
              73
            ],
            [
              125,
              74
            ],
            [
              125,
              76
            ],
            [
              126,
              77
            ],
            [
              126,
              78
            ],
            [
              129,
              78
            ],
            [
              130,
              77
            ],
            [
              130,
              73
            ],
            [
              129,
              72
            ]
          ]
        ]
      },
      "properties": {
        "objectType": "annotation",
        "classification": {
          "name": "Neoplastic",
          "color": [
            255,
            0,
            0
          ]
        },
        "isLocked": false,
        "measurements": []
      }
    },
    {
      "type": "Feature",
      "id": "PathAnnotationObject",
      "geometry": {
        "type": "Polygon",
        "coordinates": [
          [
            [
              190,
              71
            ],
            [
              189,
              72
            ],
            [
              188,
              72
            ],
            [
              186,
              74
            ],
            [
              186,
              78
            ],
            [
              187,
              79
            ],
            [
              187,
              80
            ],
            [
              188,
              80
            ],
            [
              189,
              81
            ],
            [
              192,
              81
            ],
            [
              195,
              78
            ],
            [
              195,
              77
            ],
            [
              196,
              76
            ],
            [
              197,
              76
            ],
            [
              197,
              75
            ],
            [
              196,
              74
            ],
            [
              195,
              74
            ],
            [
              193,
              72
            ],
            [
              192,
              72
            ],
            [
              191,
              71
            ],
            [
              190,
              71
            ]
          ]
        ]
      },
      "properties": {
        "objectType": "annotation",
        "classification": {
          "name": "Connective",
          "color": [
            0,
            255,
            0
          ]
        },
        "isLocked": false,
        "measurements": []
      }
    },
    {
      "type": "Feature",
      "id": "PathAnnotationObject",
      "geometry": {
        "type": "Polygon",
        "coordinates": [
          [
            [
              252,
              74
            ],
            [
              250,
              74
            ],
            [
              249,
              75
            ],
            [
              248,
              75
            ],
            [
              248,
              76
            ],
            [
              246,
              78
            ],
            [
              247,
              79
            ],
            [
              247,
              80
            ],
            [
              248,
              81
            ],
            [
              249,
              81
            ],
            [
              250,
              80
            ],
            [
              251,
              80
            ],
            [
              251,
              79
            ],
            [
              252,
              78
            ],
            [
              252,
              77
            ],
            [
              253,
              76
            ],
            [
              252,
              75
            ],
            [
              252,
              74
            ]
          ]
        ]
      },
      "properties": {
        "objectType": "annotation",
        "classification": {
          "name": "Connective",
          "color": [
            0,
            255,
            0
          ]
        },
        "isLocked": false,
        "measurements": []
      }
    },
    {
      "type": "Feature",
      "id": "PathAnnotationObject",
      "geometry": {
        "type": "Polygon",
        "coordinates": [
          [
            [
              100,
              70
            ],
            [
              98,
              70
            ],
            [
              96,
              72
            ],
            [
              96,
              74
            ],
            [
              94,
              76
            ],
            [
              94,
              80
            ],
            [
              95,
              81
            ],
            [
              101,
              81
            ],
            [
              103,
              78
            ],
            [
              103,
              74
            ],
            [
              102,
              73
            ],
            [
              102,
              72
            ],
            [
              101,
              72
            ],
            [
              100,
              71
            ],
            [
              100,
              70
            ]
          ]
        ]
      },
      "properties": {
        "objectType": "annotation",
        "classification": {
          "name": "Neoplastic",
          "color": [
            255,
            0,
            0
          ]
        },
        "isLocked": false,
        "measurements": []
      }
    },
    {
      "type": "Feature",
      "id": "PathAnnotationObject",
      "geometry": {
        "type": "Polygon",
        "coordinates": [
          [
            [
              150,
              74
            ],
            [
              146,
              74
            ],
            [
              145,
              75
            ],
            [
              144,
              75
            ],
            [
              143,
              76
            ],
            [
              143,
              80
            ],
            [
              144,
              80
            ],
            [
              145,
              81
            ],
            [
              147,
              81
            ],
            [
              150,
              78
            ],
            [
              151,
              78
            ],
            [
              151,
              75
            ],
            [
              150,
              74
            ]
          ]
        ]
      },
      "properties": {
        "objectType": "annotation",
        "classification": {
          "name": "Neoplastic",
          "color": [
            255,
            0,
            0
          ]
        },
        "isLocked": false,
        "measurements": []
      }
    },
    {
      "type": "Feature",
      "id": "PathAnnotationObject",
      "geometry": {
        "type": "Polygon",
        "coordinates": [
          [
            [
              111,
              73
            ],
            [
              111,
              74
            ],
            [
              113,
              76
            ],
            [
              115,
              76
            ],
            [
              118,
              74
            ],
            [
              120,
              74
            ],
            [
              121,
              75
            ],
            [
              121,
              76
            ],
            [
              118,
              79
            ],
            [
              116,
              79
            ],
            [
              116,
              82
            ],
            [
              120,
              82
            ],
            [
              121,
              81
            ],
            [
              126,
              80
            ],
            [
              124,
              75
            ],
            [
              122,
              74
            ],
            [
              122,
              73
            ],
            [
              124,
              71
            ],
            [
              113,
              71
            ],
            [
              111,
              73
            ]
          ]
        ]
      },
      "properties": {
        "objectType": "annotation",
        "classification": {
          "name": "Neoplastic",
          "color": [
            255,
            0,
            0
          ]
        },
        "isLocked": false,
        "measurements": []
      }
    },
    {
      "type": "Feature",
      "id": "PathAnnotationObject",
      "geometry": {
        "type": "Polygon",
        "coordinates": [
          [
            [
              206,
              75
            ],
            [
              205,
              76
            ],
            [
              204,
              76
            ],
            [
              203,
              77
            ],
            [
              203,
              81
            ],
            [
              204,
              81
            ],
            [
              206,
              83
            ],
            [
              208,
              83
            ],
            [
              210,
              81
            ],
            [
              210,
              77
            ],
            [
              209,
              77
            ],
            [
              207,
              75
            ],
            [
              206,
              75
            ]
          ]
        ]
      },
      "properties": {
        "objectType": "annotation",
        "classification": {
          "name": "Inflammatory",
          "color": [
            0,
            0,
            255
          ]
        },
        "isLocked": false,
        "measurements": []
      }
    },
    {
      "type": "Feature",
      "id": "PathAnnotationObject",
      "geometry": {
        "type": "Polygon",
        "coordinates": [
          [
            [
              8,
              76
            ],
            [
              7,
              77
            ],
            [
              6,
              77
            ],
            [
              6,
              78
            ],
            [
              5,
              79
            ],
            [
              5,
              80
            ],
            [
              4,
              81
            ],
            [
              4,
              82
            ],
            [
              7,
              85
            ],
            [
              10,
              85
            ],
            [
              10,
              84
            ],
            [
              11,
              83
            ],
            [
              11,
              78
            ],
            [
              9,
              76
            ],
            [
              8,
              76
            ]
          ]
        ]
      },
      "properties": {
        "objectType": "annotation",
        "classification": {
          "name": "Connective",
          "color": [
            0,
            255,
            0
          ]
        },
        "isLocked": false,
        "measurements": []
      }
    },
    {
      "type": "Feature",
      "id": "PathAnnotationObject",
      "geometry": {
        "type": "Polygon",
        "coordinates": [
          [
            [
              196,
              77
            ],
            [
              196,
              78
            ],
            [
              194,
              80
            ],
            [
              195,
              80
            ],
            [
              196,
              81
            ],
            [
              196,
              82
            ],
            [
              195,
              83
            ],
            [
              194,
              83
            ],
            [
              194,
              85
            ],
            [
              196,
              85
            ],
            [
              197,
              86
            ],
            [
              198,
              85
            ],
            [
              200,
              85
            ],
            [
              200,
              84
            ],
            [
              202,
              82
            ],
            [
              202,
              81
            ],
            [
              201,
              80
            ],
            [
              201,
              79
            ],
            [
              198,
              79
            ],
            [
              197,
              78
            ],
            [
              197,
              77
            ],
            [
              196,
              77
            ]
          ]
        ]
      },
      "properties": {
        "objectType": "annotation",
        "classification": {
          "name": "Neoplastic",
          "color": [
            255,
            0,
            0
          ]
        },
        "isLocked": false,
        "measurements": []
      }
    },
    {
      "type": "Feature",
      "id": "PathAnnotationObject",
      "geometry": {
        "type": "Polygon",
        "coordinates": [
          [
            [
              245,
              78
            ],
            [
              244,
              79
            ],
            [
              240,
              79
            ],
            [
              240,
              80
            ],
            [
              239,
              81
            ],
            [
              239,
              83
            ],
            [
              240,
              84
            ],
            [
              240,
              85
            ],
            [
              241,
              85
            ],
            [
              242,
              86
            ],
            [
              244,
              84
            ],
            [
              244,
              83
            ],
            [
              245,
              82
            ],
            [
              247,
              82
            ],
            [
              247,
              81
            ],
            [
              246,
              80
            ],
            [
              246,
              79
            ],
            [
              245,
              78
            ]
          ]
        ]
      },
      "properties": {
        "objectType": "annotation",
        "classification": {
          "name": "Connective",
          "color": [
            0,
            255,
            0
          ]
        },
        "isLocked": false,
        "measurements": []
      }
    },
    {
      "type": "Feature",
      "id": "PathAnnotationObject",
      "geometry": {
        "type": "Polygon",
        "coordinates": [
          [
            [
              211,
              82
            ],
            [
              211,
              85
            ],
            [
              210,
              86
            ],
            [
              211,
              87
            ],
            [
              211,
              90
            ],
            [
              219,
              90
            ],
            [
              219,
              89
            ],
            [
              218,
              88
            ],
            [
              218,
              87
            ],
            [
              217,
              86
            ],
            [
              217,
              84
            ],
            [
              215,
              82
            ],
            [
              211,
              82
            ]
          ]
        ]
      },
      "properties": {
        "objectType": "annotation",
        "classification": {
          "name": "Inflammatory",
          "color": [
            0,
            0,
            255
          ]
        },
        "isLocked": false,
        "measurements": []
      }
    },
    {
      "type": "Feature",
      "id": "PathAnnotationObject",
      "geometry": {
        "type": "Polygon",
        "coordinates": [
          [
            [
              226,
              81
            ],
            [
              224,
              83
            ],
            [
              224,
              87
            ],
            [
              225,
              88
            ],
            [
              225,
              89
            ],
            [
              226,
              88
            ],
            [
              231,
              88
            ],
            [
              230,
              87
            ],
            [
              230,
              82
            ],
            [
              229,
              81
            ],
            [
              226,
              81
            ]
          ]
        ]
      },
      "properties": {
        "objectType": "annotation",
        "classification": {
          "name": "Inflammatory",
          "color": [
            0,
            0,
            255
          ]
        },
        "isLocked": false,
        "measurements": []
      }
    },
    {
      "type": "Feature",
      "id": "PathAnnotationObject",
      "geometry": {
        "type": "Polygon",
        "coordinates": [
          [
            [
              162,
              81
            ],
            [
              161,
              82
            ],
            [
              160,
              82
            ],
            [
              159,
              83
            ],
            [
              159,
              87
            ],
            [
              162,
              90
            ],
            [
              164,
              90
            ],
            [
              165,
              89
            ],
            [
              166,
              89
            ],
            [
              168,
              87
            ],
            [
              168,
              84
            ],
            [
              165,
              81
            ],
            [
              162,
              81
            ]
          ]
        ]
      },
      "properties": {
        "objectType": "annotation",
        "classification": {
          "name": "Neoplastic",
          "color": [
            255,
            0,
            0
          ]
        },
        "isLocked": false,
        "measurements": []
      }
    },
    {
      "type": "Feature",
      "id": "PathAnnotationObject",
      "geometry": {
        "type": "Polygon",
        "coordinates": [
          [
            [
              96,
              82
            ],
            [
              96,
              83
            ],
            [
              94,
              85
            ],
            [
              94,
              90
            ],
            [
              95,
              91
            ],
            [
              98,
              91
            ],
            [
              99,
              90
            ],
            [
              102,
              90
            ],
            [
              102,
              89
            ],
            [
              103,
              88
            ],
            [
              103,
              86
            ],
            [
              102,
              85
            ],
            [
              102,
              84
            ],
            [
              100,
              82
            ],
            [
              99,
              83
            ],
            [
              98,
              82
            ],
            [
              96,
              82
            ]
          ]
        ]
      },
      "properties": {
        "objectType": "annotation",
        "classification": {
          "name": "Neoplastic",
          "color": [
            255,
            0,
            0
          ]
        },
        "isLocked": false,
        "measurements": []
      }
    },
    {
      "type": "Feature",
      "id": "PathAnnotationObject",
      "geometry": {
        "type": "Polygon",
        "coordinates": [
          [
            [
              131,
              82
            ],
            [
              130,
              82
            ],
            [
              129,
              81
            ],
            [
              128,
              81
            ],
            [
              127,
              82
            ],
            [
              125,
              82
            ],
            [
              123,
              84
            ],
            [
              123,
              85
            ],
            [
              122,
              86
            ],
            [
              121,
              86
            ],
            [
              121,
              90
            ],
            [
              123,
              92
            ],
            [
              127,
              92
            ],
            [
              128,
              91
            ],
            [
              129,
              91
            ],
            [
              132,
              88
            ],
            [
              132,
              83
            ],
            [
              131,
              82
            ]
          ]
        ]
      },
      "properties": {
        "objectType": "annotation",
        "classification": {
          "name": "Neoplastic",
          "color": [
            255,
            0,
            0
          ]
        },
        "isLocked": false,
        "measurements": []
      }
    },
    {
      "type": "Feature",
      "id": "PathAnnotationObject",
      "geometry": {
        "type": "Polygon",
        "coordinates": [
          [
            [
              88,
              84
            ],
            [
              87,
              83
            ],
            [
              86,
              83
            ],
            [
              85,
              84
            ],
            [
              84,
              84
            ],
            [
              81,
              86
            ],
            [
              77,
              86
            ],
            [
              77,
              91
            ],
            [
              79,
              91
            ],
            [
              80,
              92
            ],
            [
              84,
              92
            ],
            [
              86,
              90
            ],
            [
              87,
              90
            ],
            [
              88,
              89
            ],
            [
              88,
              84
            ]
          ]
        ]
      },
      "properties": {
        "objectType": "annotation",
        "classification": {
          "name": "Neoplastic",
          "color": [
            255,
            0,
            0
          ]
        },
        "isLocked": false,
        "measurements": []
      }
    },
    {
      "type": "Feature",
      "id": "PathAnnotationObject",
      "geometry": {
        "type": "Polygon",
        "coordinates": [
          [
            [
              15,
              87
            ],
            [
              13,
              87
            ],
            [
              11,
              89
            ],
            [
              11,
              93
            ],
            [
              12,
              93
            ],
            [
              13,
              94
            ],
            [
              14,
              93
            ],
            [
              15,
              93
            ],
            [
              15,
              92
            ],
            [
              16,
              91
            ],
            [
              16,
              88
            ],
            [
              15,
              87
            ]
          ]
        ]
      },
      "properties": {
        "objectType": "annotation",
        "classification": {
          "name": "Inflammatory",
          "color": [
            0,
            0,
            255
          ]
        },
        "isLocked": false,
        "measurements": []
      }
    },
    {
      "type": "Feature",
      "id": "PathAnnotationObject",
      "geometry": {
        "type": "Polygon",
        "coordinates": [
          [
            [
              117,
              86
            ],
            [
              114,
              86
            ],
            [
              114,
              87
            ],
            [
              113,
              88
            ],
            [
              113,
              89
            ],
            [
              112,
              90
            ],
            [
              112,
              92
            ],
            [
              113,
              93
            ],
            [
              113,
              96
            ],
            [
              114,
              95
            ],
            [
              117,
              95
            ],
            [
              117,
              94
            ],
            [
              119,
              92
            ],
            [
              119,
              89
            ],
            [
              117,
              87
            ],
            [
              117,
              86
            ]
          ]
        ]
      },
      "properties": {
        "objectType": "annotation",
        "classification": {
          "name": "Neoplastic",
          "color": [
            255,
            0,
            0
          ]
        },
        "isLocked": false,
        "measurements": []
      }
    },
    {
      "type": "Feature",
      "id": "PathAnnotationObject",
      "geometry": {
        "type": "Polygon",
        "coordinates": [
          [
            [
              241,
              86
            ],
            [
              240,
              86
            ],
            [
              239,
              87
            ],
            [
              238,
              87
            ],
            [
              236,
              89
            ],
            [
              236,
              91
            ],
            [
              237,
              92
            ],
            [
              237,
              93
            ],
            [
              238,
              94
            ],
            [
              238,
              95
            ],
            [
              239,
              96
            ],
            [
              241,
              96
            ],
            [
              242,
              95
            ],
            [
              244,
              95
            ],
            [
              243,
              94
            ],
            [
              243,
              92
            ],
            [
              244,
              91
            ],
            [
              244,
              89
            ],
            [
              243,
              88
            ],
            [
              243,
              87
            ],
            [
              242,
              87
            ],
            [
              241,
              86
            ]
          ]
        ]
      },
      "properties": {
        "objectType": "annotation",
        "classification": {
          "name": "Inflammatory",
          "color": [
            0,
            0,
            255
          ]
        },
        "isLocked": false,
        "measurements": []
      }
    },
    {
      "type": "Feature",
      "id": "PathAnnotationObject",
      "geometry": {
        "type": "Polygon",
        "coordinates": [
          [
            [
              254,
              87
            ],
            [
              253,
              87
            ],
            [
              252,
              86
            ],
            [
              251,
              87
            ],
            [
              249,
              87
            ],
            [
              248,
              88
            ],
            [
              248,
              91
            ],
            [
              247,
              92
            ],
            [
              247,
              93
            ],
            [
              246,
              94
            ],
            [
              246,
              95
            ],
            [
              248,
              95
            ],
            [
              249,
              96
            ],
            [
              251,
              96
            ],
            [
              252,
              95
            ],
            [
              252,
              94
            ],
            [
              255,
              91
            ],
            [
              255,
              89
            ],
            [
              254,
              88
            ],
            [
              254,
              87
            ]
          ]
        ]
      },
      "properties": {
        "objectType": "annotation",
        "classification": {
          "name": "Inflammatory",
          "color": [
            0,
            0,
            255
          ]
        },
        "isLocked": false,
        "measurements": []
      }
    },
    {
      "type": "Feature",
      "id": "PathAnnotationObject",
      "geometry": {
        "type": "Polygon",
        "coordinates": [
          [
            [
              43,
              94
            ],
            [
              43,
              96
            ],
            [
              45,
              96
            ],
            [
              46,
              97
            ],
            [
              51,
              97
            ],
            [
              53,
              95
            ],
            [
              54,
              95
            ],
            [
              54,
              90
            ],
            [
              53,
              89
            ],
            [
              47,
              89
            ],
            [
              45,
              91
            ],
            [
              45,
              92
            ],
            [
              43,
              94
            ]
          ]
        ]
      },
      "properties": {
        "objectType": "annotation",
        "classification": {
          "name": "Neoplastic",
          "color": [
            255,
            0,
            0
          ]
        },
        "isLocked": false,
        "measurements": []
      }
    },
    {
      "type": "Feature",
      "id": "PathAnnotationObject",
      "geometry": {
        "type": "Polygon",
        "coordinates": [
          [
            [
              135,
              91
            ],
            [
              135,
              95
            ],
            [
              136,
              96
            ],
            [
              137,
              96
            ],
            [
              138,
              95
            ],
            [
              141,
              95
            ],
            [
              142,
              94
            ],
            [
              142,
              92
            ],
            [
              141,
              91
            ],
            [
              140,
              91
            ],
            [
              139,
              90
            ],
            [
              137,
              90
            ],
            [
              136,
              91
            ],
            [
              135,
              91
            ]
          ]
        ]
      },
      "properties": {
        "objectType": "annotation",
        "classification": {
          "name": "Neoplastic",
          "color": [
            255,
            0,
            0
          ]
        },
        "isLocked": false,
        "measurements": []
      }
    },
    {
      "type": "Feature",
      "id": "PathAnnotationObject",
      "geometry": {
        "type": "Polygon",
        "coordinates": [
          [
            [
              192,
              90
            ],
            [
              191,
              91
            ],
            [
              192,
              92
            ],
            [
              192,
              94
            ],
            [
              194,
              96
            ],
            [
              195,
              96
            ],
            [
              196,
              97
            ],
            [
              196,
              98
            ],
            [
              198,
              98
            ],
            [
              198,
              97
            ],
            [
              199,
              96
            ],
            [
              199,
              94
            ],
            [
              198,
              93
            ],
            [
              198,
              91
            ],
            [
              197,
              90
            ],
            [
              196,
              90
            ],
            [
              195,
              89
            ],
            [
              194,
              89
            ],
            [
              193,
              90
            ],
            [
              192,
              90
            ]
          ]
        ]
      },
      "properties": {
        "objectType": "annotation",
        "classification": {
          "name": "Neoplastic",
          "color": [
            255,
            0,
            0
          ]
        },
        "isLocked": false,
        "measurements": []
      }
    },
    {
      "type": "Feature",
      "id": "PathAnnotationObject",
      "geometry": {
        "type": "Polygon",
        "coordinates": [
          [
            [
              232,
              89
            ],
            [
              226,
              89
            ],
            [
              225,
              90
            ],
            [
              225,
              91
            ],
            [
              224,
              92
            ],
            [
              223,
              92
            ],
            [
              223,
              93
            ],
            [
              225,
              95
            ],
            [
              225,
              97
            ],
            [
              226,
              97
            ],
            [
              227,
              98
            ],
            [
              228,
              97
            ],
            [
              229,
              97
            ],
            [
              231,
              95
            ],
            [
              232,
              95
            ],
            [
              232,
              94
            ],
            [
              233,
              93
            ],
            [
              232,
              92
            ],
            [
              232,
              89
            ]
          ]
        ]
      },
      "properties": {
        "objectType": "annotation",
        "classification": {
          "name": "Inflammatory",
          "color": [
            0,
            0,
            255
          ]
        },
        "isLocked": false,
        "measurements": []
      }
    },
    {
      "type": "Feature",
      "id": "PathAnnotationObject",
      "geometry": {
        "type": "Polygon",
        "coordinates": [
          [
            [
              209,
              91
            ],
            [
              211,
              94
            ],
            [
              211,
              96
            ],
            [
              212,
              96
            ],
            [
              215,
              99
            ],
            [
              216,
              102
            ],
            [
              223,
              102
            ],
            [
              224,
              101
            ],
            [
              224,
              100
            ],
            [
              225,
              99
            ],
            [
              225,
              98
            ],
            [
              224,
              97
            ],
            [
              224,
              95
            ],
            [
              222,
              93
            ],
            [
              222,
              92
            ],
            [
              221,
              93
            ],
            [
              220,
              92
            ],
            [
              220,
              90
            ],
            [
              219,
              91
            ],
            [
              209,
              91
            ]
          ]
        ]
      },
      "properties": {
        "objectType": "annotation",
        "classification": {
          "name": "Inflammatory",
          "color": [
            0,
            0,
            255
          ]
        },
        "isLocked": false,
        "measurements": []
      }
    },
    {
      "type": "Feature",
      "id": "PathAnnotationObject",
      "geometry": {
        "type": "Polygon",
        "coordinates": [
          [
            [
              114,
              96
            ],
            [
              113,
              97
            ],
            [
              113,
              102
            ],
            [
              114,
              103
            ],
            [
              115,
              103
            ],
            [
              116,
              104
            ],
            [
              116,
              105
            ],
            [
              120,
              105
            ],
            [
              122,
              103
            ],
            [
              122,
              101
            ],
            [
              121,
              101
            ],
            [
              120,
              100
            ],
            [
              120,
              99
            ],
            [
              119,
              98
            ],
            [
              119,
              97
            ],
            [
              118,
              97
            ],
            [
              117,
              96
            ],
            [
              114,
              96
            ]
          ]
        ]
      },
      "properties": {
        "objectType": "annotation",
        "classification": {
          "name": "Neoplastic",
          "color": [
            255,
            0,
            0
          ]
        },
        "isLocked": false,
        "measurements": []
      }
    },
    {
      "type": "Feature",
      "id": "PathAnnotationObject",
      "geometry": {
        "type": "Polygon",
        "coordinates": [
          [
            [
              239,
              97
            ],
            [
              239,
              98
            ],
            [
              238,
              99
            ],
            [
              240,
              101
            ],
            [
              240,
              103
            ],
            [
              242,
              105
            ],
            [
              244,
              105
            ],
            [
              245,
              106
            ],
            [
              246,
              106
            ],
            [
              249,
              104
            ],
            [
              249,
              102
            ],
            [
              246,
              99
            ],
            [
              246,
              96
            ],
            [
              242,
              96
            ],
            [
              241,
              97
            ],
            [
              239,
              97
            ]
          ]
        ]
      },
      "properties": {
        "objectType": "annotation",
        "classification": {
          "name": "Inflammatory",
          "color": [
            0,
            0,
            255
          ]
        },
        "isLocked": false,
        "measurements": []
      }
    },
    {
      "type": "Feature",
      "id": "PathAnnotationObject",
      "geometry": {
        "type": "Polygon",
        "coordinates": [
          [
            [
              64,
              99
            ],
            [
              62,
              99
            ],
            [
              61,
              98
            ],
            [
              58,
              98
            ],
            [
              57,
              99
            ],
            [
              53,
              99
            ],
            [
              51,
              101
            ],
            [
              50,
              101
            ],
            [
              50,
              104
            ],
            [
              53,
              107
            ],
            [
              61,
              107
            ],
            [
              64,
              104
            ],
            [
              64,
              99
            ]
          ]
        ]
      },
      "properties": {
        "objectType": "annotation",
        "classification": {
          "name": "Neoplastic",
          "color": [
            255,
            0,
            0
          ]
        },
        "isLocked": false,
        "measurements": []
      }
    },
    {
      "type": "Feature",
      "id": "PathAnnotationObject",
      "geometry": {
        "type": "Polygon",
        "coordinates": [
          [
            [
              20,
              100
            ],
            [
              19,
              101
            ],
            [
              19,
              105
            ],
            [
              22,
              105
            ],
            [
              23,
              106
            ],
            [
              24,
              106
            ],
            [
              24,
              102
            ],
            [
              23,
              102
            ],
            [
              21,
              100
            ],
            [
              20,
              100
            ]
          ]
        ]
      },
      "properties": {
        "objectType": "annotation",
        "classification": {
          "name": "Neoplastic",
          "color": [
            255,
            0,
            0
          ]
        },
        "isLocked": false,
        "measurements": []
      }
    },
    {
      "type": "Feature",
      "id": "PathAnnotationObject",
      "geometry": {
        "type": "Polygon",
        "coordinates": [
          [
            [
              206,
              99
            ],
            [
              204,
              99
            ],
            [
              203,
              100
            ],
            [
              203,
              110
            ],
            [
              204,
              111
            ],
            [
              205,
              111
            ],
            [
              206,
              110
            ],
            [
              207,
              110
            ],
            [
              207,
              109
            ],
            [
              210,
              106
            ],
            [
              210,
              101
            ],
            [
              209,
              101
            ],
            [
              208,
              100
            ],
            [
              207,
              100
            ],
            [
              206,
              99
            ]
          ]
        ]
      },
      "properties": {
        "objectType": "annotation",
        "classification": {
          "name": "Connective",
          "color": [
            0,
            255,
            0
          ]
        },
        "isLocked": false,
        "measurements": []
      }
    },
    {
      "type": "Feature",
      "id": "PathAnnotationObject",
      "geometry": {
        "type": "Polygon",
        "coordinates": [
          [
            [
              91,
              102
            ],
            [
              89,
              104
            ],
            [
              92,
              107
            ],
            [
              93,
              107
            ],
            [
              94,
              108
            ],
            [
              95,
              108
            ],
            [
              96,
              107
            ],
            [
              96,
              104
            ],
            [
              94,
              102
            ],
            [
              91,
              102
            ]
          ]
        ]
      },
      "properties": {
        "objectType": "annotation",
        "classification": {
          "name": "Neoplastic",
          "color": [
            255,
            0,
            0
          ]
        },
        "isLocked": false,
        "measurements": []
      }
    },
    {
      "type": "Feature",
      "id": "PathAnnotationObject",
      "geometry": {
        "type": "Polygon",
        "coordinates": [
          [
            [
              12,
              102
            ],
            [
              11,
              102
            ],
            [
              8,
              100
            ],
            [
              7,
              101
            ],
            [
              6,
              101
            ],
            [
              6,
              102
            ],
            [
              5,
              103
            ],
            [
              4,
              103
            ],
            [
              4,
              105
            ],
            [
              3,
              106
            ],
            [
              3,
              111
            ],
            [
              4,
              112
            ],
            [
              7,
              112
            ],
            [
              8,
              111
            ],
            [
              10,
              111
            ],
            [
              10,
              110
            ],
            [
              9,
              109
            ],
            [
              12,
              107
            ],
            [
              12,
              102
            ]
          ]
        ]
      },
      "properties": {
        "objectType": "annotation",
        "classification": {
          "name": "Connective",
          "color": [
            0,
            255,
            0
          ]
        },
        "isLocked": false,
        "measurements": []
      }
    },
    {
      "type": "Feature",
      "id": "PathAnnotationObject",
      "geometry": {
        "type": "Polygon",
        "coordinates": [
          [
            [
              108,
              104
            ],
            [
              108,
              107
            ],
            [
              109,
              108
            ],
            [
              110,
              108
            ],
            [
              111,
              109
            ],
            [
              111,
              110
            ],
            [
              112,
              110
            ],
            [
              113,
              109
            ],
            [
              114,
              109
            ],
            [
              115,
              108
            ],
            [
              117,
              108
            ],
            [
              118,
              107
            ],
            [
              118,
              106
            ],
            [
              116,
              106
            ],
            [
              115,
              105
            ],
            [
              115,
              104
            ],
            [
              114,
              104
            ],
            [
              112,
              102
            ],
            [
              111,
              102
            ],
            [
              110,
              103
            ],
            [
              109,
              103
            ],
            [
              108,
              104
            ]
          ]
        ]
      },
      "properties": {
        "objectType": "annotation",
        "classification": {
          "name": "Neoplastic",
          "color": [
            255,
            0,
            0
          ]
        },
        "isLocked": false,
        "measurements": []
      }
    },
    {
      "type": "Feature",
      "id": "PathAnnotationObject",
      "geometry": {
        "type": "Polygon",
        "coordinates": [
          [
            [
              167,
              99
            ],
            [
              167,
              102
            ],
            [
              168,
              102
            ],
            [
              169,
              103
            ],
            [
              169,
              105
            ],
            [
              168,
              106
            ],
            [
              168,
              107
            ],
            [
              170,
              110
            ],
            [
              176,
              110
            ],
            [
              178,
              108
            ],
            [
              179,
              108
            ],
            [
              180,
              107
            ],
            [
              180,
              103
            ],
            [
              179,
              103
            ],
            [
              176,
              101
            ],
            [
              173,
              101
            ],
            [
              172,
              102
            ],
            [
              171,
              102
            ],
            [
              170,
              101
            ],
            [
              171,
              100
            ],
            [
              171,
              99
            ],
            [
              170,
              98
            ],
            [
              167,
              99
            ]
          ]
        ]
      },
      "properties": {
        "objectType": "annotation",
        "classification": {
          "name": "Neoplastic",
          "color": [
            255,
            0,
            0
          ]
        },
        "isLocked": false,
        "measurements": []
      }
    },
    {
      "type": "Feature",
      "id": "PathAnnotationObject",
      "geometry": {
        "type": "Polygon",
        "coordinates": [
          [
            [
              181,
              103
            ],
            [
              181,
              108
            ],
            [
              182,
              109
            ],
            [
              188,
              109
            ],
            [
              190,
              107
            ],
            [
              190,
              104
            ],
            [
              189,
              103
            ],
            [
              187,
              103
            ],
            [
              186,
              102
            ],
            [
              184,
              102
            ],
            [
              183,
              103
            ],
            [
              181,
              103
            ]
          ]
        ]
      },
      "properties": {
        "objectType": "annotation",
        "classification": {
          "name": "Neoplastic",
          "color": [
            255,
            0,
            0
          ]
        },
        "isLocked": false,
        "measurements": []
      }
    },
    {
      "type": "Feature",
      "id": "PathAnnotationObject",
      "geometry": {
        "type": "Polygon",
        "coordinates": [
          [
            [
              222,
              103
            ],
            [
              221,
              103
            ],
            [
              218,
              106
            ],
            [
              218,
              107
            ],
            [
              220,
              109
            ],
            [
              220,
              110
            ],
            [
              221,
              110
            ],
            [
              222,
              109
            ],
            [
              222,
              108
            ],
            [
              223,
              107
            ],
            [
              224,
              107
            ],
            [
              224,
              106
            ],
            [
              222,
              104
            ],
            [
              222,
              103
            ]
          ]
        ]
      },
      "properties": {
        "objectType": "annotation",
        "classification": {
          "name": "Neoplastic",
          "color": [
            255,
            0,
            0
          ]
        },
        "isLocked": false,
        "measurements": []
      }
    },
    {
      "type": "Feature",
      "id": "PathAnnotationObject",
      "geometry": {
        "type": "Polygon",
        "coordinates": [
          [
            [
              230,
              104
            ],
            [
              230,
              105
            ],
            [
              229,
              106
            ],
            [
              231,
              108
            ],
            [
              232,
              108
            ],
            [
              233,
              109
            ],
            [
              233,
              110
            ],
            [
              239,
              110
            ],
            [
              239,
              106
            ],
            [
              238,
              106
            ],
            [
              237,
              105
            ],
            [
              235,
              105
            ],
            [
              234,
              104
            ],
            [
              230,
              104
            ]
          ]
        ]
      },
      "properties": {
        "objectType": "annotation",
        "classification": {
          "name": "Inflammatory",
          "color": [
            0,
            0,
            255
          ]
        },
        "isLocked": false,
        "measurements": []
      }
    },
    {
      "type": "Feature",
      "id": "PathAnnotationObject",
      "geometry": {
        "type": "Polygon",
        "coordinates": [
          [
            [
              16,
              107
            ],
            [
              15,
              108
            ],
            [
              15,
              110
            ],
            [
              16,
              111
            ],
            [
              16,
              113
            ],
            [
              17,
              113
            ],
            [
              18,
              114
            ],
            [
              18,
              115
            ],
            [
              19,
              115
            ],
            [
              20,
              114
            ],
            [
              20,
              113
            ],
            [
              21,
              112
            ],
            [
              21,
              110
            ],
            [
              20,
              109
            ],
            [
              20,
              108
            ],
            [
              19,
              108
            ],
            [
              18,
              107
            ],
            [
              17,
              108
            ],
            [
              16,
              107
            ]
          ]
        ]
      },
      "properties": {
        "objectType": "annotation",
        "classification": {
          "name": "Inflammatory",
          "color": [
            0,
            0,
            255
          ]
        },
        "isLocked": false,
        "measurements": []
      }
    },
    {
      "type": "Feature",
      "id": "PathAnnotationObject",
      "geometry": {
        "type": "Polygon",
        "coordinates": [
          [
            [
              132,
              108
            ],
            [
              130,
              106
            ],
            [
              128,
              108
            ],
            [
              127,
              108
            ],
            [
              125,
              110
            ],
            [
              125,
              112
            ],
            [
              127,
              112
            ],
            [
              128,
              113
            ],
            [
              129,
              113
            ],
            [
              130,
              112
            ],
            [
              132,
              112
            ],
            [
              132,
              108
            ]
          ]
        ]
      },
      "properties": {
        "objectType": "annotation",
        "classification": {
          "name": "Neoplastic",
          "color": [
            255,
            0,
            0
          ]
        },
        "isLocked": false,
        "measurements": []
      }
    },
    {
      "type": "Feature",
      "id": "PathAnnotationObject",
      "geometry": {
        "type": "Polygon",
        "coordinates": [
          [
            [
              223,
              109
            ],
            [
              223,
              110
            ],
            [
              222,
              111
            ],
            [
              222,
              112
            ],
            [
              221,
              113
            ],
            [
              222,
              114
            ],
            [
              222,
              115
            ],
            [
              223,
              115
            ],
            [
              224,
              116
            ],
            [
              227,
              116
            ],
            [
              228,
              115
            ],
            [
              229,
              115
            ],
            [
              229,
              110
            ],
            [
              228,
              109
            ],
            [
              223,
              109
            ]
          ]
        ]
      },
      "properties": {
        "objectType": "annotation",
        "classification": {
          "name": "Inflammatory",
          "color": [
            0,
            0,
            255
          ]
        },
        "isLocked": false,
        "measurements": []
      }
    },
    {
      "type": "Feature",
      "id": "PathAnnotationObject",
      "geometry": {
        "type": "Polygon",
        "coordinates": [
          [
            [
              181,
              110
            ],
            [
              181,
              115
            ],
            [
              180,
              116
            ],
            [
              182,
              118
            ],
            [
              183,
              118
            ],
            [
              184,
              119
            ],
            [
              186,
              119
            ],
            [
              187,
              118
            ],
            [
              188,
              118
            ],
            [
              189,
              117
            ],
            [
              189,
              116
            ],
            [
              190,
              115
            ],
            [
              190,
              114
            ],
            [
              189,
              113
            ],
            [
              189,
              111
            ],
            [
              188,
              110
            ],
            [
              181,
              110
            ]
          ]
        ]
      },
      "properties": {
        "objectType": "annotation",
        "classification": {
          "name": "Neoplastic",
          "color": [
            255,
            0,
            0
          ]
        },
        "isLocked": false,
        "measurements": []
      }
    },
    {
      "type": "Feature",
      "id": "PathAnnotationObject",
      "geometry": {
        "type": "Polygon",
        "coordinates": [
          [
            [
              50,
              109
            ],
            [
              48,
              111
            ],
            [
              48,
              112
            ],
            [
              47,
              113
            ],
            [
              47,
              115
            ],
            [
              48,
              116
            ],
            [
              48,
              118
            ],
            [
              50,
              118
            ],
            [
              51,
              119
            ],
            [
              52,
              119
            ],
            [
              53,
              118
            ],
            [
              54,
              118
            ],
            [
              55,
              117
            ],
            [
              55,
              116
            ],
            [
              56,
              115
            ],
            [
              56,
              111
            ],
            [
              55,
              111
            ],
            [
              54,
              110
            ],
            [
              52,
              110
            ],
            [
              51,
              109
            ],
            [
              50,
              109
            ]
          ]
        ]
      },
      "properties": {
        "objectType": "annotation",
        "classification": {
          "name": "Neoplastic",
          "color": [
            255,
            0,
            0
          ]
        },
        "isLocked": false,
        "measurements": []
      }
    },
    {
      "type": "Feature",
      "id": "PathAnnotationObject",
      "geometry": {
        "type": "Polygon",
        "coordinates": [
          [
            [
              164,
              110
            ],
            [
              162,
              110
            ],
            [
              161,
              111
            ],
            [
              159,
              111
            ],
            [
              157,
              113
            ],
            [
              157,
              116
            ],
            [
              158,
              117
            ],
            [
              158,
              118
            ],
            [
              160,
              120
            ],
            [
              164,
              120
            ],
            [
              165,
              119
            ],
            [
              166,
              119
            ],
            [
              166,
              114
            ],
            [
              165,
              113
            ],
            [
              165,
              112
            ],
            [
              164,
              111
            ],
            [
              164,
              110
            ]
          ]
        ]
      },
      "properties": {
        "objectType": "annotation",
        "classification": {
          "name": "Neoplastic",
          "color": [
            255,
            0,
            0
          ]
        },
        "isLocked": false,
        "measurements": []
      }
    },
    {
      "type": "Feature",
      "id": "PathAnnotationObject",
      "geometry": {
        "type": "Polygon",
        "coordinates": [
          [
            [
              89,
              114
            ],
            [
              91,
              116
            ],
            [
              91,
              117
            ],
            [
              92,
              118
            ],
            [
              92,
              119
            ],
            [
              93,
              119
            ],
            [
              94,
              120
            ],
            [
              95,
              119
            ],
            [
              96,
              119
            ],
            [
              98,
              117
            ],
            [
              95,
              114
            ],
            [
              94,
              114
            ],
            [
              93,
              113
            ],
            [
              90,
              113
            ],
            [
              89,
              114
            ]
          ]
        ]
      },
      "properties": {
        "objectType": "annotation",
        "classification": {
          "name": "Neoplastic",
          "color": [
            255,
            0,
            0
          ]
        },
        "isLocked": false,
        "measurements": []
      }
    },
    {
      "type": "Feature",
      "id": "PathAnnotationObject",
      "geometry": {
        "type": "Polygon",
        "coordinates": [
          [
            [
              35,
              116
            ],
            [
              36,
              117
            ],
            [
              36,
              119
            ],
            [
              37,
              120
            ],
            [
              39,
              120
            ],
            [
              40,
              121
            ],
            [
              42,
              119
            ],
            [
              45,
              119
            ],
            [
              44,
              118
            ],
            [
              43,
              118
            ],
            [
              42,
              117
            ],
            [
              42,
              115
            ],
            [
              41,
              114
            ],
            [
              40,
              114
            ],
            [
              39,
              115
            ],
            [
              36,
              115
            ],
            [
              35,
              116
            ]
          ]
        ]
      },
      "properties": {
        "objectType": "annotation",
        "classification": {
          "name": "Neoplastic",
          "color": [
            255,
            0,
            0
          ]
        },
        "isLocked": false,
        "measurements": []
      }
    },
    {
      "type": "Feature",
      "id": "PathAnnotationObject",
      "geometry": {
        "type": "Polygon",
        "coordinates": [
          [
            [
              172,
              113
            ],
            [
              171,
              114
            ],
            [
              170,
              114
            ],
            [
              170,
              116
            ],
            [
              169,
              117
            ],
            [
              169,
              119
            ],
            [
              170,
              120
            ],
            [
              171,
              120
            ],
            [
              172,
              121
            ],
            [
              172,
              122
            ],
            [
              175,
              122
            ],
            [
              176,
              121
            ],
            [
              176,
              120
            ],
            [
              177,
              119
            ],
            [
              177,
              116
            ],
            [
              176,
              115
            ],
            [
              176,
              113
            ],
            [
              172,
              113
            ]
          ]
        ]
      },
      "properties": {
        "objectType": "annotation",
        "classification": {
          "name": "Neoplastic",
          "color": [
            255,
            0,
            0
          ]
        },
        "isLocked": false,
        "measurements": []
      }
    },
    {
      "type": "Feature",
      "id": "PathAnnotationObject",
      "geometry": {
        "type": "Polygon",
        "coordinates": [
          [
            [
              11,
              111
            ],
            [
              10,
              112
            ],
            [
              8,
              112
            ],
            [
              7,
              113
            ],
            [
              6,
              113
            ],
            [
              6,
              121
            ],
            [
              8,
              123
            ],
            [
              8,
              124
            ],
            [
              9,
              125
            ],
            [
              13,
              125
            ],
            [
              15,
              122
            ],
            [
              15,
              116
            ],
            [
              11,
              111
            ]
          ]
        ]
      },
      "properties": {
        "objectType": "annotation",
        "classification": {
          "name": "Connective",
          "color": [
            0,
            255,
            0
          ]
        },
        "isLocked": false,
        "measurements": []
      }
    },
    {
      "type": "Feature",
      "id": "PathAnnotationObject",
      "geometry": {
        "type": "Polygon",
        "coordinates": [
          [
            [
              210,
              113
            ],
            [
              209,
              113
            ],
            [
              207,
              115
            ],
            [
              206,
              115
            ],
            [
              205,
              116
            ],
            [
              201,
              116
            ],
            [
              201,
              117
            ],
            [
              200,
              118
            ],
            [
              200,
              120
            ],
            [
              201,
              121
            ],
            [
              201,
              122
            ],
            [
              206,
              122
            ],
            [
              207,
              121
            ],
            [
              210,
              121
            ],
            [
              210,
              113
            ]
          ]
        ]
      },
      "properties": {
        "objectType": "annotation",
        "classification": {
          "name": "Inflammatory",
          "color": [
            0,
            0,
            255
          ]
        },
        "isLocked": false,
        "measurements": []
      }
    },
    {
      "type": "Feature",
      "id": "PathAnnotationObject",
      "geometry": {
        "type": "Polygon",
        "coordinates": [
          [
            [
              114,
              117
            ],
            [
              116,
              120
            ],
            [
              117,
              120
            ],
            [
              122,
              124
            ],
            [
              125,
              124
            ],
            [
              126,
              123
            ],
            [
              127,
              123
            ],
            [
              129,
              121
            ],
            [
              129,
              118
            ],
            [
              130,
              117
            ],
            [
              129,
              116
            ],
            [
              115,
              116
            ],
            [
              114,
              117
            ]
          ]
        ]
      },
      "properties": {
        "objectType": "annotation",
        "classification": {
          "name": "Neoplastic",
          "color": [
            255,
            0,
            0
          ]
        },
        "isLocked": false,
        "measurements": []
      }
    },
    {
      "type": "Feature",
      "id": "PathAnnotationObject",
      "geometry": {
        "type": "Polygon",
        "coordinates": [
          [
            [
              151,
              118
            ],
            [
              149,
              116
            ],
            [
              148,
              116
            ],
            [
              147,
              115
            ],
            [
              146,
              116
            ],
            [
              145,
              116
            ],
            [
              143,
              118
            ],
            [
              143,
              119
            ],
            [
              142,
              120
            ],
            [
              142,
              121
            ],
            [
              143,
              122
            ],
            [
              143,
              124
            ],
            [
              146,
              124
            ],
            [
              148,
              122
            ],
            [
              150,
              122
            ],
            [
              151,
              121
            ],
            [
              151,
              118
            ]
          ]
        ]
      },
      "properties": {
        "objectType": "annotation",
        "classification": {
          "name": "Neoplastic",
          "color": [
            255,
            0,
            0
          ]
        },
        "isLocked": false,
        "measurements": []
      }
    },
    {
      "type": "Feature",
      "id": "PathAnnotationObject",
      "geometry": {
        "type": "Polygon",
        "coordinates": [
          [
            [
              107,
              116
            ],
            [
              103,
              116
            ],
            [
              101,
              118
            ],
            [
              101,
              119
            ],
            [
              100,
              120
            ],
            [
              100,
              122
            ],
            [
              101,
              123
            ],
            [
              101,
              125
            ],
            [
              102,
              125
            ],
            [
              103,
              126
            ],
            [
              103,
              127
            ],
            [
              105,
              127
            ],
            [
              105,
              126
            ],
            [
              106,
              125
            ],
            [
              107,
              125
            ],
            [
              107,
              124
            ],
            [
              108,
              123
            ],
            [
              108,
              117
            ],
            [
              107,
              116
            ]
          ]
        ]
      },
      "properties": {
        "objectType": "annotation",
        "classification": {
          "name": "Neoplastic",
          "color": [
            255,
            0,
            0
          ]
        },
        "isLocked": false,
        "measurements": []
      }
    },
    {
      "type": "Feature",
      "id": "PathAnnotationObject",
      "geometry": {
        "type": "Polygon",
        "coordinates": [
          [
            [
              139,
              116
            ],
            [
              138,
              116
            ],
            [
              137,
              115
            ],
            [
              136,
              115
            ],
            [
              135,
              116
            ],
            [
              133,
              116
            ],
            [
              133,
              117
            ],
            [
              132,
              118
            ],
            [
              132,
              122
            ],
            [
              133,
              123
            ],
            [
              133,
              124
            ],
            [
              137,
              124
            ],
            [
              139,
              122
            ],
            [
              139,
              116
            ]
          ]
        ]
      },
      "properties": {
        "objectType": "annotation",
        "classification": {
          "name": "Neoplastic",
          "color": [
            255,
            0,
            0
          ]
        },
        "isLocked": false,
        "measurements": []
      }
    },
    {
      "type": "Feature",
      "id": "PathAnnotationObject",
      "geometry": {
        "type": "Polygon",
        "coordinates": [
          [
            [
              195,
              116
            ],
            [
              194,
              116
            ],
            [
              193,
              117
            ],
            [
              191,
              117
            ],
            [
              190,
              118
            ],
            [
              189,
              118
            ],
            [
              189,
              125
            ],
            [
              194,
              125
            ],
            [
              195,
              124
            ],
            [
              195,
              123
            ],
            [
              196,
              122
            ],
            [
              196,
              121
            ],
            [
              197,
              120
            ],
            [
              197,
              119
            ],
            [
              195,
              117
            ],
            [
              195,
              116
            ]
          ]
        ]
      },
      "properties": {
        "objectType": "annotation",
        "classification": {
          "name": "Neoplastic",
          "color": [
            255,
            0,
            0
          ]
        },
        "isLocked": false,
        "measurements": []
      }
    },
    {
      "type": "Feature",
      "id": "PathAnnotationObject",
      "geometry": {
        "type": "Polygon",
        "coordinates": [
          [
            [
              231,
              119
            ],
            [
              231,
              120
            ],
            [
              232,
              121
            ],
            [
              232,
              122
            ],
            [
              233,
              123
            ],
            [
              234,
              123
            ],
            [
              235,
              124
            ],
            [
              237,
              124
            ],
            [
              239,
              122
            ],
            [
              239,
              121
            ],
            [
              237,
              119
            ],
            [
              237,
              118
            ],
            [
              232,
              118
            ],
            [
              231,
              119
            ]
          ]
        ]
      },
      "properties": {
        "objectType": "annotation",
        "classification": {
          "name": "Neoplastic",
          "color": [
            255,
            0,
            0
          ]
        },
        "isLocked": false,
        "measurements": []
      }
    },
    {
      "type": "Feature",
      "id": "PathAnnotationObject",
      "geometry": {
        "type": "Polygon",
        "coordinates": [
          [
            [
              23,
              116
            ],
            [
              22,
              117
            ],
            [
              21,
              117
            ],
            [
              20,
              118
            ],
            [
              20,
              122
            ],
            [
              21,
              123
            ],
            [
              21,
              124
            ],
            [
              25,
              124
            ],
            [
              25,
              120
            ],
            [
              24,
              119
            ],
            [
              24,
              117
            ],
            [
              23,
              116
            ]
          ]
        ]
      },
      "properties": {
        "objectType": "annotation",
        "classification": {
          "name": "Inflammatory",
          "color": [
            0,
            0,
            255
          ]
        },
        "isLocked": false,
        "measurements": []
      }
    },
    {
      "type": "Feature",
      "id": "PathAnnotationObject",
      "geometry": {
        "type": "Polygon",
        "coordinates": [
          [
            [
              223,
              119
            ],
            [
              221,
              119
            ],
            [
              220,
              118
            ],
            [
              219,
              119
            ],
            [
              218,
              119
            ],
            [
              217,
              120
            ],
            [
              217,
              121
            ],
            [
              216,
              122
            ],
            [
              216,
              126
            ],
            [
              217,
              126
            ],
            [
              218,
              127
            ],
            [
              222,
              127
            ],
            [
              222,
              126
            ],
            [
              224,
              124
            ],
            [
              224,
              120
            ],
            [
              223,
              119
            ]
          ]
        ]
      },
      "properties": {
        "objectType": "annotation",
        "classification": {
          "name": "Inflammatory",
          "color": [
            0,
            0,
            255
          ]
        },
        "isLocked": false,
        "measurements": []
      }
    },
    {
      "type": "Feature",
      "id": "PathAnnotationObject",
      "geometry": {
        "type": "Polygon",
        "coordinates": [
          [
            [
              48,
              121
            ],
            [
              46,
              119
            ],
            [
              45,
              120
            ],
            [
              42,
              120
            ],
            [
              39,
              123
            ],
            [
              39,
              124
            ],
            [
              38,
              125
            ],
            [
              38,
              126
            ],
            [
              39,
              127
            ],
            [
              40,
              127
            ],
            [
              41,
              128
            ],
            [
              46,
              128
            ],
            [
              46,
              126
            ],
            [
              47,
              125
            ],
            [
              47,
              122
            ],
            [
              48,
              121
            ]
          ]
        ]
      },
      "properties": {
        "objectType": "annotation",
        "classification": {
          "name": "Neoplastic",
          "color": [
            255,
            0,
            0
          ]
        },
        "isLocked": false,
        "measurements": []
      }
    },
    {
      "type": "Feature",
      "id": "PathAnnotationObject",
      "geometry": {
        "type": "Polygon",
        "coordinates": [
          [
            [
              152,
              121
            ],
            [
              151,
              122
            ],
            [
              151,
              128
            ],
            [
              150,
              129
            ],
            [
              151,
              130
            ],
            [
              151,
              131
            ],
            [
              154,
              131
            ],
            [
              155,
              130
            ],
            [
              158,
              130
            ],
            [
              158,
              128
            ],
            [
              159,
              127
            ],
            [
              158,
              126
            ],
            [
              158,
              121
            ],
            [
              152,
              121
            ]
          ]
        ]
      },
      "properties": {
        "objectType": "annotation",
        "classification": {
          "name": "Neoplastic",
          "color": [
            255,
            0,
            0
          ]
        },
        "isLocked": false,
        "measurements": []
      }
    },
    {
      "type": "Feature",
      "id": "PathAnnotationObject",
      "geometry": {
        "type": "Polygon",
        "coordinates": [
          [
            [
              49,
              121
            ],
            [
              48,
              122
            ],
            [
              48,
              125
            ],
            [
              47,
              126
            ],
            [
              47,
              132
            ],
            [
              53,
              132
            ],
            [
              55,
              130
            ],
            [
              55,
              126
            ],
            [
              54,
              125
            ],
            [
              54,
              122
            ],
            [
              53,
              122
            ],
            [
              52,
              121
            ],
            [
              49,
              121
            ]
          ]
        ]
      },
      "properties": {
        "objectType": "annotation",
        "classification": {
          "name": "Neoplastic",
          "color": [
            255,
            0,
            0
          ]
        },
        "isLocked": false,
        "measurements": []
      }
    },
    {
      "type": "Feature",
      "id": "PathAnnotationObject",
      "geometry": {
        "type": "Polygon",
        "coordinates": [
          [
            [
              176,
              123
            ],
            [
              176,
              125
            ],
            [
              175,
              126
            ],
            [
              175,
              127
            ],
            [
              176,
              128
            ],
            [
              176,
              129
            ],
            [
              178,
              129
            ],
            [
              179,
              130
            ],
            [
              181,
              130
            ],
            [
              182,
              129
            ],
            [
              184,
              129
            ],
            [
              185,
              128
            ],
            [
              185,
              125
            ],
            [
              184,
              124
            ],
            [
              184,
              123
            ],
            [
              183,
              122
            ],
            [
              183,
              121
            ],
            [
              179,
              121
            ],
            [
              177,
              123
            ],
            [
              176,
              123
            ]
          ]
        ]
      },
      "properties": {
        "objectType": "annotation",
        "classification": {
          "name": "Neoplastic",
          "color": [
            255,
            0,
            0
          ]
        },
        "isLocked": false,
        "measurements": []
      }
    },
    {
      "type": "Feature",
      "id": "PathAnnotationObject",
      "geometry": {
        "type": "Polygon",
        "coordinates": [
          [
            [
              230,
              123
            ],
            [
              230,
              124
            ],
            [
              228,
              126
            ],
            [
              228,
              127
            ],
            [
              230,
              129
            ],
            [
              230,
              130
            ],
            [
              232,
              130
            ],
            [
              233,
              129
            ],
            [
              233,
              128
            ],
            [
              234,
              127
            ],
            [
              234,
              125
            ],
            [
              233,
              125
            ],
            [
              232,
              124
            ],
            [
              232,
              123
            ],
            [
              230,
              123
            ]
          ]
        ]
      },
      "properties": {
        "objectType": "annotation",
        "classification": {
          "name": "Inflammatory",
          "color": [
            0,
            0,
            255
          ]
        },
        "isLocked": false,
        "measurements": []
      }
    },
    {
      "type": "Feature",
      "id": "PathAnnotationObject",
      "geometry": {
        "type": "Polygon",
        "coordinates": [
          [
            [
              254,
              119
            ],
            [
              252,
              119
            ],
            [
              250,
              121
            ],
            [
              249,
              121
            ],
            [
              245,
              125
            ],
            [
              245,
              128
            ],
            [
              246,
              129
            ],
            [
              249,
              129
            ],
            [
              250,
              128
            ],
            [
              251,
              128
            ],
            [
              251,
              127
            ],
            [
              253,
              125
            ],
            [
              254,
              125
            ],
            [
              255,
              124
            ],
            [
              255,
              120
            ],
            [
              254,
              119
            ]
          ]
        ]
      },
      "properties": {
        "objectType": "annotation",
        "classification": {
          "name": "Neoplastic",
          "color": [
            255,
            0,
            0
          ]
        },
        "isLocked": false,
        "measurements": []
      }
    },
    {
      "type": "Feature",
      "id": "PathAnnotationObject",
      "geometry": {
        "type": "Polygon",
        "coordinates": [
          [
            [
              20,
              125
            ],
            [
              19,
              126
            ],
            [
              19,
              129
            ],
            [
              20,
              129
            ],
            [
              21,
              130
            ],
            [
              22,
              130
            ],
            [
              24,
              132
            ],
            [
              24,
              134
            ],
            [
              25,
              135
            ],
            [
              27,
              133
            ],
            [
              27,
              128
            ],
            [
              26,
              128
            ],
            [
              24,
              126
            ],
            [
              24,
              125
            ],
            [
              20,
              125
            ]
          ]
        ]
      },
      "properties": {
        "objectType": "annotation",
        "classification": {
          "name": "Inflammatory",
          "color": [
            0,
            0,
            255
          ]
        },
        "isLocked": false,
        "measurements": []
      }
    },
    {
      "type": "Feature",
      "id": "PathAnnotationObject",
      "geometry": {
        "type": "Polygon",
        "coordinates": [
          [
            [
              210,
              126
            ],
            [
              206,
              126
            ],
            [
              206,
              127
            ],
            [
              205,
              128
            ],
            [
              204,
              128
            ],
            [
              204,
              133
            ],
            [
              205,
              134
            ],
            [
              206,
              133
            ],
            [
              207,
              133
            ],
            [
              209,
              131
            ],
            [
              210,
              131
            ],
            [
              210,
              130
            ],
            [
              211,
              129
            ],
            [
              211,
              127
            ],
            [
              210,
              126
            ]
          ]
        ]
      },
      "properties": {
        "objectType": "annotation",
        "classification": {
          "name": "Inflammatory",
          "color": [
            0,
            0,
            255
          ]
        },
        "isLocked": false,
        "measurements": []
      }
    },
    {
      "type": "Feature",
      "id": "PathAnnotationObject",
      "geometry": {
        "type": "Polygon",
        "coordinates": [
          [
            [
              114,
              126
            ],
            [
              114,
              127
            ],
            [
              113,
              128
            ],
            [
              113,
              134
            ],
            [
              114,
              134
            ],
            [
              115,
              135
            ],
            [
              122,
              135
            ],
            [
              123,
              134
            ],
            [
              124,
              134
            ],
            [
              124,
              129
            ],
            [
              121,
              126
            ],
            [
              114,
              126
            ]
          ]
        ]
      },
      "properties": {
        "objectType": "annotation",
        "classification": {
          "name": "Neoplastic",
          "color": [
            255,
            0,
            0
          ]
        },
        "isLocked": false,
        "measurements": []
      }
    },
    {
      "type": "Feature",
      "id": "PathAnnotationObject",
      "geometry": {
        "type": "Polygon",
        "coordinates": [
          [
            [
              194,
              131
            ],
            [
              194,
              132
            ],
            [
              195,
              132
            ],
            [
              197,
              134
            ],
            [
              200,
              134
            ],
            [
              200,
              133
            ],
            [
              201,
              132
            ],
            [
              200,
              131
            ],
            [
              200,
              130
            ],
            [
              199,
              130
            ],
            [
              198,
              129
            ],
            [
              196,
              129
            ],
            [
              194,
              131
            ]
          ]
        ]
      },
      "properties": {
        "objectType": "annotation",
        "classification": {
          "name": "Inflammatory",
          "color": [
            0,
            0,
            255
          ]
        },
        "isLocked": false,
        "measurements": []
      }
    },
    {
      "type": "Feature",
      "id": "PathAnnotationObject",
      "geometry": {
        "type": "Polygon",
        "coordinates": [
          [
            [
              221,
              128
            ],
            [
              218,
              128
            ],
            [
              217,
              127
            ],
            [
              216,
              127
            ],
            [
              215,
              128
            ],
            [
              215,
              129
            ],
            [
              214,
              130
            ],
            [
              214,
              134
            ],
            [
              213,
              135
            ],
            [
              213,
              137
            ],
            [
              212,
              138
            ],
            [
              211,
              138
            ],
            [
              211,
              139
            ],
            [
              212,
              140
            ],
            [
              217,
              140
            ],
            [
              217,
              139
            ],
            [
              220,
              137
            ],
            [
              220,
              130
            ],
            [
              221,
              129
            ],
            [
              221,
              128
            ]
          ]
        ]
      },
      "properties": {
        "objectType": "annotation",
        "classification": {
          "name": "Inflammatory",
          "color": [
            0,
            0,
            255
          ]
        },
        "isLocked": false,
        "measurements": []
      }
    },
    {
      "type": "Feature",
      "id": "PathAnnotationObject",
      "geometry": {
        "type": "Polygon",
        "coordinates": [
          [
            [
              252,
              128
            ],
            [
              251,
              129
            ],
            [
              250,
              129
            ],
            [
              249,
              130
            ],
            [
              247,
              130
            ],
            [
              247,
              133
            ],
            [
              249,
              135
            ],
            [
              254,
              135
            ],
            [
              254,
              133
            ],
            [
              255,
              132
            ],
            [
              254,
              131
            ],
            [
              254,
              130
            ],
            [
              253,
              130
            ],
            [
              252,
              129
            ],
            [
              252,
              128
            ]
          ]
        ]
      },
      "properties": {
        "objectType": "annotation",
        "classification": {
          "name": "Neoplastic",
          "color": [
            255,
            0,
            0
          ]
        },
        "isLocked": false,
        "measurements": []
      }
    },
    {
      "type": "Feature",
      "id": "PathAnnotationObject",
      "geometry": {
        "type": "Polygon",
        "coordinates": [
          [
            [
              94,
              128
            ],
            [
              89,
              128
            ],
            [
              87,
              130
            ],
            [
              86,
              130
            ],
            [
              86,
              132
            ],
            [
              85,
              133
            ],
            [
              85,
              135
            ],
            [
              87,
              138
            ],
            [
              88,
              138
            ],
            [
              89,
              137
            ],
            [
              91,
              137
            ],
            [
              91,
              136
            ],
            [
              92,
              135
            ],
            [
              94,
              135
            ],
            [
              95,
              134
            ],
            [
              95,
              129
            ],
            [
              94,
              128
            ]
          ]
        ]
      },
      "properties": {
        "objectType": "annotation",
        "classification": {
          "name": "Neoplastic",
          "color": [
            255,
            0,
            0
          ]
        },
        "isLocked": false,
        "measurements": []
      }
    },
    {
      "type": "Feature",
      "id": "PathAnnotationObject",
      "geometry": {
        "type": "Polygon",
        "coordinates": [
          [
            [
              165,
              127
            ],
            [
              164,
              128
            ],
            [
              163,
              128
            ],
            [
              161,
              130
            ],
            [
              160,
              130
            ],
            [
              160,
              135
            ],
            [
              161,
              135
            ],
            [
              162,
              136
            ],
            [
              162,
              137
            ],
            [
              161,
              138
            ],
            [
              160,
              138
            ],
            [
              160,
              139
            ],
            [
              164,
              139
            ],
            [
              165,
              140
            ],
            [
              167,
              140
            ],
            [
              168,
              139
            ],
            [
              168,
              133
            ],
            [
              169,
              132
            ],
            [
              169,
              130
            ],
            [
              166,
              127
            ],
            [
              165,
              127
            ]
          ]
        ]
      },
      "properties": {
        "objectType": "annotation",
        "classification": {
          "name": "Neoplastic",
          "color": [
            255,
            0,
            0
          ]
        },
        "isLocked": false,
        "measurements": []
      }
    },
    {
      "type": "Feature",
      "id": "PathAnnotationObject",
      "geometry": {
        "type": "Polygon",
        "coordinates": [
          [
            [
              140,
              131
            ],
            [
              140,
              135
            ],
            [
              142,
              137
            ],
            [
              143,
              137
            ],
            [
              145,
              135
            ],
            [
              145,
              133
            ],
            [
              144,
              133
            ],
            [
              142,
              131
            ],
            [
              140,
              131
            ]
          ]
        ]
      },
      "properties": {
        "objectType": "annotation",
        "classification": {
          "name": "Neoplastic",
          "color": [
            255,
            0,
            0
          ]
        },
        "isLocked": false,
        "measurements": []
      }
    },
    {
      "type": "Feature",
      "id": "PathAnnotationObject",
      "geometry": {
        "type": "Polygon",
        "coordinates": [
          [
            [
              172,
              137
            ],
            [
              173,
              137
            ],
            [
              175,
              139
            ],
            [
              180,
              139
            ],
            [
              181,
              138
            ],
            [
              182,
              138
            ],
            [
              183,
              137
            ],
            [
              183,
              136
            ],
            [
              184,
              135
            ],
            [
              185,
              135
            ],
            [
              185,
              134
            ],
            [
              184,
              133
            ],
            [
              182,
              133
            ],
            [
              180,
              131
            ],
            [
              179,
              131
            ],
            [
              178,
              130
            ],
            [
              175,
              130
            ],
            [
              174,
              131
            ],
            [
              174,
              132
            ],
            [
              172,
              134
            ],
            [
              172,
              137
            ]
          ]
        ]
      },
      "properties": {
        "objectType": "annotation",
        "classification": {
          "name": "Neoplastic",
          "color": [
            255,
            0,
            0
          ]
        },
        "isLocked": false,
        "measurements": []
      }
    },
    {
      "type": "Feature",
      "id": "PathAnnotationObject",
      "geometry": {
        "type": "Polygon",
        "coordinates": [
          [
            [
              230,
              133
            ],
            [
              229,
              133
            ],
            [
              228,
              134
            ],
            [
              226,
              134
            ],
            [
              226,
              135
            ],
            [
              225,
              136
            ],
            [
              225,
              137
            ],
            [
              226,
              138
            ],
            [
              226,
              140
            ],
            [
              231,
              140
            ],
            [
              233,
              138
            ],
            [
              233,
              137
            ],
            [
              232,
              136
            ],
            [
              232,
              135
            ],
            [
              231,
              135
            ],
            [
              230,
              134
            ],
            [
              230,
              133
            ]
          ]
        ]
      },
      "properties": {
        "objectType": "annotation",
        "classification": {
          "name": "Inflammatory",
          "color": [
            0,
            0,
            255
          ]
        },
        "isLocked": false,
        "measurements": []
      }
    },
    {
      "type": "Feature",
      "id": "PathAnnotationObject",
      "geometry": {
        "type": "Polygon",
        "coordinates": [
          [
            [
              12,
              133
            ],
            [
              11,
              134
            ],
            [
              11,
              135
            ],
            [
              10,
              136
            ],
            [
              11,
              137
            ],
            [
              11,
              139
            ],
            [
              12,
              140
            ],
            [
              12,
              141
            ],
            [
              13,
              142
            ],
            [
              15,
              142
            ],
            [
              16,
              141
            ],
            [
              18,
              141
            ],
            [
              18,
              140
            ],
            [
              19,
              139
            ],
            [
              18,
              138
            ],
            [
              18,
              137
            ],
            [
              15,
              134
            ],
            [
              14,
              134
            ],
            [
              13,
              133
            ],
            [
              12,
              133
            ]
          ]
        ]
      },
      "properties": {
        "objectType": "annotation",
        "classification": {
          "name": "Connective",
          "color": [
            0,
            255,
            0
          ]
        },
        "isLocked": false,
        "measurements": []
      }
    },
    {
      "type": "Feature",
      "id": "PathAnnotationObject",
      "geometry": {
        "type": "Polygon",
        "coordinates": [
          [
            [
              242,
              137
            ],
            [
              242,
              141
            ],
            [
              246,
              141
            ],
            [
              248,
              139
            ],
            [
              249,
              139
            ],
            [
              249,
              137
            ],
            [
              248,
              136
            ],
            [
              243,
              136
            ],
            [
              242,
              137
            ]
          ]
        ]
      },
      "properties": {
        "objectType": "annotation",
        "classification": {
          "name": "Inflammatory",
          "color": [
            0,
            0,
            255
          ]
        },
        "isLocked": false,
        "measurements": []
      }
    },
    {
      "type": "Feature",
      "id": "PathAnnotationObject",
      "geometry": {
        "type": "Polygon",
        "coordinates": [
          [
            [
              0,
              136
            ],
            [
              0,
              139
            ],
            [
              3,
              142
            ],
            [
              7,
              142
            ],
            [
              7,
              140
            ],
            [
              8,
              139
            ],
            [
              8,
              138
            ],
            [
              7,
              137
            ],
            [
              7,
              136
            ],
            [
              5,
              136
            ],
            [
              4,
              135
            ],
            [
              2,
              135
            ],
            [
              1,
              136
            ],
            [
              0,
              136
            ]
          ]
        ]
      },
      "properties": {
        "objectType": "annotation",
        "classification": {
          "name": "Inflammatory",
          "color": [
            0,
            0,
            255
          ]
        },
        "isLocked": false,
        "measurements": []
      }
    },
    {
      "type": "Feature",
      "id": "PathAnnotationObject",
      "geometry": {
        "type": "Polygon",
        "coordinates": [
          [
            [
              234,
              141
            ],
            [
              234,
              142
            ],
            [
              235,
              143
            ],
            [
              235,
              144
            ],
            [
              237,
              144
            ],
            [
              239,
              142
            ],
            [
              244,
              142
            ],
            [
              242,
              142
            ],
            [
              241,
              141
            ],
            [
              241,
              137
            ],
            [
              237,
              137
            ],
            [
              235,
              139
            ],
            [
              235,
              140
            ],
            [
              234,
              141
            ]
          ]
        ]
      },
      "properties": {
        "objectType": "annotation",
        "classification": {
          "name": "Inflammatory",
          "color": [
            0,
            0,
            255
          ]
        },
        "isLocked": false,
        "measurements": []
      }
    },
    {
      "type": "Feature",
      "id": "PathAnnotationObject",
      "geometry": {
        "type": "Polygon",
        "coordinates": [
          [
            [
              205,
              138
            ],
            [
              204,
              137
            ],
            [
              203,
              137
            ],
            [
              202,
              136
            ],
            [
              199,
              139
            ],
            [
              199,
              140
            ],
            [
              198,
              141
            ],
            [
              198,
              142
            ],
            [
              199,
              142
            ],
            [
              200,
              141
            ],
            [
              205,
              141
            ],
            [
              205,
              138
            ]
          ]
        ]
      },
      "properties": {
        "objectType": "annotation",
        "classification": {
          "name": "Inflammatory",
          "color": [
            0,
            0,
            255
          ]
        },
        "isLocked": false,
        "measurements": []
      }
    },
    {
      "type": "Feature",
      "id": "PathAnnotationObject",
      "geometry": {
        "type": "Polygon",
        "coordinates": [
          [
            [
              110,
              135
            ],
            [
              105,
              135
            ],
            [
              103,
              137
            ],
            [
              103,
              138
            ],
            [
              99,
              143
            ],
            [
              99,
              146
            ],
            [
              98,
              147
            ],
            [
              97,
              147
            ],
            [
              98,
              147
            ],
            [
              99,
              148
            ],
            [
              104,
              148
            ],
            [
              105,
              147
            ],
            [
              107,
              147
            ],
            [
              108,
              146
            ],
            [
              108,
              145
            ],
            [
              109,
              144
            ],
            [
              110,
              144
            ],
            [
              110,
              135
            ]
          ]
        ]
      },
      "properties": {
        "objectType": "annotation",
        "classification": {
          "name": "Neoplastic",
          "color": [
            255,
            0,
            0
          ]
        },
        "isLocked": false,
        "measurements": []
      }
    },
    {
      "type": "Feature",
      "id": "PathAnnotationObject",
      "geometry": {
        "type": "Polygon",
        "coordinates": [
          [
            [
              158,
              144
            ],
            [
              159,
              145
            ],
            [
              159,
              146
            ],
            [
              160,
              146
            ],
            [
              161,
              147
            ],
            [
              162,
              146
            ],
            [
              164,
              146
            ],
            [
              166,
              144
            ],
            [
              166,
              143
            ],
            [
              167,
              142
            ],
            [
              167,
              141
            ],
            [
              165,
              141
            ],
            [
              164,
              140
            ],
            [
              159,
              140
            ],
            [
              159,
              142
            ],
            [
              158,
              143
            ],
            [
              158,
              144
            ]
          ]
        ]
      },
      "properties": {
        "objectType": "annotation",
        "classification": {
          "name": "Neoplastic",
          "color": [
            255,
            0,
            0
          ]
        },
        "isLocked": false,
        "measurements": []
      }
    },
    {
      "type": "Feature",
      "id": "PathAnnotationObject",
      "geometry": {
        "type": "Polygon",
        "coordinates": [
          [
            [
              255,
              140
            ],
            [
              254,
              139
            ],
            [
              250,
              139
            ],
            [
              249,
              140
            ],
            [
              248,
              140
            ],
            [
              249,
              141
            ],
            [
              247,
              143
            ],
            [
              247,
              145
            ],
            [
              248,
              146
            ],
            [
              252,
              146
            ],
            [
              254,
              144
            ],
            [
              254,
              141
            ],
            [
              255,
              140
            ]
          ]
        ]
      },
      "properties": {
        "objectType": "annotation",
        "classification": {
          "name": "Inflammatory",
          "color": [
            0,
            0,
            255
          ]
        },
        "isLocked": false,
        "measurements": []
      }
    },
    {
      "type": "Feature",
      "id": "PathAnnotationObject",
      "geometry": {
        "type": "Polygon",
        "coordinates": [
          [
            [
              200,
              142
            ],
            [
              201,
              143
            ],
            [
              205,
              143
            ],
            [
              206,
              144
            ],
            [
              206,
              145
            ],
            [
              208,
              147
            ],
            [
              212,
              147
            ],
            [
              212,
              143
            ],
            [
              211,
              143
            ],
            [
              210,
              142
            ],
            [
              200,
              142
            ]
          ]
        ]
      },
      "properties": {
        "objectType": "annotation",
        "classification": {
          "name": "Inflammatory",
          "color": [
            0,
            0,
            255
          ]
        },
        "isLocked": false,
        "measurements": []
      }
    },
    {
      "type": "Feature",
      "id": "PathAnnotationObject",
      "geometry": {
        "type": "Polygon",
        "coordinates": [
          [
            [
              158,
              145
            ],
            [
              156,
              142
            ],
            [
              155,
              142
            ],
            [
              154,
              141
            ],
            [
              150,
              141
            ],
            [
              149,
              142
            ],
            [
              148,
              142
            ],
            [
              148,
              143
            ],
            [
              146,
              145
            ],
            [
              145,
              145
            ],
            [
              143,
              147
            ],
            [
              143,
              148
            ],
            [
              144,
              149
            ],
            [
              147,
              147
            ],
            [
              149,
              149
            ],
            [
              154,
              149
            ],
            [
              155,
              148
            ],
            [
              158,
              147
            ],
            [
              158,
              145
            ]
          ]
        ]
      },
      "properties": {
        "objectType": "annotation",
        "classification": {
          "name": "Neoplastic",
          "color": [
            255,
            0,
            0
          ]
        },
        "isLocked": false,
        "measurements": []
      }
    },
    {
      "type": "Feature",
      "id": "PathAnnotationObject",
      "geometry": {
        "type": "Polygon",
        "coordinates": [
          [
            [
              21,
              142
            ],
            [
              21,
              144
            ],
            [
              20,
              145
            ],
            [
              19,
              145
            ],
            [
              20,
              146
            ],
            [
              20,
              147
            ],
            [
              21,
              148
            ],
            [
              21,
              149
            ],
            [
              22,
              149
            ],
            [
              23,
              150
            ],
            [
              24,
              150
            ],
            [
              25,
              149
            ],
            [
              25,
              146
            ],
            [
              27,
              144
            ],
            [
              27,
              143
            ],
            [
              26,
              143
            ],
            [
              25,
              142
            ],
            [
              21,
              142
            ]
          ]
        ]
      },
      "properties": {
        "objectType": "annotation",
        "classification": {
          "name": "Inflammatory",
          "color": [
            0,
            0,
            255
          ]
        },
        "isLocked": false,
        "measurements": []
      }
    },
    {
      "type": "Feature",
      "id": "PathAnnotationObject",
      "geometry": {
        "type": "Polygon",
        "coordinates": [
          [
            [
              115,
              142
            ],
            [
              113,
              144
            ],
            [
              113,
              148
            ],
            [
              114,
              149
            ],
            [
              114,
              150
            ],
            [
              115,
              150
            ],
            [
              116,
              151
            ],
            [
              117,
              151
            ],
            [
              118,
              150
            ],
            [
              119,
              150
            ],
            [
              119,
              149
            ],
            [
              120,
              148
            ],
            [
              120,
              144
            ],
            [
              118,
              142
            ],
            [
              115,
              142
            ]
          ]
        ]
      },
      "properties": {
        "objectType": "annotation",
        "classification": {
          "name": "Neoplastic",
          "color": [
            255,
            0,
            0
          ]
        },
        "isLocked": false,
        "measurements": []
      }
    },
    {
      "type": "Feature",
      "id": "PathAnnotationObject",
      "geometry": {
        "type": "Polygon",
        "coordinates": [
          [
            [
              178,
              143
            ],
            [
              177,
              143
            ],
            [
              176,
              142
            ],
            [
              173,
              142
            ],
            [
              172,
              143
            ],
            [
              170,
              143
            ],
            [
              170,
              146
            ],
            [
              169,
              147
            ],
            [
              169,
              148
            ],
            [
              172,
              151
            ],
            [
              174,
              151
            ],
            [
              178,
              147
            ],
            [
              178,
              143
            ]
          ]
        ]
      },
      "properties": {
        "objectType": "annotation",
        "classification": {
          "name": "Neoplastic",
          "color": [
            255,
            0,
            0
          ]
        },
        "isLocked": false,
        "measurements": []
      }
    },
    {
      "type": "Feature",
      "id": "PathAnnotationObject",
      "geometry": {
        "type": "Polygon",
        "coordinates": [
          [
            [
              28,
              143
            ],
            [
              28,
              144
            ],
            [
              26,
              146
            ],
            [
              26,
              149
            ],
            [
              28,
              151
            ],
            [
              29,
              151
            ],
            [
              30,
              152
            ],
            [
              35,
              152
            ],
            [
              35,
              148
            ],
            [
              33,
              146
            ],
            [
              33,
              144
            ],
            [
              32,
              143
            ],
            [
              28,
              143
            ]
          ]
        ]
      },
      "properties": {
        "objectType": "annotation",
        "classification": {
          "name": "Connective",
          "color": [
            0,
            255,
            0
          ]
        },
        "isLocked": false,
        "measurements": []
      }
    },
    {
      "type": "Feature",
      "id": "PathAnnotationObject",
      "geometry": {
        "type": "Polygon",
        "coordinates": [
          [
            [
              217,
              144
            ],
            [
              216,
              145
            ],
            [
              216,
              146
            ],
            [
              215,
              147
            ],
            [
              215,
              150
            ],
            [
              216,
              151
            ],
            [
              218,
              151
            ],
            [
              219,
              152
            ],
            [
              220,
              152
            ],
            [
              221,
              151
            ],
            [
              222,
              151
            ],
            [
              222,
              150
            ],
            [
              224,
              148
            ],
            [
              224,
              147
            ],
            [
              222,
              145
            ],
            [
              221,
              145
            ],
            [
              220,
              144
            ],
            [
              217,
              144
            ]
          ]
        ]
      },
      "properties": {
        "objectType": "annotation",
        "classification": {
          "name": "Inflammatory",
          "color": [
            0,
            0,
            255
          ]
        },
        "isLocked": false,
        "measurements": []
      }
    },
    {
      "type": "Feature",
      "id": "PathAnnotationObject",
      "geometry": {
        "type": "Polygon",
        "coordinates": [
          [
            [
              20,
              148
            ],
            [
              19,
              147
            ],
            [
              19,
              146
            ],
            [
              18,
              147
            ],
            [
              17,
              146
            ],
            [
              16,
              146
            ],
            [
              15,
              147
            ],
            [
              13,
              147
            ],
            [
              11,
              149
            ],
            [
              11,
              150
            ],
            [
              12,
              150
            ],
            [
              13,
              151
            ],
            [
              17,
              151
            ],
            [
              19,
              149
            ],
            [
              20,
              149
            ],
            [
              20,
              148
            ]
          ]
        ]
      },
      "properties": {
        "objectType": "annotation",
        "classification": {
          "name": "Inflammatory",
          "color": [
            0,
            0,
            255
          ]
        },
        "isLocked": false,
        "measurements": []
      }
    },
    {
      "type": "Feature",
      "id": "PathAnnotationObject",
      "geometry": {
        "type": "Polygon",
        "coordinates": [
          [
            [
              201,
              148
            ],
            [
              201,
              149
            ],
            [
              200,
              150
            ],
            [
              200,
              153
            ],
            [
              201,
              154
            ],
            [
              201,
              155
            ],
            [
              202,
              155
            ],
            [
              203,
              156
            ],
            [
              205,
              156
            ],
            [
              206,
              155
            ],
            [
              206,
              153
            ],
            [
              207,
              152
            ],
            [
              206,
              151
            ],
            [
              206,
              150
            ],
            [
              205,
              149
            ],
            [
              205,
              148
            ],
            [
              201,
              148
            ]
          ]
        ]
      },
      "properties": {
        "objectType": "annotation",
        "classification": {
          "name": "Inflammatory",
          "color": [
            0,
            0,
            255
          ]
        },
        "isLocked": false,
        "measurements": []
      }
    },
    {
      "type": "Feature",
      "id": "PathAnnotationObject",
      "geometry": {
        "type": "Polygon",
        "coordinates": [
          [
            [
              50,
              150
            ],
            [
              50,
              152
            ],
            [
              54,
              156
            ],
            [
              61,
              156
            ],
            [
              61,
              153
            ],
            [
              60,
              153
            ],
            [
              57,
              150
            ],
            [
              55,
              150
            ],
            [
              54,
              149
            ],
            [
              53,
              149
            ],
            [
              52,
              150
            ],
            [
              50,
              150
            ]
          ]
        ]
      },
      "properties": {
        "objectType": "annotation",
        "classification": {
          "name": "Neoplastic",
          "color": [
            255,
            0,
            0
          ]
        },
        "isLocked": false,
        "measurements": []
      }
    },
    {
      "type": "Feature",
      "id": "PathAnnotationObject",
      "geometry": {
        "type": "Polygon",
        "coordinates": [
          [
            [
              227,
              149
            ],
            [
              226,
              149
            ],
            [
              225,
              150
            ],
            [
              223,
              150
            ],
            [
              223,
              151
            ],
            [
              222,
              152
            ],
            [
              221,
              152
            ],
            [
              225,
              156
            ],
            [
              227,
              156
            ],
            [
              229,
              154
            ],
            [
              229,
              152
            ],
            [
              228,
              151
            ],
            [
              228,
              150
            ],
            [
              227,
              149
            ]
          ]
        ]
      },
      "properties": {
        "objectType": "annotation",
        "classification": {
          "name": "Inflammatory",
          "color": [
            0,
            0,
            255
          ]
        },
        "isLocked": false,
        "measurements": []
      }
    },
    {
      "type": "Feature",
      "id": "PathAnnotationObject",
      "geometry": {
        "type": "Polygon",
        "coordinates": [
          [
            [
              145,
              153
            ],
            [
              145,
              156
            ],
            [
              148,
              159
            ],
            [
              154,
              159
            ],
            [
              155,
              158
            ],
            [
              156,
              158
            ],
            [
              156,
              155
            ],
            [
              157,
              154
            ],
            [
              156,
              153
            ],
            [
              156,
              152
            ],
            [
              154,
              150
            ],
            [
              147,
              150
            ],
            [
              147,
              151
            ],
            [
              145,
              153
            ]
          ]
        ]
      },
      "properties": {
        "objectType": "annotation",
        "classification": {
          "name": "Neoplastic",
          "color": [
            255,
            0,
            0
          ]
        },
        "isLocked": false,
        "measurements": []
      }
    },
    {
      "type": "Feature",
      "id": "PathAnnotationObject",
      "geometry": {
        "type": "Polygon",
        "coordinates": [
          [
            [
              4,
              146
            ],
            [
              3,
              147
            ],
            [
              4,
              148
            ],
            [
              4,
              152
            ],
            [
              5,
              153
            ],
            [
              5,
              155
            ],
            [
              4,
              156
            ],
            [
              4,
              159
            ],
            [
              5,
              159
            ],
            [
              6,
              160
            ],
            [
              10,
              160
            ],
            [
              11,
              159
            ],
            [
              13,
              159
            ],
            [
              12,
              158
            ],
            [
              13,
              157
            ],
            [
              12,
              156
            ],
            [
              12,
              155
            ],
            [
              11,
              155
            ],
            [
              10,
              154
            ],
            [
              10,
              149
            ],
            [
              7,
              146
            ],
            [
              4,
              146
            ]
          ]
        ]
      },
      "properties": {
        "objectType": "annotation",
        "classification": {
          "name": "Neoplastic",
          "color": [
            255,
            0,
            0
          ]
        },
        "isLocked": false,
        "measurements": []
      }
    },
    {
      "type": "Feature",
      "id": "PathAnnotationObject",
      "geometry": {
        "type": "Polygon",
        "coordinates": [
          [
            [
              121,
              151
            ],
            [
              116,
              154
            ],
            [
              116,
              156
            ],
            [
              114,
              159
            ],
            [
              114,
              164
            ],
            [
              116,
              166
            ],
            [
              117,
              166
            ],
            [
              118,
              167
            ],
            [
              120,
              167
            ],
            [
              121,
              166
            ],
            [
              122,
              166
            ],
            [
              122,
              165
            ],
            [
              123,
              164
            ],
            [
              124,
              164
            ],
            [
              124,
              163
            ],
            [
              125,
              162
            ],
            [
              125,
              160
            ],
            [
              127,
              157
            ],
            [
              125,
              155
            ],
            [
              125,
              154
            ],
            [
              123,
              152
            ],
            [
              122,
              152
            ],
            [
              121,
              151
            ]
          ]
        ]
      },
      "properties": {
        "objectType": "annotation",
        "classification": {
          "name": "Neoplastic",
          "color": [
            255,
            0,
            0
          ]
        },
        "isLocked": false,
        "measurements": []
      }
    },
    {
      "type": "Feature",
      "id": "PathAnnotationObject",
      "geometry": {
        "type": "Polygon",
        "coordinates": [
          [
            [
              239,
              159
            ],
            [
              240,
              160
            ],
            [
              241,
              160
            ],
            [
              242,
              161
            ],
            [
              242,
              162
            ],
            [
              243,
              161
            ],
            [
              248,
              161
            ],
            [
              248,
              159
            ],
            [
              249,
              158
            ],
            [
              249,
              157
            ],
            [
              248,
              157
            ],
            [
              246,
              155
            ],
            [
              242,
              155
            ],
            [
              241,
              156
            ],
            [
              241,
              157
            ],
            [
              239,
              159
            ]
          ]
        ]
      },
      "properties": {
        "objectType": "annotation",
        "classification": {
          "name": "Connective",
          "color": [
            0,
            255,
            0
          ]
        },
        "isLocked": false,
        "measurements": []
      }
    },
    {
      "type": "Feature",
      "id": "PathAnnotationObject",
      "geometry": {
        "type": "Polygon",
        "coordinates": [
          [
            [
              172,
              155
            ],
            [
              171,
              155
            ],
            [
              170,
              154
            ],
            [
              169,
              154
            ],
            [
              168,
              155
            ],
            [
              167,
              155
            ],
            [
              166,
              156
            ],
            [
              165,
              156
            ],
            [
              164,
              157
            ],
            [
              164,
              158
            ],
            [
              163,
              159
            ],
            [
              163,
              160
            ],
            [
              166,
              163
            ],
            [
              169,
              163
            ],
            [
              172,
              160
            ],
            [
              172,
              159
            ],
            [
              173,
              158
            ],
            [
              173,
              156
            ],
            [
              172,
              155
            ]
          ]
        ]
      },
      "properties": {
        "objectType": "annotation",
        "classification": {
          "name": "Neoplastic",
          "color": [
            255,
            0,
            0
          ]
        },
        "isLocked": false,
        "measurements": []
      }
    },
    {
      "type": "Feature",
      "id": "PathAnnotationObject",
      "geometry": {
        "type": "Polygon",
        "coordinates": [
          [
            [
              216,
              154
            ],
            [
              215,
              155
            ],
            [
              215,
              156
            ],
            [
              214,
              157
            ],
            [
              214,
              161
            ],
            [
              215,
              161
            ],
            [
              217,
              163
            ],
            [
              220,
              163
            ],
            [
              220,
              162
            ],
            [
              221,
              161
            ],
            [
              222,
              161
            ],
            [
              222,
              159
            ],
            [
              221,
              158
            ],
            [
              221,
              156
            ],
            [
              220,
              155
            ],
            [
              219,
              155
            ],
            [
              218,
              154
            ],
            [
              216,
              154
            ]
          ]
        ]
      },
      "properties": {
        "objectType": "annotation",
        "classification": {
          "name": "Neoplastic",
          "color": [
            255,
            0,
            0
          ]
        },
        "isLocked": false,
        "measurements": []
      }
    },
    {
      "type": "Feature",
      "id": "PathAnnotationObject",
      "geometry": {
        "type": "Polygon",
        "coordinates": [
          [
            [
              208,
              154
            ],
            [
              205,
              157
            ],
            [
              204,
              157
            ],
            [
              204,
              158
            ],
            [
              205,
              159
            ],
            [
              205,
              161
            ],
            [
              206,
              162
            ],
            [
              206,
              163
            ],
            [
              207,
              163
            ],
            [
              208,
              164
            ],
            [
              212,
              164
            ],
            [
              213,
              163
            ],
            [
              213,
              162
            ],
            [
              210,
              159
            ],
            [
              209,
              159
            ],
            [
              208,
              158
            ],
            [
              208,
              156
            ],
            [
              209,
              155
            ],
            [
              209,
              154
            ],
            [
              208,
              154
            ]
          ]
        ]
      },
      "properties": {
        "objectType": "annotation",
        "classification": {
          "name": "Inflammatory",
          "color": [
            0,
            0,
            255
          ]
        },
        "isLocked": false,
        "measurements": []
      }
    },
    {
      "type": "Feature",
      "id": "PathAnnotationObject",
      "geometry": {
        "type": "Polygon",
        "coordinates": [
          [
            [
              24,
              154
            ],
            [
              23,
              155
            ],
            [
              21,
              155
            ],
            [
              21,
              158
            ],
            [
              20,
              159
            ],
            [
              20,
              164
            ],
            [
              18,
              167
            ],
            [
              18,
              169
            ],
            [
              19,
              169
            ],
            [
              20,
              170
            ],
            [
              22,
              170
            ],
            [
              24,
              168
            ],
            [
              26,
              170
            ],
            [
              27,
              170
            ],
            [
              29,
              168
            ],
            [
              29,
              167
            ],
            [
              27,
              165
            ],
            [
              27,
              164
            ],
            [
              28,
              163
            ],
            [
              29,
              163
            ],
            [
              29,
              160
            ],
            [
              25,
              156
            ],
            [
              25,
              155
            ],
            [
              24,
              154
            ]
          ]
        ]
      },
      "properties": {
        "objectType": "annotation",
        "classification": {
          "name": "Inflammatory",
          "color": [
            0,
            0,
            255
          ]
        },
        "isLocked": false,
        "measurements": []
      }
    },
    {
      "type": "Feature",
      "id": "PathAnnotationObject",
      "geometry": {
        "type": "Polygon",
        "coordinates": [
          [
            [
              52,
              160
            ],
            [
              52,
              166
            ],
            [
              54,
              166
            ],
            [
              55,
              165
            ],
            [
              56,
              165
            ],
            [
              58,
              163
            ],
            [
              59,
              163
            ],
            [
              59,
              160
            ],
            [
              57,
              160
            ],
            [
              56,
              159
            ],
            [
              53,
              159
            ],
            [
              52,
              160
            ]
          ]
        ]
      },
      "properties": {
        "objectType": "annotation",
        "classification": {
          "name": "Neoplastic",
          "color": [
            255,
            0,
            0
          ]
        },
        "isLocked": false,
        "measurements": []
      }
    },
    {
      "type": "Feature",
      "id": "PathAnnotationObject",
      "geometry": {
        "type": "Polygon",
        "coordinates": [
          [
            [
              13,
              160
            ],
            [
              11,
              160
            ],
            [
              10,
              161
            ],
            [
              8,
              161
            ],
            [
              8,
              169
            ],
            [
              9,
              170
            ],
            [
              9,
              173
            ],
            [
              13,
              173
            ],
            [
              15,
              171
            ],
            [
              15,
              169
            ],
            [
              13,
              166
            ],
            [
              13,
              160
            ]
          ]
        ]
      },
      "properties": {
        "objectType": "annotation",
        "classification": {
          "name": "Inflammatory",
          "color": [
            0,
            0,
            255
          ]
        },
        "isLocked": false,
        "measurements": []
      }
    },
    {
      "type": "Feature",
      "id": "PathAnnotationObject",
      "geometry": {
        "type": "Polygon",
        "coordinates": [
          [
            [
              39,
              162
            ],
            [
              38,
              163
            ],
            [
              38,
              168
            ],
            [
              37,
              169
            ],
            [
              40,
              169
            ],
            [
              41,
              170
            ],
            [
              41,
              169
            ],
            [
              42,
              168
            ],
            [
              42,
              164
            ],
            [
              41,
              163
            ],
            [
              41,
              162
            ],
            [
              39,
              162
            ]
          ]
        ]
      },
      "properties": {
        "objectType": "annotation",
        "classification": {
          "name": "Neoplastic",
          "color": [
            255,
            0,
            0
          ]
        },
        "isLocked": false,
        "measurements": []
      }
    },
    {
      "type": "Feature",
      "id": "PathAnnotationObject",
      "geometry": {
        "type": "Polygon",
        "coordinates": [
          [
            [
              91,
              158
            ],
            [
              89,
              160
            ],
            [
              89,
              162
            ],
            [
              88,
              163
            ],
            [
              88,
              165
            ],
            [
              87,
              166
            ],
            [
              87,
              169
            ],
            [
              88,
              169
            ],
            [
              89,
              170
            ],
            [
              89,
              171
            ],
            [
              95,
              171
            ],
            [
              95,
              170
            ],
            [
              98,
              167
            ],
            [
              98,
              160
            ],
            [
              97,
              160
            ],
            [
              94,
              158
            ],
            [
              91,
              158
            ]
          ]
        ]
      },
      "properties": {
        "objectType": "annotation",
        "classification": {
          "name": "Neoplastic",
          "color": [
            255,
            0,
            0
          ]
        },
        "isLocked": false,
        "measurements": []
      }
    },
    {
      "type": "Feature",
      "id": "PathAnnotationObject",
      "geometry": {
        "type": "Polygon",
        "coordinates": [
          [
            [
              145,
              163
            ],
            [
              145,
              168
            ],
            [
              146,
              168
            ],
            [
              148,
              170
            ],
            [
              150,
              170
            ],
            [
              151,
              169
            ],
            [
              154,
              169
            ],
            [
              155,
              168
            ],
            [
              156,
              168
            ],
            [
              156,
              167
            ],
            [
              157,
              166
            ],
            [
              157,
              163
            ],
            [
              154,
              160
            ],
            [
              148,
              160
            ],
            [
              145,
              163
            ]
          ]
        ]
      },
      "properties": {
        "objectType": "annotation",
        "classification": {
          "name": "Neoplastic",
          "color": [
            255,
            0,
            0
          ]
        },
        "isLocked": false,
        "measurements": []
      }
    },
    {
      "type": "Feature",
      "id": "PathAnnotationObject",
      "geometry": {
        "type": "Polygon",
        "coordinates": [
          [
            [
              223,
              160
            ],
            [
              223,
              161
            ],
            [
              222,
              162
            ],
            [
              221,
              162
            ],
            [
              221,
              163
            ],
            [
              220,
              164
            ],
            [
              220,
              166
            ],
            [
              221,
              167
            ],
            [
              221,
              169
            ],
            [
              224,
              169
            ],
            [
              225,
              170
            ],
            [
              226,
              173
            ],
            [
              229,
              173
            ],
            [
              230,
              172
            ],
            [
              230,
              169
            ],
            [
              229,
              168
            ],
            [
              229,
              162
            ],
            [
              227,
              160
            ],
            [
              223,
              160
            ]
          ]
        ]
      },
      "properties": {
        "objectType": "annotation",
        "classification": {
          "name": "Inflammatory",
          "color": [
            0,
            0,
            255
          ]
        },
        "isLocked": false,
        "measurements": []
      }
    },
    {
      "type": "Feature",
      "id": "PathAnnotationObject",
      "geometry": {
        "type": "Polygon",
        "coordinates": [
          [
            [
              7,
              163
            ],
            [
              3,
              163
            ],
            [
              2,
              164
            ],
            [
              1,
              164
            ],
            [
              1,
              166
            ],
            [
              0,
              167
            ],
            [
              0,
              168
            ],
            [
              1,
              169
            ],
            [
              2,
              169
            ],
            [
              3,
              170
            ],
            [
              6,
              167
            ],
            [
              7,
              167
            ],
            [
              7,
              163
            ]
          ]
        ]
      },
      "properties": {
        "objectType": "annotation",
        "classification": {
          "name": "Inflammatory",
          "color": [
            0,
            0,
            255
          ]
        },
        "isLocked": false,
        "measurements": []
      }
    },
    {
      "type": "Feature",
      "id": "PathAnnotationObject",
      "geometry": {
        "type": "Polygon",
        "coordinates": [
          [
            [
              241,
              161
            ],
            [
              240,
              161
            ],
            [
              239,
              160
            ],
            [
              235,
              160
            ],
            [
              234,
              161
            ],
            [
              233,
              160
            ],
            [
              232,
              160
            ],
            [
              232,
              161
            ],
            [
              230,
              164
            ],
            [
              230,
              168
            ],
            [
              231,
              169
            ],
            [
              231,
              172
            ],
            [
              233,
              170
            ],
            [
              236,
              170
            ],
            [
              238,
              168
            ],
            [
              239,
              168
            ],
            [
              239,
              167
            ],
            [
              240,
              166
            ],
            [
              241,
              166
            ],
            [
              241,
              161
            ]
          ]
        ]
      },
      "properties": {
        "objectType": "annotation",
        "classification": {
          "name": "Inflammatory",
          "color": [
            0,
            0,
            255
          ]
        },
        "isLocked": false,
        "measurements": []
      }
    },
    {
      "type": "Feature",
      "id": "PathAnnotationObject",
      "geometry": {
        "type": "Polygon",
        "coordinates": [
          [
            [
              252,
              163
            ],
            [
              251,
              162
            ],
            [
              250,
              162
            ],
            [
              249,
              161
            ],
            [
              246,
              164
            ],
            [
              245,
              164
            ],
            [
              244,
              165
            ],
            [
              243,
              165
            ],
            [
              242,
              166
            ],
            [
              242,
              169
            ],
            [
              243,
              170
            ],
            [
              243,
              171
            ],
            [
              246,
              171
            ],
            [
              249,
              168
            ],
            [
              250,
              168
            ],
            [
              251,
              167
            ],
            [
              251,
              166
            ],
            [
              252,
              165
            ],
            [
              252,
              163
            ]
          ]
        ]
      },
      "properties": {
        "objectType": "annotation",
        "classification": {
          "name": "Inflammatory",
          "color": [
            0,
            0,
            255
          ]
        },
        "isLocked": false,
        "measurements": []
      }
    },
    {
      "type": "Feature",
      "id": "PathAnnotationObject",
      "geometry": {
        "type": "Polygon",
        "coordinates": [
          [
            [
              195,
              163
            ],
            [
              193,
              163
            ],
            [
              189,
              167
            ],
            [
              188,
              167
            ],
            [
              188,
              170
            ],
            [
              189,
              171
            ],
            [
              191,
              171
            ],
            [
              195,
              167
            ],
            [
              195,
              163
            ]
          ]
        ]
      },
      "properties": {
        "objectType": "annotation",
        "classification": {
          "name": "Neoplastic",
          "color": [
            255,
            0,
            0
          ]
        },
        "isLocked": false,
        "measurements": []
      }
    },
    {
      "type": "Feature",
      "id": "PathAnnotationObject",
      "geometry": {
        "type": "Polygon",
        "coordinates": [
          [
            [
              216,
              167
            ],
            [
              216,
              168
            ],
            [
              215,
              169
            ],
            [
              215,
              171
            ],
            [
              216,
              172
            ],
            [
              216,
              173
            ],
            [
              220,
              173
            ],
            [
              220,
              169
            ],
            [
              219,
              168
            ],
            [
              219,
              167
            ],
            [
              216,
              167
            ]
          ]
        ]
      },
      "properties": {
        "objectType": "annotation",
        "classification": {
          "name": "Neoplastic",
          "color": [
            255,
            0,
            0
          ]
        },
        "isLocked": false,
        "measurements": []
      }
    },
    {
      "type": "Feature",
      "id": "PathAnnotationObject",
      "geometry": {
        "type": "Polygon",
        "coordinates": [
          [
            [
              204,
              168
            ],
            [
              202,
              170
            ],
            [
              202,
              171
            ],
            [
              201,
              172
            ],
            [
              201,
              173
            ],
            [
              202,
              173
            ],
            [
              203,
              174
            ],
            [
              206,
              174
            ],
            [
              208,
              172
            ],
            [
              208,
              171
            ],
            [
              207,
              170
            ],
            [
              207,
              169
            ],
            [
              205,
              169
            ],
            [
              204,
              168
            ]
          ]
        ]
      },
      "properties": {
        "objectType": "annotation",
        "classification": {
          "name": "Inflammatory",
          "color": [
            0,
            0,
            255
          ]
        },
        "isLocked": false,
        "measurements": []
      }
    },
    {
      "type": "Feature",
      "id": "PathAnnotationObject",
      "geometry": {
        "type": "Polygon",
        "coordinates": [
          [
            [
              172,
              164
            ],
            [
              172,
              165
            ],
            [
              169,
              169
            ],
            [
              170,
              170
            ],
            [
              170,
              173
            ],
            [
              171,
              173
            ],
            [
              174,
              176
            ],
            [
              176,
              176
            ],
            [
              179,
              178
            ],
            [
              182,
              177
            ],
            [
              185,
              174
            ],
            [
              185,
              169
            ],
            [
              183,
              169
            ],
            [
              180,
              167
            ],
            [
              179,
              168
            ],
            [
              178,
              167
            ],
            [
              175,
              166
            ],
            [
              174,
              165
            ],
            [
              174,
              164
            ],
            [
              172,
              164
            ]
          ]
        ]
      },
      "properties": {
        "objectType": "annotation",
        "classification": {
          "name": "Neoplastic",
          "color": [
            255,
            0,
            0
          ]
        },
        "isLocked": false,
        "measurements": []
      }
    },
    {
      "type": "Feature",
      "id": "PathAnnotationObject",
      "geometry": {
        "type": "Polygon",
        "coordinates": [
          [
            [
              235,
              174
            ],
            [
              235,
              177
            ],
            [
              236,
              177
            ],
            [
              237,
              178
            ],
            [
              238,
              178
            ],
            [
              239,
              177
            ],
            [
              242,
              177
            ],
            [
              242,
              173
            ],
            [
              240,
              171
            ],
            [
              238,
              171
            ],
            [
              235,
              174
            ]
          ]
        ]
      },
      "properties": {
        "objectType": "annotation",
        "classification": {
          "name": "Inflammatory",
          "color": [
            0,
            0,
            255
          ]
        },
        "isLocked": false,
        "measurements": []
      }
    },
    {
      "type": "Feature",
      "id": "PathAnnotationObject",
      "geometry": {
        "type": "Polygon",
        "coordinates": [
          [
            [
              35,
              170
            ],
            [
              33,
              172
            ],
            [
              33,
              177
            ],
            [
              35,
              179
            ],
            [
              35,
              180
            ],
            [
              36,
              181
            ],
            [
              39,
              181
            ],
            [
              39,
              180
            ],
            [
              41,
              178
            ],
            [
              41,
              171
            ],
            [
              40,
              170
            ],
            [
              35,
              170
            ]
          ]
        ]
      },
      "properties": {
        "objectType": "annotation",
        "classification": {
          "name": "Connective",
          "color": [
            0,
            255,
            0
          ]
        },
        "isLocked": false,
        "measurements": []
      }
    },
    {
      "type": "Feature",
      "id": "PathAnnotationObject",
      "geometry": {
        "type": "Polygon",
        "coordinates": [
          [
            [
              61,
              174
            ],
            [
              60,
              173
            ],
            [
              56,
              173
            ],
            [
              55,
              174
            ],
            [
              53,
              174
            ],
            [
              52,
              175
            ],
            [
              52,
              178
            ],
            [
              53,
              179
            ],
            [
              56,
              179
            ],
            [
              57,
              178
            ],
            [
              59,
              178
            ],
            [
              59,
              177
            ],
            [
              61,
              175
            ],
            [
              61,
              174
            ]
          ]
        ]
      },
      "properties": {
        "objectType": "annotation",
        "classification": {
          "name": "Neoplastic",
          "color": [
            255,
            0,
            0
          ]
        },
        "isLocked": false,
        "measurements": []
      }
    },
    {
      "type": "Feature",
      "id": "PathAnnotationObject",
      "geometry": {
        "type": "Polygon",
        "coordinates": [
          [
            [
              243,
              174
            ],
            [
              243,
              176
            ],
            [
              245,
              178
            ],
            [
              249,
              178
            ],
            [
              251,
              176
            ],
            [
              252,
              176
            ],
            [
              252,
              175
            ],
            [
              251,
              175
            ],
            [
              250,
              174
            ],
            [
              248,
              174
            ],
            [
              247,
              173
            ],
            [
              247,
              172
            ],
            [
              245,
              174
            ],
            [
              243,
              174
            ]
          ]
        ]
      },
      "properties": {
        "objectType": "annotation",
        "classification": {
          "name": "Inflammatory",
          "color": [
            0,
            0,
            255
          ]
        },
        "isLocked": false,
        "measurements": []
      }
    },
    {
      "type": "Feature",
      "id": "PathAnnotationObject",
      "geometry": {
        "type": "Polygon",
        "coordinates": [
          [
            [
              74,
              168
            ],
            [
              73,
              168
            ],
            [
              67,
              174
            ],
            [
              67,
              179
            ],
            [
              69,
              181
            ],
            [
              71,
              181
            ],
            [
              74,
              178
            ],
            [
              75,
              178
            ],
            [
              74,
              177
            ],
            [
              76,
              175
            ],
            [
              76,
              173
            ],
            [
              77,
              172
            ],
            [
              76,
              171
            ],
            [
              76,
              169
            ],
            [
              75,
              169
            ],
            [
              74,
              168
            ]
          ]
        ]
      },
      "properties": {
        "objectType": "annotation",
        "classification": {
          "name": "Neoplastic",
          "color": [
            255,
            0,
            0
          ]
        },
        "isLocked": false,
        "measurements": []
      }
    },
    {
      "type": "Feature",
      "id": "PathAnnotationObject",
      "geometry": {
        "type": "Polygon",
        "coordinates": [
          [
            [
              5,
              177
            ],
            [
              5,
              178
            ],
            [
              6,
              178
            ],
            [
              7,
              179
            ],
            [
              7,
              180
            ],
            [
              10,
              180
            ],
            [
              11,
              181
            ],
            [
              12,
              181
            ],
            [
              14,
              179
            ],
            [
              13,
              178
            ],
            [
              13,
              177
            ],
            [
              12,
              176
            ],
            [
              12,
              175
            ],
            [
              11,
              175
            ],
            [
              10,
              174
            ],
            [
              9,
              174
            ],
            [
              7,
              176
            ],
            [
              6,
              176
            ],
            [
              5,
              177
            ]
          ]
        ]
      },
      "properties": {
        "objectType": "annotation",
        "classification": {
          "name": "Neoplastic",
          "color": [
            255,
            0,
            0
          ]
        },
        "isLocked": false,
        "measurements": []
      }
    },
    {
      "type": "Feature",
      "id": "PathAnnotationObject",
      "geometry": {
        "type": "Polygon",
        "coordinates": [
          [
            [
              21,
              173
            ],
            [
              21,
              180
            ],
            [
              22,
              181
            ],
            [
              22,
              182
            ],
            [
              23,
              183
            ],
            [
              28,
              183
            ],
            [
              29,
              182
            ],
            [
              29,
              179
            ],
            [
              28,
              178
            ],
            [
              28,
              177
            ],
            [
              27,
              176
            ],
            [
              27,
              174
            ],
            [
              25,
              172
            ],
            [
              23,
              172
            ],
            [
              22,
              173
            ],
            [
              21,
              173
            ]
          ]
        ]
      },
      "properties": {
        "objectType": "annotation",
        "classification": {
          "name": "Inflammatory",
          "color": [
            0,
            0,
            255
          ]
        },
        "isLocked": false,
        "measurements": []
      }
    },
    {
      "type": "Feature",
      "id": "PathAnnotationObject",
      "geometry": {
        "type": "Polygon",
        "coordinates": [
          [
            [
              88,
              174
            ],
            [
              86,
              174
            ],
            [
              84,
              176
            ],
            [
              84,
              178
            ],
            [
              83,
              179
            ],
            [
              83,
              181
            ],
            [
              84,
              182
            ],
            [
              84,
              183
            ],
            [
              86,
              183
            ],
            [
              87,
              182
            ],
            [
              88,
              182
            ],
            [
              89,
              181
            ],
            [
              89,
              178
            ],
            [
              90,
              177
            ],
            [
              89,
              176
            ],
            [
              89,
              175
            ],
            [
              88,
              174
            ]
          ]
        ]
      },
      "properties": {
        "objectType": "annotation",
        "classification": {
          "name": "Neoplastic",
          "color": [
            255,
            0,
            0
          ]
        },
        "isLocked": false,
        "measurements": []
      }
    },
    {
      "type": "Feature",
      "id": "PathAnnotationObject",
      "geometry": {
        "type": "Polygon",
        "coordinates": [
          [
            [
              191,
              175
            ],
            [
              185,
              175
            ],
            [
              184,
              176
            ],
            [
              185,
              177
            ],
            [
              183,
              179
            ],
            [
              183,
              182
            ],
            [
              184,
              183
            ],
            [
              184,
              184
            ],
            [
              185,
              185
            ],
            [
              188,
              185
            ],
            [
              191,
              182
            ],
            [
              191,
              179
            ],
            [
              192,
              178
            ],
            [
              192,
              177
            ],
            [
              191,
              176
            ],
            [
              191,
              175
            ]
          ]
        ]
      },
      "properties": {
        "objectType": "annotation",
        "classification": {
          "name": "Neoplastic",
          "color": [
            255,
            0,
            0
          ]
        },
        "isLocked": false,
        "measurements": []
      }
    },
    {
      "type": "Feature",
      "id": "PathAnnotationObject",
      "geometry": {
        "type": "Polygon",
        "coordinates": [
          [
            [
              209,
              180
            ],
            [
              210,
              181
            ],
            [
              213,
              181
            ],
            [
              215,
              183
            ],
            [
              217,
              183
            ],
            [
              217,
              182
            ],
            [
              218,
              181
            ],
            [
              219,
              181
            ],
            [
              219,
              179
            ],
            [
              217,
              177
            ],
            [
              212,
              177
            ],
            [
              209,
              180
            ]
          ]
        ]
      },
      "properties": {
        "objectType": "annotation",
        "classification": {
          "name": "Inflammatory",
          "color": [
            0,
            0,
            255
          ]
        },
        "isLocked": false,
        "measurements": []
      }
    },
    {
      "type": "Feature",
      "id": "PathAnnotationObject",
      "geometry": {
        "type": "Polygon",
        "coordinates": [
          [
            [
              230,
              173
            ],
            [
              229,
              174
            ],
            [
              228,
              174
            ],
            [
              225,
              177
            ],
            [
              222,
              177
            ],
            [
              221,
              178
            ],
            [
              221,
              183
            ],
            [
              223,
              185
            ],
            [
              228,
              185
            ],
            [
              228,
              182
            ],
            [
              229,
              181
            ],
            [
              229,
              178
            ],
            [
              228,
              177
            ],
            [
              228,
              176
            ],
            [
              230,
              174
            ],
            [
              230,
              173
            ]
          ]
        ]
      },
      "properties": {
        "objectType": "annotation",
        "classification": {
          "name": "Inflammatory",
          "color": [
            0,
            0,
            255
          ]
        },
        "isLocked": false,
        "measurements": []
      }
    },
    {
      "type": "Feature",
      "id": "PathAnnotationObject",
      "geometry": {
        "type": "Polygon",
        "coordinates": [
          [
            [
              0,
              178
            ],
            [
              0,
              187
            ],
            [
              2,
              187
            ],
            [
              3,
              186
            ],
            [
              4,
              187
            ],
            [
              4,
              190
            ],
            [
              5,
              191
            ],
            [
              8,
              191
            ],
            [
              8,
              190
            ],
            [
              10,
              188
            ],
            [
              10,
              186
            ],
            [
              9,
              185
            ],
            [
              8,
              182
            ],
            [
              6,
              180
            ],
            [
              6,
              179
            ],
            [
              5,
              179
            ],
            [
              4,
              178
            ],
            [
              4,
              177
            ],
            [
              2,
              177
            ],
            [
              1,
              178
            ],
            [
              0,
              178
            ]
          ]
        ]
      },
      "properties": {
        "objectType": "annotation",
        "classification": {
          "name": "Inflammatory",
          "color": [
            0,
            0,
            255
          ]
        },
        "isLocked": false,
        "measurements": []
      }
    },
    {
      "type": "Feature",
      "id": "PathAnnotationObject",
      "geometry": {
        "type": "Polygon",
        "coordinates": [
          [
            [
              169,
              179
            ],
            [
              169,
              180
            ],
            [
              167,
              182
            ],
            [
              167,
              183
            ],
            [
              168,
              184
            ],
            [
              168,
              185
            ],
            [
              170,
              187
            ],
            [
              171,
              187
            ],
            [
              172,
              188
            ],
            [
              174,
              188
            ],
            [
              176,
              186
            ],
            [
              176,
              185
            ],
            [
              177,
              184
            ],
            [
              177,
              182
            ],
            [
              174,
              179
            ],
            [
              169,
              179
            ]
          ]
        ]
      },
      "properties": {
        "objectType": "annotation",
        "classification": {
          "name": "Neoplastic",
          "color": [
            255,
            0,
            0
          ]
        },
        "isLocked": false,
        "measurements": []
      }
    },
    {
      "type": "Feature",
      "id": "PathAnnotationObject",
      "geometry": {
        "type": "Polygon",
        "coordinates": [
          [
            [
              231,
              177
            ],
            [
              231,
              179
            ],
            [
              229,
              182
            ],
            [
              229,
              185
            ],
            [
              230,
              186
            ],
            [
              230,
              188
            ],
            [
              235,
              188
            ],
            [
              234,
              187
            ],
            [
              236,
              185
            ],
            [
              236,
              184
            ],
            [
              237,
              183
            ],
            [
              237,
              179
            ],
            [
              234,
              177
            ],
            [
              231,
              177
            ]
          ]
        ]
      },
      "properties": {
        "objectType": "annotation",
        "classification": {
          "name": "Inflammatory",
          "color": [
            0,
            0,
            255
          ]
        },
        "isLocked": false,
        "measurements": []
      }
    },
    {
      "type": "Feature",
      "id": "PathAnnotationObject",
      "geometry": {
        "type": "Polygon",
        "coordinates": [
          [
            [
              52,
              179
            ],
            [
              51,
              180
            ],
            [
              50,
              179
            ],
            [
              48,
              179
            ],
            [
              47,
              180
            ],
            [
              47,
              181
            ],
            [
              46,
              182
            ],
            [
              46,
              183
            ],
            [
              45,
              184
            ],
            [
              45,
              185
            ],
            [
              47,
              187
            ],
            [
              47,
              188
            ],
            [
              48,
              188
            ],
            [
              49,
              189
            ],
            [
              50,
              188
            ],
            [
              51,
              188
            ],
            [
              53,
              186
            ],
            [
              54,
              186
            ],
            [
              54,
              183
            ],
            [
              52,
              181
            ],
            [
              52,
              179
            ]
          ]
        ]
      },
      "properties": {
        "objectType": "annotation",
        "classification": {
          "name": "Neoplastic",
          "color": [
            255,
            0,
            0
          ]
        },
        "isLocked": false,
        "measurements": []
      }
    },
    {
      "type": "Feature",
      "id": "PathAnnotationObject",
      "geometry": {
        "type": "Polygon",
        "coordinates": [
          [
            [
              75,
              179
            ],
            [
              75,
              180
            ],
            [
              74,
              181
            ],
            [
              73,
              181
            ],
            [
              72,
              182
            ],
            [
              72,
              187
            ],
            [
              73,
              188
            ],
            [
              78,
              188
            ],
            [
              78,
              187
            ],
            [
              79,
              186
            ],
            [
              80,
              186
            ],
            [
              80,
              179
            ],
            [
              75,
              179
            ]
          ]
        ]
      },
      "properties": {
        "objectType": "annotation",
        "classification": {
          "name": "Neoplastic",
          "color": [
            255,
            0,
            0
          ]
        },
        "isLocked": false,
        "measurements": []
      }
    },
    {
      "type": "Feature",
      "id": "PathAnnotationObject",
      "geometry": {
        "type": "Polygon",
        "coordinates": [
          [
            [
              152,
              179
            ],
            [
              145,
              179
            ],
            [
              145,
              180
            ],
            [
              143,
              182
            ],
            [
              143,
              190
            ],
            [
              144,
              191
            ],
            [
              146,
              191
            ],
            [
              147,
              190
            ],
            [
              148,
              190
            ],
            [
              150,
              188
            ],
            [
              151,
              188
            ],
            [
              151,
              187
            ],
            [
              152,
              186
            ],
            [
              152,
              179
            ]
          ]
        ]
      },
      "properties": {
        "objectType": "annotation",
        "classification": {
          "name": "Neoplastic",
          "color": [
            255,
            0,
            0
          ]
        },
        "isLocked": false,
        "measurements": []
      }
    },
    {
      "type": "Feature",
      "id": "PathAnnotationObject",
      "geometry": {
        "type": "Polygon",
        "coordinates": [
          [
            [
              198,
              179
            ],
            [
              196,
              179
            ],
            [
              196,
              180
            ],
            [
              197,
              181
            ],
            [
              196,
              182
            ],
            [
              194,
              182
            ],
            [
              194,
              185
            ],
            [
              192,
              187
            ],
            [
              192,
              188
            ],
            [
              193,
              188
            ],
            [
              194,
              189
            ],
            [
              195,
              189
            ],
            [
              196,
              188
            ],
            [
              200,
              188
            ],
            [
              200,
              186
            ],
            [
              201,
              185
            ],
            [
              199,
              183
            ],
            [
              199,
              180
            ],
            [
              198,
              179
            ]
          ]
        ]
      },
      "properties": {
        "objectType": "annotation",
        "classification": {
          "name": "Connective",
          "color": [
            0,
            255,
            0
          ]
        },
        "isLocked": false,
        "measurements": []
      }
    },
    {
      "type": "Feature",
      "id": "PathAnnotationObject",
      "geometry": {
        "type": "Polygon",
        "coordinates": [
          [
            [
              244,
              181
            ],
            [
              243,
              182
            ],
            [
              241,
              182
            ],
            [
              241,
              184
            ],
            [
              239,
              187
            ],
            [
              239,
              188
            ],
            [
              241,
              191
            ],
            [
              244,
              191
            ],
            [
              245,
              192
            ],
            [
              245,
              195
            ],
            [
              244,
              196
            ],
            [
              243,
              196
            ],
            [
              243,
              198
            ],
            [
              244,
              198
            ],
            [
              246,
              195
            ],
            [
              248,
              195
            ],
            [
              249,
              194
            ],
            [
              249,
              192
            ],
            [
              250,
              191
            ],
            [
              249,
              190
            ],
            [
              249,
              188
            ],
            [
              250,
              187
            ],
            [
              248,
              187
            ],
            [
              246,
              185
            ],
            [
              246,
              182
            ],
            [
              245,
              182
            ],
            [
              244,
              181
            ]
          ]
        ]
      },
      "properties": {
        "objectType": "annotation",
        "classification": {
          "name": "Inflammatory",
          "color": [
            0,
            0,
            255
          ]
        },
        "isLocked": false,
        "measurements": []
      }
    },
    {
      "type": "Feature",
      "id": "PathAnnotationObject",
      "geometry": {
        "type": "Polygon",
        "coordinates": [
          [
            [
              214,
              184
            ],
            [
              214,
              185
            ],
            [
              213,
              186
            ],
            [
              210,
              186
            ],
            [
              208,
              184
            ],
            [
              207,
              184
            ],
            [
              206,
              185
            ],
            [
              206,
              190
            ],
            [
              204,
              192
            ],
            [
              204,
              197
            ],
            [
              205,
              197
            ],
            [
              206,
              198
            ],
            [
              208,
              198
            ],
            [
              209,
              197
            ],
            [
              210,
              197
            ],
            [
              210,
              196
            ],
            [
              211,
              195
            ],
            [
              212,
              195
            ],
            [
              212,
              192
            ],
            [
              214,
              190
            ],
            [
              215,
              190
            ],
            [
              215,
              185
            ],
            [
              214,
              184
            ]
          ]
        ]
      },
      "properties": {
        "objectType": "annotation",
        "classification": {
          "name": "Inflammatory",
          "color": [
            0,
            0,
            255
          ]
        },
        "isLocked": false,
        "measurements": []
      }
    },
    {
      "type": "Feature",
      "id": "PathAnnotationObject",
      "geometry": {
        "type": "Polygon",
        "coordinates": [
          [
            [
              35,
              187
            ],
            [
              35,
              188
            ],
            [
              34,
              189
            ],
            [
              34,
              191
            ],
            [
              35,
              192
            ],
            [
              35,
              193
            ],
            [
              36,
              194
            ],
            [
              37,
              194
            ],
            [
              38,
              193
            ],
            [
              39,
              193
            ],
            [
              39,
              192
            ],
            [
              40,
              191
            ],
            [
              40,
              190
            ],
            [
              37,
              187
            ],
            [
              35,
              187
            ]
          ]
        ]
      },
      "properties": {
        "objectType": "annotation",
        "classification": {
          "name": "Inflammatory",
          "color": [
            0,
            0,
            255
          ]
        },
        "isLocked": false,
        "measurements": []
      }
    },
    {
      "type": "Feature",
      "id": "PathAnnotationObject",
      "geometry": {
        "type": "Polygon",
        "coordinates": [
          [
            [
              66,
              184
            ],
            [
              64,
              186
            ],
            [
              63,
              186
            ],
            [
              60,
              189
            ],
            [
              60,
              191
            ],
            [
              61,
              191
            ],
            [
              62,
              192
            ],
            [
              62,
              193
            ],
            [
              64,
              195
            ],
            [
              67,
              195
            ],
            [
              67,
              194
            ],
            [
              69,
              192
            ],
            [
              69,
              191
            ],
            [
              70,
              190
            ],
            [
              70,
              189
            ],
            [
              69,
              188
            ],
            [
              69,
              186
            ],
            [
              68,
              186
            ],
            [
              66,
              184
            ]
          ]
        ]
      },
      "properties": {
        "objectType": "annotation",
        "classification": {
          "name": "Neoplastic",
          "color": [
            255,
            0,
            0
          ]
        },
        "isLocked": false,
        "measurements": []
      }
    },
    {
      "type": "Feature",
      "id": "PathAnnotationObject",
      "geometry": {
        "type": "Polygon",
        "coordinates": [
          [
            [
              224,
              189
            ],
            [
              223,
              189
            ],
            [
              222,
              188
            ],
            [
              220,
              188
            ],
            [
              219,
              189
            ],
            [
              218,
              189
            ],
            [
              218,
              190
            ],
            [
              217,
              191
            ],
            [
              216,
              191
            ],
            [
              216,
              193
            ],
            [
              215,
              194
            ],
            [
              215,
              195
            ],
            [
              217,
              197
            ],
            [
              220,
              197
            ],
            [
              223,
              194
            ],
            [
              224,
              194
            ],
            [
              225,
              193
            ],
            [
              225,
              191
            ],
            [
              224,
              190
            ],
            [
              224,
              189
            ]
          ]
        ]
      },
      "properties": {
        "objectType": "annotation",
        "classification": {
          "name": "Neoplastic",
          "color": [
            255,
            0,
            0
          ]
        },
        "isLocked": false,
        "measurements": []
      }
    },
    {
      "type": "Feature",
      "id": "PathAnnotationObject",
      "geometry": {
        "type": "Polygon",
        "coordinates": [
          [
            [
              152,
              195
            ],
            [
              153,
              196
            ],
            [
              158,
              196
            ],
            [
              159,
              195
            ],
            [
              160,
              195
            ],
            [
              161,
              194
            ],
            [
              161,
              193
            ],
            [
              162,
              192
            ],
            [
              162,
              191
            ],
            [
              161,
              190
            ],
            [
              161,
              189
            ],
            [
              153,
              189
            ],
            [
              153,
              190
            ],
            [
              152,
              191
            ],
            [
              152,
              195
            ]
          ]
        ]
      },
      "properties": {
        "objectType": "annotation",
        "classification": {
          "name": "Neoplastic",
          "color": [
            255,
            0,
            0
          ]
        },
        "isLocked": false,
        "measurements": []
      }
    },
    {
      "type": "Feature",
      "id": "PathAnnotationObject",
      "geometry": {
        "type": "Polygon",
        "coordinates": [
          [
            [
              235,
              189
            ],
            [
              230,
              189
            ],
            [
              230,
              190
            ],
            [
              228,
              192
            ],
            [
              228,
              193
            ],
            [
              227,
              194
            ],
            [
              226,
              194
            ],
            [
              226,
              195
            ],
            [
              227,
              195
            ],
            [
              228,
              196
            ],
            [
              228,
              197
            ],
            [
              230,
              197
            ],
            [
              231,
              198
            ],
            [
              232,
              198
            ],
            [
              233,
              197
            ],
            [
              234,
              197
            ],
            [
              234,
              195
            ],
            [
              235,
              194
            ],
            [
              235,
              189
            ]
          ]
        ]
      },
      "properties": {
        "objectType": "annotation",
        "classification": {
          "name": "Inflammatory",
          "color": [
            0,
            0,
            255
          ]
        },
        "isLocked": false,
        "measurements": []
      }
    },
    {
      "type": "Feature",
      "id": "PathAnnotationObject",
      "geometry": {
        "type": "Polygon",
        "coordinates": [
          [
            [
              54,
              191
            ],
            [
              53,
              192
            ],
            [
              52,
              192
            ],
            [
              52,
              198
            ],
            [
              53,
              199
            ],
            [
              53,
              200
            ],
            [
              54,
              200
            ],
            [
              55,
              201
            ],
            [
              56,
              201
            ],
            [
              57,
              200
            ],
            [
              57,
              192
            ],
            [
              56,
              191
            ],
            [
              54,
              191
            ]
          ]
        ]
      },
      "properties": {
        "objectType": "annotation",
        "classification": {
          "name": "Neoplastic",
          "color": [
            255,
            0,
            0
          ]
        },
        "isLocked": false,
        "measurements": []
      }
    },
    {
      "type": "Feature",
      "id": "PathAnnotationObject",
      "geometry": {
        "type": "Polygon",
        "coordinates": [
          [
            [
              200,
              192
            ],
            [
              199,
              192
            ],
            [
              198,
              191
            ],
            [
              196,
              191
            ],
            [
              195,
              192
            ],
            [
              194,
              192
            ],
            [
              194,
              193
            ],
            [
              193,
              194
            ],
            [
              192,
              194
            ],
            [
              192,
              197
            ],
            [
              193,
              198
            ],
            [
              197,
              198
            ],
            [
              198,
              197
            ],
            [
              198,
              196
            ],
            [
              199,
              195
            ],
            [
              199,
              194
            ],
            [
              200,
              193
            ],
            [
              200,
              192
            ]
          ]
        ]
      },
      "properties": {
        "objectType": "annotation",
        "classification": {
          "name": "Connective",
          "color": [
            0,
            255,
            0
          ]
        },
        "isLocked": false,
        "measurements": []
      }
    },
    {
      "type": "Feature",
      "id": "PathAnnotationObject",
      "geometry": {
        "type": "Polygon",
        "coordinates": [
          [
            [
              113,
              187
            ],
            [
              111,
              187
            ],
            [
              109,
              189
            ],
            [
              109,
              190
            ],
            [
              107,
              192
            ],
            [
              106,
              192
            ],
            [
              106,
              201
            ],
            [
              107,
              202
            ],
            [
              110,
              202
            ],
            [
              111,
              203
            ],
            [
              112,
              203
            ],
            [
              113,
              202
            ],
            [
              116,
              202
            ],
            [
              120,
              198
            ],
            [
              120,
              192
            ],
            [
              119,
              191
            ],
            [
              119,
              190
            ],
            [
              118,
              189
            ],
            [
              117,
              189
            ],
            [
              116,
              188
            ],
            [
              114,
              188
            ],
            [
              113,
              187
            ]
          ]
        ]
      },
      "properties": {
        "objectType": "annotation",
        "classification": {
          "name": "Neoplastic",
          "color": [
            255,
            0,
            0
          ]
        },
        "isLocked": false,
        "measurements": []
      }
    },
    {
      "type": "Feature",
      "id": "PathAnnotationObject",
      "geometry": {
        "type": "Polygon",
        "coordinates": [
          [
            [
              179,
              193
            ],
            [
              178,
              194
            ],
            [
              177,
              194
            ],
            [
              177,
              198
            ],
            [
              178,
              198
            ],
            [
              179,
              199
            ],
            [
              179,
              200
            ],
            [
              181,
              200
            ],
            [
              181,
              199
            ],
            [
              182,
              198
            ],
            [
              183,
              198
            ],
            [
              183,
              194
            ],
            [
              182,
              193
            ],
            [
              179,
              193
            ]
          ]
        ]
      },
      "properties": {
        "objectType": "annotation",
        "classification": {
          "name": "Neoplastic",
          "color": [
            255,
            0,
            0
          ]
        },
        "isLocked": false,
        "measurements": []
      }
    },
    {
      "type": "Feature",
      "id": "PathAnnotationObject",
      "geometry": {
        "type": "Polygon",
        "coordinates": [
          [
            [
              34,
              192
            ],
            [
              32,
              194
            ],
            [
              31,
              194
            ],
            [
              31,
              195
            ],
            [
              29,
              197
            ],
            [
              29,
              199
            ],
            [
              28,
              200
            ],
            [
              28,
              201
            ],
            [
              29,
              202
            ],
            [
              31,
              202
            ],
            [
              32,
              201
            ],
            [
              32,
              200
            ],
            [
              33,
              199
            ],
            [
              34,
              199
            ],
            [
              35,
              198
            ],
            [
              35,
              196
            ],
            [
              36,
              195
            ],
            [
              34,
              193
            ],
            [
              34,
              192
            ]
          ]
        ]
      },
      "properties": {
        "objectType": "annotation",
        "classification": {
          "name": "Inflammatory",
          "color": [
            0,
            0,
            255
          ]
        },
        "isLocked": false,
        "measurements": []
      }
    },
    {
      "type": "Feature",
      "id": "PathAnnotationObject",
      "geometry": {
        "type": "Polygon",
        "coordinates": [
          [
            [
              1,
              197
            ],
            [
              1,
              199
            ],
            [
              3,
              202
            ],
            [
              10,
              202
            ],
            [
              11,
              203
            ],
            [
              13,
              201
            ],
            [
              13,
              198
            ],
            [
              12,
              197
            ],
            [
              12,
              196
            ],
            [
              10,
              196
            ],
            [
              9,
              195
            ],
            [
              3,
              195
            ],
            [
              1,
              197
            ]
          ]
        ]
      },
      "properties": {
        "objectType": "annotation",
        "classification": {
          "name": "Inflammatory",
          "color": [
            0,
            0,
            255
          ]
        },
        "isLocked": false,
        "measurements": []
      }
    },
    {
      "type": "Feature",
      "id": "PathAnnotationObject",
      "geometry": {
        "type": "Polygon",
        "coordinates": [
          [
            [
              24,
              195
            ],
            [
              23,
              195
            ],
            [
              22,
              196
            ],
            [
              21,
              196
            ],
            [
              21,
              197
            ],
            [
              19,
              199
            ],
            [
              18,
              199
            ],
            [
              18,
              200
            ],
            [
              19,
              201
            ],
            [
              20,
              201
            ],
            [
              21,
              202
            ],
            [
              22,
              202
            ],
            [
              23,
              203
            ],
            [
              24,
              202
            ],
            [
              25,
              202
            ],
            [
              25,
              196
            ],
            [
              24,
              195
            ]
          ]
        ]
      },
      "properties": {
        "objectType": "annotation",
        "classification": {
          "name": "Inflammatory",
          "color": [
            0,
            0,
            255
          ]
        },
        "isLocked": false,
        "measurements": []
      }
    },
    {
      "type": "Feature",
      "id": "PathAnnotationObject",
      "geometry": {
        "type": "Polygon",
        "coordinates": [
          [
            [
              227,
              196
            ],
            [
              226,
              197
            ],
            [
              225,
              197
            ],
            [
              223,
              199
            ],
            [
              223,
              200
            ],
            [
              222,
              201
            ],
            [
              222,
              202
            ],
            [
              224,
              204
            ],
            [
              224,
              205
            ],
            [
              227,
              205
            ],
            [
              227,
              204
            ],
            [
              228,
              203
            ],
            [
              229,
              203
            ],
            [
              229,
              198
            ],
            [
              228,
              198
            ],
            [
              227,
              197
            ],
            [
              227,
              196
            ]
          ]
        ]
      },
      "properties": {
        "objectType": "annotation",
        "classification": {
          "name": "Inflammatory",
          "color": [
            0,
            0,
            255
          ]
        },
        "isLocked": false,
        "measurements": []
      }
    },
    {
      "type": "Feature",
      "id": "PathAnnotationObject",
      "geometry": {
        "type": "Polygon",
        "coordinates": [
          [
            [
              243,
              204
            ],
            [
              243,
              207
            ],
            [
              244,
              207
            ],
            [
              245,
              208
            ],
            [
              252,
              208
            ],
            [
              253,
              209
            ],
            [
              254,
              209
            ],
            [
              254,
              206
            ],
            [
              255,
              205
            ],
            [
              255,
              200
            ],
            [
              252,
              198
            ],
            [
              250,
              198
            ],
            [
              245,
              203
            ],
            [
              244,
              203
            ],
            [
              243,
              204
            ]
          ]
        ]
      },
      "properties": {
        "objectType": "annotation",
        "classification": {
          "name": "Neoplastic",
          "color": [
            255,
            0,
            0
          ]
        },
        "isLocked": false,
        "measurements": []
      }
    },
    {
      "type": "Feature",
      "id": "PathAnnotationObject",
      "geometry": {
        "type": "Polygon",
        "coordinates": [
          [
            [
              22,
              203
            ],
            [
              21,
              203
            ],
            [
              20,
              202
            ],
            [
              19,
              202
            ],
            [
              18,
              201
            ],
            [
              18,
              202
            ],
            [
              16,
              204
            ],
            [
              14,
              204
            ],
            [
              14,
              207
            ],
            [
              15,
              207
            ],
            [
              16,
              208
            ],
            [
              20,
              208
            ],
            [
              20,
              207
            ],
            [
              21,
              206
            ],
            [
              21,
              205
            ],
            [
              22,
              204
            ],
            [
              22,
              203
            ]
          ]
        ]
      },
      "properties": {
        "objectType": "annotation",
        "classification": {
          "name": "Inflammatory",
          "color": [
            0,
            0,
            255
          ]
        },
        "isLocked": false,
        "measurements": []
      }
    },
    {
      "type": "Feature",
      "id": "PathAnnotationObject",
      "geometry": {
        "type": "Polygon",
        "coordinates": [
          [
            [
              204,
              206
            ],
            [
              203,
              207
            ],
            [
              203,
              210
            ],
            [
              205,
              212
            ],
            [
              206,
              212
            ],
            [
              207,
              211
            ],
            [
              207,
              209
            ],
            [
              208,
              208
            ],
            [
              208,
              207
            ],
            [
              206,
              207
            ],
            [
              205,
              206
            ],
            [
              204,
              206
            ]
          ]
        ]
      },
      "properties": {
        "objectType": "annotation",
        "classification": {
          "name": "Inflammatory",
          "color": [
            0,
            0,
            255
          ]
        },
        "isLocked": false,
        "measurements": []
      }
    },
    {
      "type": "Feature",
      "id": "PathAnnotationObject",
      "geometry": {
        "type": "Polygon",
        "coordinates": [
          [
            [
              6,
              208
            ],
            [
              10,
              212
            ],
            [
              12,
              212
            ],
            [
              13,
              213
            ],
            [
              14,
              212
            ],
            [
              15,
              212
            ],
            [
              15,
              211
            ],
            [
              14,
              211
            ],
            [
              13,
              210
            ],
            [
              13,
              209
            ],
            [
              14,
              208
            ],
            [
              15,
              208
            ],
            [
              14,
              208
            ],
            [
              13,
              207
            ],
            [
              13,
              206
            ],
            [
              11,
              206
            ],
            [
              10,
              207
            ],
            [
              9,
              207
            ],
            [
              8,
              208
            ],
            [
              6,
              208
            ]
          ]
        ]
      },
      "properties": {
        "objectType": "annotation",
        "classification": {
          "name": "Inflammatory",
          "color": [
            0,
            0,
            255
          ]
        },
        "isLocked": false,
        "measurements": []
      }
    },
    {
      "type": "Feature",
      "id": "PathAnnotationObject",
      "geometry": {
        "type": "Polygon",
        "coordinates": [
          [
            [
              167,
              208
            ],
            [
              167,
              210
            ],
            [
              170,
              213
            ],
            [
              172,
              213
            ],
            [
              173,
              214
            ],
            [
              176,
              214
            ],
            [
              177,
              213
            ],
            [
              178,
              213
            ],
            [
              179,
              212
            ],
            [
              178,
              211
            ],
            [
              178,
              209
            ],
            [
              177,
              209
            ],
            [
              174,
              206
            ],
            [
              173,
              206
            ],
            [
              171,
              204
            ],
            [
              167,
              208
            ]
          ]
        ]
      },
      "properties": {
        "objectType": "annotation",
        "classification": {
          "name": "Neoplastic",
          "color": [
            255,
            0,
            0
          ]
        },
        "isLocked": false,
        "measurements": []
      }
    },
    {
      "type": "Feature",
      "id": "PathAnnotationObject",
      "geometry": {
        "type": "Polygon",
        "coordinates": [
          [
            [
              229,
              207
            ],
            [
              229,
              208
            ],
            [
              228,
              209
            ],
            [
              228,
              213
            ],
            [
              227,
              214
            ],
            [
              227,
              215
            ],
            [
              231,
              215
            ],
            [
              231,
              214
            ],
            [
              232,
              213
            ],
            [
              233,
              214
            ],
            [
              233,
              215
            ],
            [
              235,
              217
            ],
            [
              236,
              217
            ],
            [
              236,
              216
            ],
            [
              237,
              215
            ],
            [
              237,
              214
            ],
            [
              236,
              213
            ],
            [
              236,
              211
            ],
            [
              235,
              210
            ],
            [
              235,
              209
            ],
            [
              234,
              208
            ],
            [
              234,
              207
            ],
            [
              233,
              207
            ],
            [
              232,
              206
            ],
            [
              231,
              206
            ],
            [
              230,
              207
            ],
            [
              229,
              207
            ]
          ]
        ]
      },
      "properties": {
        "objectType": "annotation",
        "classification": {
          "name": "Neoplastic",
          "color": [
            255,
            0,
            0
          ]
        },
        "isLocked": false,
        "measurements": []
      }
    },
    {
      "type": "Feature",
      "id": "PathAnnotationObject",
      "geometry": {
        "type": "Polygon",
        "coordinates": [
          [
            [
              240,
              207
            ],
            [
              239,
              208
            ],
            [
              238,
              208
            ],
            [
              238,
              214
            ],
            [
              239,
              214
            ],
            [
              240,
              215
            ],
            [
              242,
              215
            ],
            [
              243,
              214
            ],
            [
              243,
              211
            ],
            [
              242,
              210
            ],
            [
              242,
              209
            ],
            [
              241,
              208
            ],
            [
              241,
              207
            ],
            [
              240,
              207
            ]
          ]
        ]
      },
      "properties": {
        "objectType": "annotation",
        "classification": {
          "name": "Inflammatory",
          "color": [
            0,
            0,
            255
          ]
        },
        "isLocked": false,
        "measurements": []
      }
    },
    {
      "type": "Feature",
      "id": "PathAnnotationObject",
      "geometry": {
        "type": "Polygon",
        "coordinates": [
          [
            [
              57,
              209
            ],
            [
              57,
              210
            ],
            [
              58,
              211
            ],
            [
              58,
              215
            ],
            [
              59,
              215
            ],
            [
              62,
              217
            ],
            [
              64,
              217
            ],
            [
              64,
              216
            ],
            [
              65,
              215
            ],
            [
              69,
              215
            ],
            [
              71,
              217
            ],
            [
              71,
              216
            ],
            [
              72,
              215
            ],
            [
              72,
              212
            ],
            [
              71,
              211
            ],
            [
              71,
              210
            ],
            [
              70,
              210
            ],
            [
              69,
              211
            ],
            [
              68,
              210
            ],
            [
              65,
              209
            ],
            [
              63,
              207
            ],
            [
              62,
              207
            ],
            [
              61,
              206
            ],
            [
              60,
              207
            ],
            [
              59,
              207
            ],
            [
              57,
              209
            ]
          ]
        ]
      },
      "properties": {
        "objectType": "annotation",
        "classification": {
          "name": "Neoplastic",
          "color": [
            255,
            0,
            0
          ]
        },
        "isLocked": false,
        "measurements": []
      }
    },
    {
      "type": "Feature",
      "id": "PathAnnotationObject",
      "geometry": {
        "type": "Polygon",
        "coordinates": [
          [
            [
              31,
              209
            ],
            [
              31,
              211
            ],
            [
              30,
              212
            ],
            [
              30,
              214
            ],
            [
              33,
              217
            ],
            [
              35,
              215
            ],
            [
              35,
              212
            ],
            [
              33,
              210
            ],
            [
              32,
              210
            ],
            [
              31,
              209
            ]
          ]
        ]
      },
      "properties": {
        "objectType": "annotation",
        "classification": {
          "name": "Inflammatory",
          "color": [
            0,
            0,
            255
          ]
        },
        "isLocked": false,
        "measurements": []
      }
    },
    {
      "type": "Feature",
      "id": "PathAnnotationObject",
      "geometry": {
        "type": "Polygon",
        "coordinates": [
          [
            [
              48,
              208
            ],
            [
              47,
              209
            ],
            [
              47,
              210
            ],
            [
              45,
              213
            ],
            [
              45,
              217
            ],
            [
              46,
              218
            ],
            [
              46,
              219
            ],
            [
              49,
              222
            ],
            [
              51,
              222
            ],
            [
              51,
              221
            ],
            [
              52,
              220
            ],
            [
              52,
              216
            ],
            [
              53,
              215
            ],
            [
              53,
              213
            ],
            [
              54,
              212
            ],
            [
              54,
              211
            ],
            [
              51,
              208
            ],
            [
              48,
              208
            ]
          ]
        ]
      },
      "properties": {
        "objectType": "annotation",
        "classification": {
          "name": "Neoplastic",
          "color": [
            255,
            0,
            0
          ]
        },
        "isLocked": false,
        "measurements": []
      }
    },
    {
      "type": "Feature",
      "id": "PathAnnotationObject",
      "geometry": {
        "type": "Polygon",
        "coordinates": [
          [
            [
              191,
              204
            ],
            [
              189,
              206
            ],
            [
              189,
              208
            ],
            [
              186,
              210
            ],
            [
              185,
              215
            ],
            [
              189,
              218
            ],
            [
              189,
              220
            ],
            [
              194,
              220
            ],
            [
              197,
              218
            ],
            [
              197,
              216
            ],
            [
              196,
              216
            ],
            [
              195,
              215
            ],
            [
              195,
              214
            ],
            [
              192,
              214
            ],
            [
              191,
              213
            ],
            [
              191,
              211
            ],
            [
              192,
              210
            ],
            [
              194,
              210
            ],
            [
              194,
              208
            ],
            [
              195,
              207
            ],
            [
              191,
              204
            ]
          ]
        ]
      },
      "properties": {
        "objectType": "annotation",
        "classification": {
          "name": "Inflammatory",
          "color": [
            0,
            0,
            255
          ]
        },
        "isLocked": false,
        "measurements": []
      }
    },
    {
      "type": "Feature",
      "id": "PathAnnotationObject",
      "geometry": {
        "type": "Polygon",
        "coordinates": [
          [
            [
              147,
              208
            ],
            [
              143,
              208
            ],
            [
              141,
              210
            ],
            [
              141,
              211
            ],
            [
              140,
              212
            ],
            [
              140,
              216
            ],
            [
              141,
              217
            ],
            [
              141,
              218
            ],
            [
              142,
              219
            ],
            [
              142,
              220
            ],
            [
              145,
              220
            ],
            [
              146,
              219
            ],
            [
              147,
              219
            ],
            [
              149,
              217
            ],
            [
              149,
              211
            ],
            [
              147,
              208
            ]
          ]
        ]
      },
      "properties": {
        "objectType": "annotation",
        "classification": {
          "name": "Neoplastic",
          "color": [
            255,
            0,
            0
          ]
        },
        "isLocked": false,
        "measurements": []
      }
    },
    {
      "type": "Feature",
      "id": "PathAnnotationObject",
      "geometry": {
        "type": "Polygon",
        "coordinates": [
          [
            [
              7,
              215
            ],
            [
              6,
              214
            ],
            [
              5,
              214
            ],
            [
              4,
              213
            ],
            [
              2,
              213
            ],
            [
              1,
              214
            ],
            [
              0,
              214
            ],
            [
              0,
              220
            ],
            [
              1,
              219
            ],
            [
              4,
              219
            ],
            [
              6,
              217
            ],
            [
              6,
              216
            ],
            [
              7,
              215
            ]
          ]
        ]
      },
      "properties": {
        "objectType": "annotation",
        "classification": {
          "name": "Inflammatory",
          "color": [
            0,
            0,
            255
          ]
        },
        "isLocked": false,
        "measurements": []
      }
    },
    {
      "type": "Feature",
      "id": "PathAnnotationObject",
      "geometry": {
        "type": "Polygon",
        "coordinates": [
          [
            [
              167,
              214
            ],
            [
              166,
              215
            ],
            [
              165,
              215
            ],
            [
              164,
              216
            ],
            [
              163,
              216
            ],
            [
              161,
              218
            ],
            [
              161,
              220
            ],
            [
              162,
              221
            ],
            [
              162,
              222
            ],
            [
              166,
              222
            ],
            [
              168,
              220
            ],
            [
              168,
              218
            ],
            [
              169,
              217
            ],
            [
              168,
              216
            ],
            [
              168,
              215
            ],
            [
              167,
              214
            ]
          ]
        ]
      },
      "properties": {
        "objectType": "annotation",
        "classification": {
          "name": "Inflammatory",
          "color": [
            0,
            0,
            255
          ]
        },
        "isLocked": false,
        "measurements": []
      }
    },
    {
      "type": "Feature",
      "id": "PathAnnotationObject",
      "geometry": {
        "type": "Polygon",
        "coordinates": [
          [
            [
              225,
              214
            ],
            [
              223,
              214
            ],
            [
              222,
              215
            ],
            [
              221,
              215
            ],
            [
              218,
              218
            ],
            [
              218,
              219
            ],
            [
              217,
              220
            ],
            [
              218,
              221
            ],
            [
              218,
              222
            ],
            [
              223,
              222
            ],
            [
              223,
              221
            ],
            [
              224,
              220
            ],
            [
              224,
              218
            ],
            [
              225,
              217
            ],
            [
              224,
              216
            ],
            [
              225,
              215
            ],
            [
              225,
              214
            ]
          ]
        ]
      },
      "properties": {
        "objectType": "annotation",
        "classification": {
          "name": "Inflammatory",
          "color": [
            0,
            0,
            255
          ]
        },
        "isLocked": false,
        "measurements": []
      }
    },
    {
      "type": "Feature",
      "id": "PathAnnotationObject",
      "geometry": {
        "type": "Polygon",
        "coordinates": [
          [
            [
              23,
              222
            ],
            [
              22,
              221
            ],
            [
              21,
              221
            ],
            [
              20,
              220
            ],
            [
              16,
              220
            ],
            [
              14,
              222
            ],
            [
              14,
              223
            ],
            [
              13,
              224
            ],
            [
              13,
              229
            ],
            [
              14,
              229
            ],
            [
              15,
              228
            ],
            [
              15,
              227
            ],
            [
              16,
              226
            ],
            [
              22,
              226
            ],
            [
              23,
              225
            ],
            [
              23,
              222
            ]
          ]
        ]
      },
      "properties": {
        "objectType": "annotation",
        "classification": {
          "name": "Neoplastic",
          "color": [
            255,
            0,
            0
          ]
        },
        "isLocked": false,
        "measurements": []
      }
    },
    {
      "type": "Feature",
      "id": "PathAnnotationObject",
      "geometry": {
        "type": "Polygon",
        "coordinates": [
          [
            [
              228,
              221
            ],
            [
              228,
              227
            ],
            [
              230,
              229
            ],
            [
              237,
              229
            ],
            [
              236,
              228
            ],
            [
              237,
              227
            ],
            [
              237,
              226
            ],
            [
              236,
              225
            ],
            [
              236,
              222
            ],
            [
              234,
              220
            ],
            [
              233,
              220
            ],
            [
              232,
              219
            ],
            [
              231,
              219
            ],
            [
              229,
              221
            ],
            [
              228,
              221
            ]
          ]
        ]
      },
      "properties": {
        "objectType": "annotation",
        "classification": {
          "name": "Connective",
          "color": [
            0,
            255,
            0
          ]
        },
        "isLocked": false,
        "measurements": []
      }
    },
    {
      "type": "Feature",
      "id": "PathAnnotationObject",
      "geometry": {
        "type": "Polygon",
        "coordinates": [
          [
            [
              252,
              216
            ],
            [
              252,
              217
            ],
            [
              251,
              218
            ],
            [
              248,
              218
            ],
            [
              246,
              220
            ],
            [
              240,
              222
            ],
            [
              240,
              225
            ],
            [
              241,
              225
            ],
            [
              243,
              227
            ],
            [
              244,
              227
            ],
            [
              246,
              230
            ],
            [
              251,
              230
            ],
            [
              251,
              226
            ],
            [
              250,
              225
            ],
            [
              252,
              222
            ],
            [
              252,
              218
            ],
            [
              253,
              217
            ],
            [
              252,
              216
            ]
          ]
        ]
      },
      "properties": {
        "objectType": "annotation",
        "classification": {
          "name": "Inflammatory",
          "color": [
            0,
            0,
            255
          ]
        },
        "isLocked": false,
        "measurements": []
      }
    },
    {
      "type": "Feature",
      "id": "PathAnnotationObject",
      "geometry": {
        "type": "Polygon",
        "coordinates": [
          [
            [
              199,
              224
            ],
            [
              199,
              225
            ],
            [
              200,
              225
            ],
            [
              201,
              226
            ],
            [
              201,
              227
            ],
            [
              202,
              227
            ],
            [
              203,
              228
            ],
            [
              203,
              229
            ],
            [
              206,
              229
            ],
            [
              208,
              227
            ],
            [
              208,
              223
            ],
            [
              207,
              223
            ],
            [
              206,
              222
            ],
            [
              203,
              222
            ],
            [
              202,
              223
            ],
            [
              200,
              223
            ],
            [
              199,
              224
            ]
          ]
        ]
      },
      "properties": {
        "objectType": "annotation",
        "classification": {
          "name": "Connective",
          "color": [
            0,
            255,
            0
          ]
        },
        "isLocked": false,
        "measurements": []
      }
    },
    {
      "type": "Feature",
      "id": "PathAnnotationObject",
      "geometry": {
        "type": "Polygon",
        "coordinates": [
          [
            [
              218,
              223
            ],
            [
              218,
              228
            ],
            [
              220,
              230
            ],
            [
              220,
              231
            ],
            [
              221,
              232
            ],
            [
              224,
              232
            ],
            [
              224,
              231
            ],
            [
              225,
              230
            ],
            [
              225,
              227
            ],
            [
              224,
              226
            ],
            [
              224,
              223
            ],
            [
              218,
              223
            ]
          ]
        ]
      },
      "properties": {
        "objectType": "annotation",
        "classification": {
          "name": "Connective",
          "color": [
            0,
            255,
            0
          ]
        },
        "isLocked": false,
        "measurements": []
      }
    },
    {
      "type": "Feature",
      "id": "PathAnnotationObject",
      "geometry": {
        "type": "Polygon",
        "coordinates": [
          [
            [
              103,
              223
            ],
            [
              103,
              224
            ],
            [
              102,
              225
            ],
            [
              103,
              226
            ],
            [
              103,
              229
            ],
            [
              104,
              229
            ],
            [
              105,
              230
            ],
            [
              107,
              230
            ],
            [
              108,
              229
            ],
            [
              108,
              228
            ],
            [
              109,
              227
            ],
            [
              108,
              226
            ],
            [
              108,
              225
            ],
            [
              107,
              224
            ],
            [
              107,
              223
            ],
            [
              103,
              223
            ]
          ]
        ]
      },
      "properties": {
        "objectType": "annotation",
        "classification": {
          "name": "Neoplastic",
          "color": [
            255,
            0,
            0
          ]
        },
        "isLocked": false,
        "measurements": []
      }
    },
    {
      "type": "Feature",
      "id": "PathAnnotationObject",
      "geometry": {
        "type": "Polygon",
        "coordinates": [
          [
            [
              42,
              221
            ],
            [
              41,
              221
            ],
            [
              39,
              223
            ],
            [
              38,
              223
            ],
            [
              38,
              225
            ],
            [
              36,
              227
            ],
            [
              36,
              230
            ],
            [
              38,
              232
            ],
            [
              43,
              232
            ],
            [
              44,
              231
            ],
            [
              44,
              223
            ],
            [
              43,
              223
            ],
            [
              42,
              222
            ],
            [
              42,
              221
            ]
          ]
        ]
      },
      "properties": {
        "objectType": "annotation",
        "classification": {
          "name": "Neoplastic",
          "color": [
            255,
            0,
            0
          ]
        },
        "isLocked": false,
        "measurements": []
      }
    },
    {
      "type": "Feature",
      "id": "PathAnnotationObject",
      "geometry": {
        "type": "Polygon",
        "coordinates": [
          [
            [
              145,
              223
            ],
            [
              142,
              226
            ],
            [
              142,
              229
            ],
            [
              143,
              230
            ],
            [
              143,
              232
            ],
            [
              149,
              232
            ],
            [
              152,
              229
            ],
            [
              152,
              225
            ],
            [
              150,
              223
            ],
            [
              145,
              223
            ]
          ]
        ]
      },
      "properties": {
        "objectType": "annotation",
        "classification": {
          "name": "Neoplastic",
          "color": [
            255,
            0,
            0
          ]
        },
        "isLocked": false,
        "measurements": []
      }
    },
    {
      "type": "Feature",
      "id": "PathAnnotationObject",
      "geometry": {
        "type": "Polygon",
        "coordinates": [
          [
            [
              65,
              225
            ],
            [
              64,
              226
            ],
            [
              64,
              229
            ],
            [
              65,
              230
            ],
            [
              66,
              230
            ],
            [
              67,
              231
            ],
            [
              68,
              230
            ],
            [
              69,
              230
            ],
            [
              70,
              231
            ],
            [
              70,
              232
            ],
            [
              71,
              232
            ],
            [
              71,
              228
            ],
            [
              68,
              225
            ],
            [
              65,
              225
            ]
          ]
        ]
      },
      "properties": {
        "objectType": "annotation",
        "classification": {
          "name": "Inflammatory",
          "color": [
            0,
            0,
            255
          ]
        },
        "isLocked": false,
        "measurements": []
      }
    },
    {
      "type": "Feature",
      "id": "PathAnnotationObject",
      "geometry": {
        "type": "Polygon",
        "coordinates": [
          [
            [
              197,
              230
            ],
            [
              195,
              228
            ],
            [
              191,
              228
            ],
            [
              188,
              231
            ],
            [
              188,
              234
            ],
            [
              189,
              235
            ],
            [
              189,
              236
            ],
            [
              191,
              236
            ],
            [
              193,
              234
            ],
            [
              195,
              234
            ],
            [
              195,
              233
            ],
            [
              197,
              231
            ],
            [
              197,
              230
            ]
          ]
        ]
      },
      "properties": {
        "objectType": "annotation",
        "classification": {
          "name": "Connective",
          "color": [
            0,
            255,
            0
          ]
        },
        "isLocked": false,
        "measurements": []
      }
    },
    {
      "type": "Feature",
      "id": "PathAnnotationObject",
      "geometry": {
        "type": "Polygon",
        "coordinates": [
          [
            [
              173,
              231
            ],
            [
              173,
              232
            ],
            [
              174,
              233
            ],
            [
              174,
              234
            ],
            [
              175,
              235
            ],
            [
              176,
              234
            ],
            [
              178,
              234
            ],
            [
              180,
              232
            ],
            [
              180,
              230
            ],
            [
              174,
              230
            ],
            [
              173,
              231
            ]
          ]
        ]
      },
      "properties": {
        "objectType": "annotation",
        "classification": {
          "name": "Inflammatory",
          "color": [
            0,
            0,
            255
          ]
        },
        "isLocked": false,
        "measurements": []
      }
    },
    {
      "type": "Feature",
      "id": "PathAnnotationObject",
      "geometry": {
        "type": "Polygon",
        "coordinates": [
          [
            [
              29,
              226
            ],
            [
              27,
              228
            ],
            [
              26,
              228
            ],
            [
              26,
              229
            ],
            [
              25,
              230
            ],
            [
              25,
              236
            ],
            [
              26,
              237
            ],
            [
              27,
              237
            ],
            [
              28,
              238
            ],
            [
              30,
              238
            ],
            [
              31,
              237
            ],
            [
              32,
              237
            ],
            [
              32,
              236
            ],
            [
              34,
              234
            ],
            [
              34,
              232
            ],
            [
              31,
              229
            ],
            [
              31,
              228
            ],
            [
              29,
              226
            ]
          ]
        ]
      },
      "properties": {
        "objectType": "annotation",
        "classification": {
          "name": "Neoplastic",
          "color": [
            255,
            0,
            0
          ]
        },
        "isLocked": false,
        "measurements": []
      }
    },
    {
      "type": "Feature",
      "id": "PathAnnotationObject",
      "geometry": {
        "type": "Polygon",
        "coordinates": [
          [
            [
              126,
              230
            ],
            [
              123,
              233
            ],
            [
              123,
              234
            ],
            [
              124,
              235
            ],
            [
              124,
              236
            ],
            [
              125,
              236
            ],
            [
              126,
              237
            ],
            [
              128,
              237
            ],
            [
              129,
              236
            ],
            [
              129,
              231
            ],
            [
              128,
              231
            ],
            [
              127,
              230
            ],
            [
              126,
              230
            ]
          ]
        ]
      },
      "properties": {
        "objectType": "annotation",
        "classification": {
          "name": "Neoplastic",
          "color": [
            255,
            0,
            0
          ]
        },
        "isLocked": false,
        "measurements": []
      }
    },
    {
      "type": "Feature",
      "id": "PathAnnotationObject",
      "geometry": {
        "type": "Polygon",
        "coordinates": [
          [
            [
              205,
              231
            ],
            [
              204,
              231
            ],
            [
              202,
              233
            ],
            [
              201,
              233
            ],
            [
              201,
              234
            ],
            [
              200,
              235
            ],
            [
              200,
              236
            ],
            [
              199,
              237
            ],
            [
              200,
              238
            ],
            [
              200,
              239
            ],
            [
              201,
              240
            ],
            [
              202,
              240
            ],
            [
              203,
              239
            ],
            [
              203,
              238
            ],
            [
              204,
              237
            ],
            [
              205,
              237
            ],
            [
              207,
              235
            ],
            [
              207,
              233
            ],
            [
              205,
              231
            ]
          ]
        ]
      },
      "properties": {
        "objectType": "annotation",
        "classification": {
          "name": "Inflammatory",
          "color": [
            0,
            0,
            255
          ]
        },
        "isLocked": false,
        "measurements": []
      }
    },
    {
      "type": "Feature",
      "id": "PathAnnotationObject",
      "geometry": {
        "type": "Polygon",
        "coordinates": [
          [
            [
              230,
              230
            ],
            [
              231,
              230
            ],
            [
              232,
              231
            ],
            [
              232,
              232
            ],
            [
              231,
              233
            ],
            [
              231,
              236
            ],
            [
              232,
              237
            ],
            [
              235,
              237
            ],
            [
              235,
              234
            ],
            [
              236,
              233
            ],
            [
              236,
              230
            ],
            [
              230,
              230
            ]
          ]
        ]
      },
      "properties": {
        "objectType": "annotation",
        "classification": {
          "name": "Connective",
          "color": [
            0,
            255,
            0
          ]
        },
        "isLocked": false,
        "measurements": []
      }
    },
    {
      "type": "Feature",
      "id": "PathAnnotationObject",
      "geometry": {
        "type": "Polygon",
        "coordinates": [
          [
            [
              22,
              233
            ],
            [
              20,
              233
            ],
            [
              19,
              234
            ],
            [
              18,
              234
            ],
            [
              17,
              235
            ],
            [
              17,
              236
            ],
            [
              16,
              237
            ],
            [
              16,
              239
            ],
            [
              17,
              240
            ],
            [
              18,
              240
            ],
            [
              19,
              241
            ],
            [
              20,
              241
            ],
            [
              21,
              240
            ],
            [
              22,
              240
            ],
            [
              23,
              239
            ],
            [
              22,
              238
            ],
            [
              22,
              237
            ],
            [
              24,
              235
            ],
            [
              23,
              235
            ],
            [
              22,
              234
            ],
            [
              22,
              233
            ]
          ]
        ]
      },
      "properties": {
        "objectType": "annotation",
        "classification": {
          "name": "Neoplastic",
          "color": [
            255,
            0,
            0
          ]
        },
        "isLocked": false,
        "measurements": []
      }
    },
    {
      "type": "Feature",
      "id": "PathAnnotationObject",
      "geometry": {
        "type": "Polygon",
        "coordinates": [
          [
            [
              215,
              233
            ],
            [
              215,
              236
            ],
            [
              214,
              237
            ],
            [
              215,
              238
            ],
            [
              215,
              239
            ],
            [
              216,
              239
            ],
            [
              217,
              240
            ],
            [
              218,
              240
            ],
            [
              219,
              239
            ],
            [
              220,
              239
            ],
            [
              220,
              234
            ],
            [
              219,
              233
            ],
            [
              215,
              233
            ]
          ]
        ]
      },
      "properties": {
        "objectType": "annotation",
        "classification": {
          "name": "Inflammatory",
          "color": [
            0,
            0,
            255
          ]
        },
        "isLocked": false,
        "measurements": []
      }
    },
    {
      "type": "Feature",
      "id": "PathAnnotationObject",
      "geometry": {
        "type": "Polygon",
        "coordinates": [
          [
            [
              35,
              235
            ],
            [
              35,
              241
            ],
            [
              36,
              242
            ],
            [
              42,
              242
            ],
            [
              42,
              241
            ],
            [
              45,
              238
            ],
            [
              45,
              237
            ],
            [
              44,
              236
            ],
            [
              44,
              234
            ],
            [
              43,
              233
            ],
            [
              38,
              233
            ],
            [
              36,
              235
            ],
            [
              35,
              235
            ]
          ]
        ]
      },
      "properties": {
        "objectType": "annotation",
        "classification": {
          "name": "Neoplastic",
          "color": [
            255,
            0,
            0
          ]
        },
        "isLocked": false,
        "measurements": []
      }
    },
    {
      "type": "Feature",
      "id": "PathAnnotationObject",
      "geometry": {
        "type": "Polygon",
        "coordinates": [
          [
            [
              48,
              238
            ],
            [
              47,
              239
            ],
            [
              47,
              240
            ],
            [
              46,
              241
            ],
            [
              46,
              243
            ],
            [
              48,
              245
            ],
            [
              48,
              246
            ],
            [
              52,
              246
            ],
            [
              52,
              245
            ],
            [
              53,
              244
            ],
            [
              53,
              242
            ],
            [
              52,
              242
            ],
            [
              48,
              238
            ]
          ]
        ]
      },
      "properties": {
        "objectType": "annotation",
        "classification": {
          "name": "Neoplastic",
          "color": [
            255,
            0,
            0
          ]
        },
        "isLocked": false,
        "measurements": []
      }
    },
    {
      "type": "Feature",
      "id": "PathAnnotationObject",
      "geometry": {
        "type": "Polygon",
        "coordinates": [
          [
            [
              174,
              242
            ],
            [
              175,
              243
            ],
            [
              175,
              244
            ],
            [
              176,
              244
            ],
            [
              177,
              245
            ],
            [
              177,
              246
            ],
            [
              178,
              246
            ],
            [
              179,
              245
            ],
            [
              183,
              245
            ],
            [
              184,
              246
            ],
            [
              185,
              246
            ],
            [
              187,
              244
            ],
            [
              187,
              242
            ],
            [
              186,
              242
            ],
            [
              185,
              241
            ],
            [
              182,
              241
            ],
            [
              179,
              239
            ],
            [
              176,
              239
            ],
            [
              174,
              242
            ]
          ]
        ]
      },
      "properties": {
        "objectType": "annotation",
        "classification": {
          "name": "Inflammatory",
          "color": [
            0,
            0,
            255
          ]
        },
        "isLocked": false,
        "measurements": []
      }
    },
    {
      "type": "Feature",
      "id": "PathAnnotationObject",
      "geometry": {
        "type": "Polygon",
        "coordinates": [
          [
            [
              255,
              241
            ],
            [
              254,
              240
            ],
            [
              249,
              240
            ],
            [
              248,
              241
            ],
            [
              248,
              242
            ],
            [
              247,
              243
            ],
            [
              246,
              243
            ],
            [
              246,
              246
            ],
            [
              245,
              247
            ],
            [
              248,
              247
            ],
            [
              249,
              246
            ],
            [
              251,
              246
            ],
            [
              255,
              242
            ],
            [
              255,
              241
            ]
          ]
        ]
      },
      "properties": {
        "objectType": "annotation",
        "classification": {
          "name": "Neoplastic",
          "color": [
            255,
            0,
            0
          ]
        },
        "isLocked": false,
        "measurements": []
      }
    },
    {
      "type": "Feature",
      "id": "PathAnnotationObject",
      "geometry": {
        "type": "Polygon",
        "coordinates": [
          [
            [
              248,
              238
            ],
            [
              247,
              237
            ],
            [
              243,
              237
            ],
            [
              242,
              238
            ],
            [
              241,
              238
            ],
            [
              239,
              240
            ],
            [
              237,
              240
            ],
            [
              235,
              242
            ],
            [
              234,
              242
            ],
            [
              233,
              245
            ],
            [
              235,
              247
            ],
            [
              235,
              248
            ],
            [
              236,
              248
            ],
            [
              237,
              247
            ],
            [
              243,
              247
            ],
            [
              244,
              246
            ],
            [
              245,
              243
            ],
            [
              247,
              241
            ],
            [
              248,
              238
            ]
          ]
        ]
      },
      "properties": {
        "objectType": "annotation",
        "classification": {
          "name": "Connective",
          "color": [
            0,
            255,
            0
          ]
        },
        "isLocked": false,
        "measurements": []
      }
    },
    {
      "type": "Feature",
      "id": "PathAnnotationObject",
      "geometry": {
        "type": "Polygon",
        "coordinates": [
          [
            [
              26,
              240
            ],
            [
              23,
              240
            ],
            [
              22,
              241
            ],
            [
              21,
              241
            ],
            [
              21,
              242
            ],
            [
              19,
              244
            ],
            [
              19,
              247
            ],
            [
              20,
              247
            ],
            [
              21,
              248
            ],
            [
              21,
              249
            ],
            [
              22,
              249
            ],
            [
              23,
              250
            ],
            [
              23,
              251
            ],
            [
              24,
              251
            ],
            [
              25,
              250
            ],
            [
              26,
              250
            ],
            [
              27,
              249
            ],
            [
              27,
              247
            ],
            [
              28,
              246
            ],
            [
              28,
              243
            ],
            [
              27,
              242
            ],
            [
              27,
              241
            ],
            [
              26,
              240
            ]
          ]
        ]
      },
      "properties": {
        "objectType": "annotation",
        "classification": {
          "name": "Neoplastic",
          "color": [
            255,
            0,
            0
          ]
        },
        "isLocked": false,
        "measurements": []
      }
    },
    {
      "type": "Feature",
      "id": "PathAnnotationObject",
      "geometry": {
        "type": "Polygon",
        "coordinates": [
          [
            [
              164,
              243
            ],
            [
              160,
              243
            ],
            [
              159,
              244
            ],
            [
              159,
              246
            ],
            [
              158,
              247
            ],
            [
              159,
              248
            ],
            [
              159,
              253
            ],
            [
              160,
              254
            ],
            [
              161,
              253
            ],
            [
              161,
              250
            ],
            [
              164,
              247
            ],
            [
              164,
              243
            ]
          ]
        ]
      },
      "properties": {
        "objectType": "annotation",
        "classification": {
          "name": "Inflammatory",
          "color": [
            0,
            0,
            255
          ]
        },
        "isLocked": false,
        "measurements": []
      }
    },
    {
      "type": "Feature",
      "id": "PathAnnotationObject",
      "geometry": {
        "type": "Polygon",
        "coordinates": [
          [
            [
              210,
              239
            ],
            [
              207,
              239
            ],
            [
              206,
              240
            ],
            [
              206,
              241
            ],
            [
              204,
              243
            ],
            [
              204,
              246
            ],
            [
              203,
              247
            ],
            [
              203,
              249
            ],
            [
              204,
              250
            ],
            [
              207,
              250
            ],
            [
              208,
              249
            ],
            [
              208,
              248
            ],
            [
              209,
              247
            ],
            [
              210,
              247
            ],
            [
              210,
              243
            ],
            [
              211,
              242
            ],
            [
              211,
              241
            ],
            [
              210,
              240
            ],
            [
              210,
              239
            ]
          ]
        ]
      },
      "properties": {
        "objectType": "annotation",
        "classification": {
          "name": "Inflammatory",
          "color": [
            0,
            0,
            255
          ]
        },
        "isLocked": false,
        "measurements": []
      }
    },
    {
      "type": "Feature",
      "id": "PathAnnotationObject",
      "geometry": {
        "type": "Polygon",
        "coordinates": [
          [
            [
              140,
              240
            ],
            [
              138,
              243
            ],
            [
              138,
              246
            ],
            [
              137,
              247
            ],
            [
              138,
              248
            ],
            [
              138,
              249
            ],
            [
              140,
              251
            ],
            [
              144,
              251
            ],
            [
              145,
              250
            ],
            [
              146,
              250
            ],
            [
              146,
              246
            ],
            [
              147,
              245
            ],
            [
              146,
              244
            ],
            [
              146,
              241
            ],
            [
              145,
              240
            ],
            [
              140,
              240
            ]
          ]
        ]
      },
      "properties": {
        "objectType": "annotation",
        "classification": {
          "name": "Neoplastic",
          "color": [
            255,
            0,
            0
          ]
        },
        "isLocked": false,
        "measurements": []
      }
    },
    {
      "type": "Feature",
      "id": "PathAnnotationObject",
      "geometry": {
        "type": "Polygon",
        "coordinates": [
          [
            [
              212,
              242
            ],
            [
              211,
              243
            ],
            [
              211,
              252
            ],
            [
              212,
              252
            ],
            [
              213,
              253
            ],
            [
              213,
              254
            ],
            [
              215,
              254
            ],
            [
              215,
              252
            ],
            [
              216,
              251
            ],
            [
              216,
              247
            ],
            [
              215,
              246
            ],
            [
              215,
              245
            ],
            [
              213,
              245
            ],
            [
              212,
              244
            ],
            [
              212,
              242
            ]
          ]
        ]
      },
      "properties": {
        "objectType": "annotation",
        "classification": {
          "name": "Neoplastic",
          "color": [
            255,
            0,
            0
          ]
        },
        "isLocked": false,
        "measurements": []
      }
    },
    {
      "type": "Feature",
      "id": "PathAnnotationObject",
      "geometry": {
        "type": "Polygon",
        "coordinates": [
          [
            [
              13,
              243
            ],
            [
              12,
              244
            ],
            [
              11,
              244
            ],
            [
              10,
              245
            ],
            [
              9,
              245
            ],
            [
              9,
              246
            ],
            [
              8,
              247
            ],
            [
              8,
              253
            ],
            [
              11,
              255
            ],
            [
              16,
              255
            ],
            [
              17,
              254
            ],
            [
              17,
              252
            ],
            [
              18,
              251
            ],
            [
              18,
              246
            ],
            [
              17,
              245
            ],
            [
              17,
              244
            ],
            [
              16,
              244
            ],
            [
              15,
              243
            ],
            [
              13,
              243
            ]
          ]
        ]
      },
      "properties": {
        "objectType": "annotation",
        "classification": {
          "name": "Neoplastic",
          "color": [
            255,
            0,
            0
          ]
        },
        "isLocked": false,
        "measurements": []
      }
    },
    {
      "type": "Feature",
      "id": "PathAnnotationObject",
      "geometry": {
        "type": "Polygon",
        "coordinates": [
          [
            [
              177,
              247
            ],
            [
              176,
              248
            ],
            [
              175,
              248
            ],
            [
              175,
              251
            ],
            [
              174,
              252
            ],
            [
              174,
              255
            ],
            [
              177,
              255
            ],
            [
              178,
              254
            ],
            [
              178,
              248
            ],
            [
              177,
              247
            ]
          ]
        ]
      },
      "properties": {
        "objectType": "annotation",
        "classification": {
          "name": "Inflammatory",
          "color": [
            0,
            0,
            255
          ]
        },
        "isLocked": false,
        "measurements": []
      }
    },
    {
      "type": "Feature",
      "id": "PathAnnotationObject",
      "geometry": {
        "type": "Polygon",
        "coordinates": [
          [
            [
              112,
              247
            ],
            [
              111,
              247
            ],
            [
              110,
              246
            ],
            [
              105,
              246
            ],
            [
              100,
              249
            ],
            [
              97,
              249
            ],
            [
              96,
              250
            ],
            [
              94,
              250
            ],
            [
              94,
              251
            ],
            [
              92,
              253
            ],
            [
              92,
              255
            ],
            [
              109,
              255
            ],
            [
              112,
              252
            ],
            [
              112,
              247
            ]
          ]
        ]
      },
      "properties": {
        "objectType": "annotation",
        "classification": {
          "name": "Neoplastic",
          "color": [
            255,
            0,
            0
          ]
        },
        "isLocked": false,
        "measurements": []
      }
    },
    {
      "type": "Feature",
      "id": "PathAnnotationObject",
      "geometry": {
        "type": "Polygon",
        "coordinates": [
          [
            [
              38.717090938221816,
              99.33110300928362
            ],
            [
              36.676537649653625,
              99.671195224045
            ],
            [
              30.781602467526398,
              102.05184072737454
            ],
            [
              29.42123360848094,
              103.52557711760404
            ],
            [
              28.854416710142242,
              104.99931350783353
            ],
            [
              29.081141393719573,
              106.47303951927229
            ],
            [
              30.328147910976366,
              109.0804200849699
            ],
            [
              32.02860898478319,
              110.44078894401537
            ],
            [
              35.88298568894687,
              111.2343305259314
            ],
            [
              40.644276695605974,
              111.00760584235405
            ],
            [
              42.79819751535819,
              109.87396166688593
            ],
            [
              44.49865858916502,
              108.28686812426314
            ],
            [
              44.83875080392638,
              105.33940572259489
            ],
            [
              43.36501441369689,
              102.61866800450397
            ],
            [
              39.39727536774455,
              99.21774066749497
            ],
            [
              37.92353897751505,
              98.99101079452227
            ],
            [
              38.717090938221816,
              99.33110300928362
            ]
          ]
        ]
      },
      "properties": {
        "objectType": "annotation",
        "classification": {
          "name": "Neoplastic",
          "color": [
            255,
            0,
            0
          ]
        },
        "isLocked": false,
        "measurements": []
      }
    },
    {
      "type": "Feature",
      "id": "PathAnnotationObject",
      "geometry": {
        "type": "Polygon",
        "coordinates": [
          [
            [
              81.1152606309991,
              119.96336836263589
            ],
            [
              79.75489177195364,
              119.85000602084722
            ],
            [
              78.73461512766954,
              120.75691513394729
            ],
            [
              76.12724494076267,
              125.85829835536775
            ],
            [
              75.7871527260013,
              131.41314132273362
            ],
            [
              77.03415405386272,
              134.70069593916324
            ],
            [
              78.62124759648552,
              135.60761024165868
            ],
            [
              79.86825930313768,
              135.60761024165868
            ],
            [
              80.6618008850537,
              135.15415568510863
            ],
            [
              82.5889970212286,
              132.206688094045
            ],
            [
              84.28945809503541,
              127.89885164393594
            ],
            [
              84.28945809503541,
              125.74493601357909
            ],
            [
              83.38253860314461,
              122.34401386596544
            ],
            [
              82.36226195886053,
              120.75691513394729
            ],
            [
              80.88853594742176,
              119.50991380608586
            ],
            [
              81.1152606309991,
              119.96336836263589
            ]
          ]
        ]
      },
      "properties": {
        "objectType": "annotation",
        "classification": {
          "name": "Neoplastic",
          "color": [
            255,
            0,
            0
          ]
        },
        "isLocked": false,
        "measurements": []
      }
    },
    {
      "type": "Feature",
      "id": "PathAnnotationObject",
      "geometry": {
        "type": "Polygon",
        "coordinates": [
          [
            [
              71.81940330125822,
              119.28318393311316
            ],
            [
              70.1189422274514,
              120.19009823560859
            ],
            [
              68.75857336840593,
              122.00392165120408
            ],
            [
              66.83138761102178,
              126.53848278489049
            ],
            [
              66.83138761102178,
              127.89885164393594
            ],
            [
              67.9650317864899,
              131.41314132273362
            ],
            [
              69.43875779792866,
              132.77351018177907
            ],
            [
              71.02586171934219,
              132.88687252356775
            ],
            [
              72.95304747672634,
              131.753233537495
            ],
            [
              73.97332412101044,
              130.61958936202686
            ],
            [
              74.8802332341105,
              128.35231138988135
            ],
            [
              74.99360076529453,
              124.04447493977227
            ],
            [
              74.65350855053318,
              122.6841060807268
            ],
            [
              73.51986437506504,
              120.87028266513131
            ],
            [
              72.61295526196498,
              119.96336836263589
            ],
            [
              71.25258640291952,
              119.73663848966319
            ],
            [
              71.81940330125822,
              119.28318393311316
            ]
          ]
        ]
      },
      "properties": {
        "objectType": "annotation",
        "classification": {
          "name": "Neoplastic",
          "color": [
            255,
            0,
            0
          ]
        },
        "isLocked": false,
        "measurements": []
      }
    },
    {
      "type": "Feature",
      "id": "PathAnnotationObject",
      "geometry": {
        "type": "Polygon",
        "coordinates": [
          [
            [
              46.652579408917234,
              79.60576233721753
            ],
            [
              43.25165726130359,
              79.9458545519789
            ],
            [
              39.964102644873975,
              81.87304549875842
            ],
            [
              39.28391821535124,
              83.00668448483118
            ],
            [
              38.94382600058988,
              85.1606053045834
            ],
            [
              39.964102644873975,
              87.20115859315159
            ],
            [
              41.2111039727354,
              88.33479757922434
            ],
            [
              43.81848453843302,
              88.56152745219704
            ],
            [
              46.4258547253399,
              88.10806770625165
            ],
            [
              47.446131369624,
              87.31452093494025
            ],
            [
              48.35304048272406,
              86.40760663244482
            ],
            [
              49.14659244343082,
              84.02696112911526
            ],
            [
              48.693132697485424,
              81.64631562578572
            ],
            [
              47.67285605320133,
              79.9458545519789
            ],
            [
              45.63230276463314,
              79.3790376536402
            ],
            [
              44.95211833511041,
              79.71912986840157
            ],
            [
              46.652579408917234,
              79.60576233721753
            ]
          ]
        ]
      },
      "properties": {
        "objectType": "annotation",
        "classification": {
          "name": "Neoplastic",
          "color": [
            255,
            0,
            0
          ]
        },
        "isLocked": false,
        "measurements": []
      }
    },
    {
      "type": "Feature",
      "id": "PathAnnotationObject",
      "geometry": {
        "type": "Polygon",
        "coordinates": [
          [
            [
              36.563180497260326,
              78.47212335114477
            ],
            [
              34.18253499393078,
              77.338484365072
            ],
            [
              31.68852195941719,
              78.01866879459475
            ],
            [
              30.328153100371733,
              79.49239999542887
            ],
            [
              28.627692026564908,
              82.66659745946518
            ],
            [
              28.060875128226215,
              84.59378321684933
            ],
            [
              28.400967342987578,
              86.06751960707882
            ],
            [
              29.307876456087637,
              86.63433650541752
            ],
            [
              31.00833752989446,
              86.86106637839022
            ],
            [
              33.72907524798538,
              86.29424429065615
            ],
            [
              34.862719423453505,
              85.61405986113343
            ],
            [
              36.449812966076294,
              83.23341435780388
            ],
            [
              37.47008961036039,
              80.51267663971296
            ],
            [
              37.47008961036039,
              78.81221556590613
            ],
            [
              36.789905180837664,
              78.01866879459475
            ],
            [
              35.8829960677376,
              77.79193892162205
            ],
            [
              36.563180497260326,
              78.47212335114477
            ]
          ]
        ]
      },
      "properties": {
        "objectType": "annotation",
        "classification": {
          "name": "Neoplastic",
          "color": [
            255,
            0,
            0
          ]
        },
        "isLocked": false,
        "measurements": []
      }
    },
    {
      "type": "Feature",
      "id": "PathAnnotationObject",
      "geometry": {
        "type": "Polygon",
        "coordinates": [
          [
            [
              41.437839035103465,
              92.18918466217876
            ],
            [
              38.377009102251186,
              91.055545676106
            ],
            [
              36.44982334486703,
              90.8288158031333
            ],
            [
              34.862719423453505,
              90.8288158031333
            ],
            [
              33.048901197253386,
              91.6223625744447
            ],
            [
              28.967794620117008,
              95.47674446800373
            ],
            [
              27.947517975832913,
              97.06383801062653
            ],
            [
              27.494058229887518,
              99.44448351395607
            ],
            [
              28.62770240535564,
              100.46476015824017
            ],
            [
              30.78161284631713,
              100.35139781645151
            ],
            [
              35.65627138416027,
              97.06383801062653
            ],
            [
              40.41756239081937,
              95.5901068097924
            ],
            [
              41.89129878104887,
              93.32282364825151
            ],
            [
              41.89129878104887,
              92.30254700396742
            ],
            [
              41.437839035103465,
              92.18918466217876
            ]
          ]
        ]
      },
      "properties": {
        "objectType": "annotation",
        "classification": {
          "name": "Neoplastic",
          "color": [
            255,
            0,
            0
          ]
        },
        "isLocked": false,
        "measurements": []
      }
    },
    {
      "type": "Feature",
      "id": "PathAnnotationObject",
      "geometry": {
        "type": "Polygon",
        "coordinates": [
          [
            [
              159.67657261966505,
              44.57627978498307
            ],
            [
              158.20283622943555,
              44.57627978498307
            ],
            [
              153.78163743753782,
              46.84356294652396
            ],
            [
              152.98808547683106,
              49.67766300640354
            ],
            [
              152.76136079325371,
              55.459230657346744
            ],
            [
              154.3484543358765,
              57.726519008283
            ],
            [
              156.3890076244447,
              57.95324369186033
            ],
            [
              158.76965312777426,
              56.7062423639989
            ],
            [
              161.1502986311038,
              54.098861798301286
            ],
            [
              162.6240350213333,
              50.357847435926274
            ],
            [
              162.6240350213333,
              47.41038503425802
            ],
            [
              161.0369414787105,
              44.23618757022171
            ],
            [
              160.1300219868197,
              43.55600314069898
            ],
            [
              159.33648040490368,
              43.669370671883016
            ],
            [
              159.67657261966505,
              44.57627978498307
            ]
          ]
        ]
      },
      "properties": {
        "objectType": "annotation",
        "classification": {
          "name": "Neoplastic",
          "color": [
            255,
            0,
            0
          ]
        },
        "isLocked": false,
        "measurements": []
      }
    },
    {
      "type": "Feature",
      "id": "PathAnnotationObject",
      "geometry": {
        "type": "Polygon",
        "coordinates": [
          [
            [
              151.0608997194469,
              46.39010838997393
            ],
            [
              149.0203464308787,
              47.07029281949666
            ],
            [
              147.54661004064923,
              48.20393180556942
            ],
            [
              146.8664256111265,
              49.11084610806485
            ],
            [
              146.75305807994246,
              50.471214967110306
            ],
            [
              148.79361136851065,
              52.51176825567849
            ],
            [
              149.81388801279473,
              52.73849293925583
            ],
            [
              151.28762440302424,
              52.39840072449446
            ],
            [
              153.10145300801508,
              50.017755221164904
            ],
            [
              153.21481016040838,
              48.88411623509215
            ],
            [
              151.85444130136293,
              47.07029281949666
            ],
            [
              150.38071528992418,
              46.730200604735295
            ],
            [
              151.0608997194469,
              46.39010838997393
            ]
          ]
        ]
      },
      "properties": {
        "objectType": "annotation",
        "classification": {
          "name": "Inflammatory",
          "color": [
            0,
            0,
            255
          ]
        },
        "isLocked": false,
        "measurements": []
      }
    },
    {
      "type": "Feature",
      "id": "PathAnnotationObject",
      "geometry": {
        "type": "Polygon",
        "coordinates": [
          [
            [
              147.8867022554106,
              52.058308509733095
            ],
            [
              146.18624118160378,
              51.831583826155764
            ],
            [
              144.8258723225583,
              52.85186047043986
            ],
            [
              144.03232036185153,
              54.66568907543071
            ],
            [
              144.14568789303559,
              55.91269040329214
            ],
            [
              144.93923985374235,
              57.046334578760266
            ],
            [
              146.18624118160378,
              57.61315147709896
            ],
            [
              148.22679447017194,
              57.61315147709896
            ],
            [
              149.70053086040144,
              56.8195995163922
            ],
            [
              150.49407244231747,
              55.79932287210811
            ],
            [
              150.49407244231747,
              54.55232154424668
            ],
            [
              149.0203464308787,
              52.85186047043986
            ],
            [
              147.20651782588786,
              52.73849293925583
            ],
            [
              147.8867022554106,
              52.058308509733095
            ]
          ]
        ]
      },
      "properties": {
        "objectType": "annotation",
        "classification": {
          "name": "Inflammatory",
          "color": [
            0,
            0,
            255
          ]
        },
        "isLocked": false,
        "measurements": []
      }
    },
    {
      "type": "Feature",
      "id": "PathAnnotationObject",
      "geometry": {
        "type": "Polygon",
        "coordinates": [
          [
            [
              5.614788953976137,
              31.426050940473885
            ],
            [
              4.141057753142013,
              31.879510686419284
            ],
            [
              2.327234337546524,
              33.23987954546474
            ],
            [
              2.327234337546524,
              35.96061726355566
            ],
            [
              3.347510981830618,
              37.54771080617845
            ],
            [
              4.481149967903377,
              37.88780302093981
            ],
            [
              5.841518826948836,
              37.43435365378515
            ],
            [
              7.201887685994294,
              36.18734194713299
            ],
            [
              7.541979900755659,
              35.0537081504556
            ],
            [
              6.7484331294442645,
              31.992878217603316
            ],
            [
              4.821242182664743,
              30.745866510951156
            ],
            [
              5.614788953976137,
              31.426050940473885
            ]
          ]
        ]
      },
      "properties": {
        "objectType": "annotation",
        "classification": {
          "name": "Inflammatory",
          "color": [
            0,
            0,
            255
          ]
        },
        "isLocked": false,
        "measurements": []
      }
    },
    {
      "type": "Feature",
      "id": "PathAnnotationObject",
      "geometry": {
        "type": "Polygon",
        "coordinates": [
          [
            [
              12.870092995148827,
              33.92006397498747
            ],
            [
              9.922630593480578,
              34.1467886585648
            ],
            [
              8.222169519673756,
              35.39380036521696
            ],
            [
              8.108801988489724,
              37.20761859141709
            ],
            [
              8.902353949196485,
              38.45463029806925
            ],
            [
              11.509724136103369,
              39.02144719640794
            ],
            [
              13.436909893487524,
              38.11453808330788
            ],
            [
              14.343829385378319,
              37.09426143902378
            ],
            [
              14.570554068955651,
              35.1670653028489
            ],
            [
              13.777002108248888,
              34.0334315061715
            ],
            [
              12.189908565626098,
              33.466604229042076
            ],
            [
              12.870092995148827,
              33.92006397498747
            ]
          ]
        ]
      },
      "properties": {
        "objectType": "annotation",
        "classification": {
          "name": "Inflammatory",
          "color": [
            0,
            0,
            255
          ]
        },
        "isLocked": false,
        "measurements": []
      }
    }
  ]
}